2024-10-04,臺股期貨,自營商,-424,4371,5502,-1131,-5041090
2024-10-04,臺股期貨,投信,-259,31397,6766,24631,109795145
2024-10-04,臺股期貨,外資及陸資,2392,22503,59503,-37000,-164935598
2024-10-04,電子期貨,自營商,31,182,117,65,309805
2024-10-04,電子期貨,投信,10,218,10,208,991286
2024-10-04,電子期貨,外資及陸資,-35,392,820,-428,-2039766
2024-10-04,金融期貨,自營商,1,334,27,307,635351
2024-10-04,金融期貨,投信,0,11,0,11,22766
2024-10-04,金融期貨,外資及陸資,3,345,766,-421,-871302
2024-10-04,股票期貨,自營商,-1595,52328,175905,-123577,-22372651
2024-10-04,股票期貨,投信,0,5972,688,5284,2441001
2024-10-04,股票期貨,外資及陸資,-1597,97875,358055,-260180,-81915005
2024-10-04,美國標普500期貨,自營商,0,0,61,-61,-70211
2024-10-04,美國標普500期貨,投信,0,0,0,0,0
2024-10-04,美國標普500期貨,外資及陸資,-7,106,118,-12,-13913
2024-10-04,美國那斯達克100期貨,自營商,2,119,705,-586,-587201
2024-10-04,美國那斯達克100期貨,投信,0,1,0,1,1002
2024-10-04,美國那斯達克100期貨,外資及陸資,74,9,1429,-1420,-1423034
2024-10-04,美國道瓊期貨,自營商,-53,53,30,23,19470
2024-10-04,美國道瓊期貨,投信,0,4,0,4,3386
2024-10-04,美國道瓊期貨,外資及陸資,1,422,41,381,322470
2024-10-04,美國費城半導體期貨,自營商,78,275,21,254,105091
2024-10-04,美國費城半導體期貨,投信,0,17,0,17,7040
2024-10-04,美國費城半導體期貨,外資及陸資,14,63,775,-712,-294794
2024-10-07,臺股期貨,自營商,865,5420,5773,-353,-1607553
2024-10-07,臺股期貨,投信,644,31762,6487,25275,115087222
2024-10-07,臺股期貨,外資及陸資,-4982,21579,63725,-42146,-191913910
2024-10-07,電子期貨,自營商,-21,192,148,44,215408
2024-10-07,電子期貨,投信,-7,211,10,201,983895
2024-10-07,電子期貨,外資及陸資,47,433,814,-381,-1864999
2024-10-07,金融期貨,自營商,-12,328,33,295,617537
2024-10-07,金融期貨,投信,0,11,0,11,23027
2024-10-07,金融期貨,外資及陸資,-26,329,776,-447,-935749
2024-10-07,股票期貨,自營商,-5545,53444,182566,-129122,-25771307
2024-10-07,股票期貨,投信,0,5972,688,5284,2470655
2024-10-07,股票期貨,外資及陸資,9453,107171,357898,-250727,-80278121
2024-10-07,美國標普500期貨,自營商,0,0,61,-61,-70739
2024-10-07,美國標普500期貨,投信,0,0,0,0,0
2024-10-07,美國標普500期貨,外資及陸資,-125,15,152,-137,-158932
2024-10-07,美國那斯達克100期貨,自營商,-26,124,736,-612,-618794
2024-10-07,美國那斯達克100期貨,投信,0,1,0,1,1011
2024-10-07,美國那斯達克100期貨,外資及陸資,-293,3,1716,-1713,-1732079
2024-10-07,美國道瓊期貨,自營商,-2,21,0,21,17901
2024-10-07,美國道瓊期貨,投信,0,4,0,4,3410
2024-10-07,美國道瓊期貨,外資及陸資,0,419,38,381,324893
2024-10-07,美國費城半導體期貨,自營商,-17,261,24,237,99238
2024-10-07,美國費城半導體期貨,投信,0,17,0,17,7126
2024-10-07,美國費城半導體期貨,外資及陸資,-8,54,774,-720,-301783
2024-10-08,臺股期貨,自營商,324,5228,5220,8,35413
2024-10-08,臺股期貨,投信,133,31884,6476,25408,114732508
2024-10-08,臺股期貨,外資及陸資,1056,19156,60246,-41090,-185554947
2024-10-08,電子期貨,自營商,-54,180,190,-10,-48675
2024-10-08,電子期貨,投信,22,233,10,223,1085876
2024-10-08,電子期貨,外資及陸資,51,453,783,-330,-1606905
2024-10-08,金融期貨,自營商,-25,312,42,270,560191
2024-10-08,金融期貨,投信,-2,9,0,9,18673
2024-10-08,金融期貨,外資及陸資,29,351,769,-418,-867266
2024-10-08,股票期貨,自營商,3142,55361,181341,-125980,-25344660
2024-10-08,股票期貨,投信,-2424,3025,165,2860,1204032
2024-10-08,股票期貨,外資及陸資,720,105864,355871,-250007,-78521702
2024-10-08,美國標普500期貨,自營商,0,0,61,-61,-70196
2024-10-08,美國標普500期貨,投信,0,0,0,0,0
2024-10-08,美國標普500期貨,外資及陸資,-2,11,150,-139,-160015
2024-10-08,美國那斯達克100期貨,自營商,-50,126,788,-662,-662298
2024-10-08,美國那斯達克100期貨,投信,0,1,0,1,1000
2024-10-08,美國那斯達克100期貨,外資及陸資,0,4,1717,-1713,-1713728
2024-10-08,美國道瓊期貨,自營商,-1,20,0,20,16892
2024-10-08,美國道瓊期貨,投信,0,4,0,4,3378
2024-10-08,美國道瓊期貨,外資及陸資,-116,402,137,265,223958
2024-10-08,美國費城半導體期貨,自營商,0,248,11,237,99141
2024-10-08,美國費城半導體期貨,投信,0,17,0,17,7116
2024-10-08,美國費城半導體期貨,外資及陸資,15,52,757,-705,-295111
2024-10-09,臺股期貨,自營商,-728,4737,5357,-620,-2814324
2024-10-09,臺股期貨,投信,114,31862,6340,25522,115865028
2024-10-09,臺股期貨,外資及陸資,409,20073,60523,-40450,-183643430
2024-10-09,電子期貨,自營商,23,202,185,17,83781
2024-10-09,電子期貨,投信,1,234,10,224,1103514
2024-10-09,電子期貨,外資及陸資,-31,403,764,-361,-1778436
2024-10-09,金融期貨,自營商,33,320,46,274,566896
2024-10-09,金融期貨,投信,0,9,0,9,18621
2024-10-09,金融期貨,外資及陸資,-16,335,769,-434,-897946
2024-10-09,股票期貨,自營商,4233,58563,180310,-121747,-25301782
2024-10-09,股票期貨,投信,240,3100,0,3100,1483321
2024-10-09,股票期貨,外資及陸資,-982,108986,359975,-250989,-79209084
2024-10-09,美國標普500期貨,自營商,0,0,61,-61,-70699
2024-10-09,美國標普500期貨,投信,0,0,0,0,0
2024-10-09,美國標普500期貨,外資及陸資,6,11,144,-133,-154208
2024-10-09,美國那斯達克100期貨,自營商,-92,25,779,-754,-763500
2024-10-09,美國那斯達克100期貨,投信,0,1,0,1,1013
2024-10-09,美國那斯達克100期貨,外資及陸資,234,10,1489,-1479,-1497612
2024-10-09,美國道瓊期貨,自營商,0,20,0,20,16934
2024-10-09,美國道瓊期貨,投信,0,4,0,4,3387
2024-10-09,美國道瓊期貨,外資及陸資,15,411,131,280,237249
2024-10-09,美國費城半導體期貨,自營商,36,282,9,273,115714
2024-10-09,美國費城半導體期貨,投信,0,17,0,17,7208
2024-10-09,美國費城半導體期貨,外資及陸資,-71,60,836,-776,-328999
2024-10-11,臺股期貨,自營商,-35,4949,5642,-693,-3181107
2024-10-11,臺股期貨,投信,40,31732,6170,25562,117135534
2024-10-11,臺股期貨,外資及陸資,-1468,23024,64873,-41849,-191759309
2024-10-11,電子期貨,自營商,-12,215,210,5,25041
2024-10-11,電子期貨,投信,-20,214,10,204,1018276
2024-10-11,電子期貨,外資及陸資,0,378,739,-361,-1801903
2024-10-11,金融期貨,自營商,6,328,48,280,580622
2024-10-11,金融期貨,投信,0,9,0,9,18664
2024-10-11,金融期貨,外資及陸資,13,346,767,-421,-873034
2024-10-11,股票期貨,自營商,1741,60263,180269,-120006,-26698786
2024-10-11,股票期貨,投信,276,3376,0,3376,1593165
2024-10-11,股票期貨,外資及陸資,2731,107586,355844,-248258,-79908182
2024-10-11,美國標普500期貨,自營商,-1,0,62,-62,-72379
2024-10-11,美國標普500期貨,投信,0,0,0,0,0
2024-10-11,美國標普500期貨,外資及陸資,1,1,133,-132,-154138
2024-10-11,美國那斯達克100期貨,自營商,0,20,774,-754,-770437
2024-10-11,美國那斯達克100期貨,投信,0,1,0,1,1022
2024-10-11,美國那斯達克100期貨,外資及陸資,135,16,1360,-1344,-1373149
2024-10-11,美國道瓊期貨,自營商,-20,20,20,0,0
2024-10-11,美國道瓊期貨,投信,0,4,0,4,3420
2024-10-11,美國道瓊期貨,外資及陸資,257,558,21,537,459347
2024-10-11,美國費城半導體期貨,自營商,-11,282,20,262,112114
2024-10-11,美國費城半導體期貨,投信,0,17,0,17,7280
2024-10-11,美國費城半導體期貨,外資及陸資,-13,55,844,-789,-337844
2024-10-14,臺股期貨,自營商,-746,4249,5600,-1351,-6228984
2024-10-14,臺股期貨,投信,-30,31574,6042,25532,117627209
2024-10-14,臺股期貨,外資及陸資,2778,24855,63926,-39071,-179901691
2024-10-14,電子期貨,自營商,8,209,194,15,74888
2024-10-14,電子期貨,投信,0,214,10,204,1024879
2024-10-14,電子期貨,外資及陸資,32,392,721,-329,-1651521
2024-10-14,金融期貨,自營商,-9,316,45,271,563414
2024-10-14,金融期貨,投信,0,9,0,9,18707
2024-10-14,金融期貨,外資及陸資,4,348,765,-417,-866917
2024-10-14,股票期貨,自營商,-362,62475,182843,-120368,-27650574
2024-10-14,股票期貨,投信,803,4179,0,4179,1864962
2024-10-14,股票期貨,外資及陸資,3465,112048,356841,-244793,-79740791
2024-10-14,美國標普500期貨,自營商,0,0,62,-62,-72683
2024-10-14,美國標普500期貨,投信,0,0,0,0,0
2024-10-14,美國標普500期貨,外資及陸資,-4,19,155,-136,-159483
2024-10-14,美國那斯達克100期貨,自營商,0,20,774,-754,-770777
2024-10-14,美國那斯達克100期貨,投信,0,1,0,1,1022
2024-10-14,美國那斯達克100期貨,外資及陸資,-99,81,1524,-1443,-1475048
2024-10-14,美國道瓊期貨,自營商,0,20,20,0,0
2024-10-14,美國道瓊期貨,投信,0,4,0,4,3448
2024-10-14,美國道瓊期貨,外資及陸資,147,686,2,684,590062
2024-10-14,美國費城半導體期貨,自營商,140,419,17,402,172314
2024-10-14,美國費城半導體期貨,投信,0,17,0,17,7290
2024-10-14,美國費城半導體期貨,外資及陸資,1,53,841,-788,-337869
2024-10-15,臺股期貨,自營商,-751,4294,6558,-2264,-10538916
2024-10-15,臺股期貨,投信,64,31465,5869,25596,119181730
2024-10-15,臺股期貨,外資及陸資,-78,26468,65517,-39049,-181687451
2024-10-15,電子期貨,自營商,-17,218,208,10,49624
2024-10-15,電子期貨,投信,0,214,10,204,1040246
2024-10-15,電子期貨,外資及陸資,-8,418,755,-337,-1716102
2024-10-15,金融期貨,自營商,5,318,42,276,579251
2024-10-15,金融期貨,投信,0,9,0,9,18947
2024-10-15,金融期貨,外資及陸資,14,358,761,-403,-846070
2024-10-15,股票期貨,自營商,2267,62002,180103,-118101,-28478749
2024-10-15,股票期貨,投信,-45,4134,0,4134,1836927
2024-10-15,股票期貨,外資及陸資,14800,115952,345945,-229993,-76806698
2024-10-15,美國標普500期貨,自營商,-9,0,71,-71,-84007
2024-10-15,美國標普500期貨,投信,0,0,0,0,0
2024-10-15,美國標普500期貨,外資及陸資,-2,60,198,-138,-163352
2024-10-15,美國那斯達克100期貨,自營商,8,25,771,-746,-769574
2024-10-15,美國那斯達克100期貨,投信,0,1,0,1,1032
2024-10-15,美國那斯達克100期貨,外資及陸資,12,169,1600,-1431,-1476132
2024-10-15,美國道瓊期貨,自營商,-9,20,29,-9,-7808
2024-10-15,美國道瓊期貨,投信,0,4,0,4,3470
2024-10-15,美國道瓊期貨,外資及陸資,29,746,33,713,618986
2024-10-15,美國費城半導體期貨,自營商,65,492,25,467,204485
2024-10-15,美國費城半導體期貨,投信,0,17,0,17,7448
2024-10-15,美國費城半導體期貨,外資及陸資,-55,58,901,-843,-369298
2024-10-16,臺股期貨,自營商,1742,3490,4962,-1472,-6790878
2024-10-16,臺股期貨,投信,-748,28686,6046,22640,104420208
2024-10-16,臺股期貨,外資及陸資,-1744,21018,53335,-32317,-149056710
2024-10-16,電子期貨,自營商,2,49,123,-74,-373123
2024-10-16,電子期貨,投信,2,206,0,206,1038693
2024-10-16,電子期貨,外資及陸資,-12,430,664,-234,-1179875
2024-10-16,金融期貨,自營商,55,76,39,37,77354
2024-10-16,金融期貨,投信,1,10,0,10,20906
2024-10-16,金融期貨,外資及陸資,-23,318,602,-284,-593730
2024-10-16,股票期貨,自營商,-11067,38094,141778,-103684,-29541001
2024-10-16,股票期貨,投信,346,2747,0,2747,1372785
2024-10-16,股票期貨,外資及陸資,1211,76311,259735,-183424,-68078763
2024-10-16,美國標普500期貨,自營商,-10,0,81,-81,-94952
2024-10-16,美國標普500期貨,投信,0,0,0,0,0
2024-10-16,美國標普500期貨,外資及陸資,12,59,185,-126,-147816
2024-10-16,美國那斯達克100期貨,自營商,-7,20,773,-753,-768437
2024-10-16,美國那斯達克100期貨,投信,0,1,0,1,1021
2024-10-16,美國那斯達克100期貨,外資及陸資,73,168,1526,-1358,-1385703
2024-10-16,美國道瓊期貨,自營商,29,20,0,20,17206
2024-10-16,美國道瓊期貨,投信,0,4,0,4,3441
2024-10-16,美國道瓊期貨,外資及陸資,-227,647,161,486,418502
2024-10-16,美國費城半導體期貨,自營商,-108,423,64,359,150255
2024-10-16,美國費城半導體期貨,投信,0,17,0,17,7126
2024-10-16,美國費城半導體期貨,外資及陸資,-128,31,1002,-971,-406949
2024-10-17,臺股期貨,自營商,-652,3636,5855,-2219,-10321330
2024-10-17,臺股期貨,投信,501,29078,5937,23141,107633420
2024-10-17,臺股期貨,外資及陸資,-1921,17962,52378,-34416,-160082101
2024-10-17,電子期貨,自營商,-23,45,143,-98,-498034
2024-10-17,電子期貨,投信,66,272,0,272,1382304
2024-10-17,電子期貨,外資及陸資,-41,418,693,-275,-1397550
2024-10-17,金融期貨,自營商,-9,89,61,28,59192
2024-10-17,金融期貨,投信,0,10,0,10,21140
2024-10-17,金融期貨,外資及陸資,-17,330,631,-301,-636314
2024-10-17,股票期貨,自營商,-17676,38671,160031,-121360,-35168178
2024-10-17,股票期貨,投信,24,2771,0,2771,1402300
2024-10-17,股票期貨,外資及陸資,-3247,79089,265760,-186671,-73151944
2024-10-17,美國標普500期貨,自營商,0,0,81,-81,-95203
2024-10-17,美國標普500期貨,投信,0,0,0,0,0
2024-10-17,美國標普500期貨,外資及陸資,-1,57,184,-127,-149365
2024-10-17,美國那斯達克100期貨,自營商,20,33,766,-733,-745864
2024-10-17,美國那斯達克100期貨,投信,0,1,0,1,1018
2024-10-17,美國那斯達克100期貨,外資及陸資,-298,170,1826,-1656,-1685075
2024-10-17,美國道瓊期貨,自營商,-37,23,40,-17,-14730
2024-10-17,美國道瓊期貨,投信,0,4,0,4,3466
2024-10-17,美國道瓊期貨,外資及陸資,148,642,8,634,550119
2024-10-17,美國費城半導體期貨,自營商,-101,351,93,258,107329
2024-10-17,美國費城半導體期貨,投信,0,17,0,17,7086
2024-10-17,美國費城半導體期貨,外資及陸資,-35,31,1037,-1006,-419310
2024-10-18,臺股期貨,自營商,-2143,3987,8363,-4376,-20706019
2024-10-18,臺股期貨,投信,416,29339,5782,23557,111457590
2024-10-18,臺股期貨,外資及陸資,5797,22163,50922,-28759,-136075601
2024-10-18,電子期貨,自營商,10,74,161,-87,-450766
2024-10-18,電子期貨,投信,2,274,0,274,1419649
2024-10-18,電子期貨,外資及陸資,-6,418,699,-281,-1455917
2024-10-18,金融期貨,自營商,-29,88,89,-1,-2140
2024-10-18,金融期貨,投信,0,10,0,10,21400
2024-10-18,金融期貨,外資及陸資,41,382,642,-260,-556400
2024-10-18,股票期貨,自營商,-9510,39548,170418,-130870,-38825812
2024-10-18,股票期貨,投信,900,3671,0,3671,1750810
2024-10-18,股票期貨,外資及陸資,2810,83738,267599,-183861,-68774054
2024-10-18,美國標普500期貨,自營商,-9,0,90,-90,-106038
2024-10-18,美國標普500期貨,投信,0,0,0,0,0
2024-10-18,美國標普500期貨,外資及陸資,13,46,160,-114,-134409
2024-10-18,美國那斯達克100期貨,自營商,-28,0,761,-761,-776867
2024-10-18,美國那斯達克100期貨,投信,0,1,0,1,1021
2024-10-18,美國那斯達克100期貨,外資及陸資,-56,155,1867,-1712,-1747906
2024-10-18,美國道瓊期貨,自營商,0,23,40,-17,-14781
2024-10-18,美國道瓊期貨,投信,0,4,0,4,3478
2024-10-18,美國道瓊期貨,外資及陸資,5,647,8,639,556450
2024-10-18,美國費城半導體期貨,自營商,-71,231,44,187,78257
2024-10-18,美國費城半導體期貨,投信,0,17,0,17,7129
2024-10-18,美國費城半導體期貨,外資及陸資,78,81,1009,-928,-389150
2024-10-21,臺股期貨,自營商,1339,4824,7924,-3100,-14617867
2024-10-21,臺股期貨,投信,-733,28568,5744,22824,107610595
2024-10-21,臺股期貨,外資及陸資,-4544,19482,53061,-33579,-158324659
2024-10-21,電子期貨,自營商,-3,58,148,-90,-466580
2024-10-21,電子期貨,投信,10,284,0,284,1472313
2024-10-21,電子期貨,外資及陸資,-42,415,738,-323,-1674497
2024-10-21,金融期貨,自營商,14,86,73,13,27334
2024-10-21,金融期貨,投信,0,10,0,10,21026
2024-10-21,金融期貨,外資及陸資,-152,293,705,-412,-866271
2024-10-21,股票期貨,自營商,-3490,40763,175123,-134360,-40466376
2024-10-21,股票期貨,投信,30,3701,0,3701,1872715
2024-10-21,股票期貨,外資及陸資,-1517,86267,271645,-185378,-69750861
2024-10-21,美國標普500期貨,自營商,-1,0,91,-91,-107617
2024-10-21,美國標普500期貨,投信,0,0,0,0,0
2024-10-21,美國標普500期貨,外資及陸資,7,46,153,-107,-126633
2024-10-21,美國那斯達克100期貨,自營商,2,0,759,-759,-776647
2024-10-21,美國那斯達克100期貨,投信,0,1,0,1,1023
2024-10-21,美國那斯達克100期貨,外資及陸資,179,152,1685,-1533,-1568803
2024-10-21,美國道瓊期貨,自營商,0,23,40,-17,-14800
2024-10-21,美國道瓊期貨,投信,0,4,0,4,3482
2024-10-21,美國道瓊期貨,外資及陸資,16,661,6,655,571175
2024-10-21,美國費城半導體期貨,自營商,-37,182,32,150,62648
2024-10-21,美國費城半導體期貨,投信,0,17,0,17,7113
2024-10-21,美國費城半導體期貨,外資及陸資,-22,60,1010,-950,-397594
2024-10-22,臺股期貨,自營商,952,5436,7578,-2142,-10123106
2024-10-22,臺股期貨,投信,143,28732,5765,22967,108500701
2024-10-22,臺股期貨,外資及陸資,-152,17230,52135,-34905,-164907079
2024-10-22,電子期貨,自營商,1,57,145,-88,-456262
2024-10-22,電子期貨,投信,-17,267,0,267,1384342
2024-10-22,電子期貨,外資及陸資,-26,423,772,-349,-1809496
2024-10-22,金融期貨,自營商,7,95,75,20,42352
2024-10-22,金融期貨,投信,0,10,0,10,21176
2024-10-22,金融期貨,外資及陸資,29,329,712,-383,-811041
2024-10-22,股票期貨,自營商,-207,41260,175827,-134567,-40834363
2024-10-22,股票期貨,投信,614,4315,0,4315,2184638
2024-10-22,股票期貨,外資及陸資,-6166,88394,279938,-191544,-71535540
2024-10-22,美國標普500期貨,自營商,10,0,81,-81,-95471
2024-10-22,美國標普500期貨,投信,0,0,0,0,0
2024-10-22,美國標普500期貨,外資及陸資,-16,45,168,-123,-145058
2024-10-22,美國那斯達克100期貨,自營商,0,0,759,-759,-777330
2024-10-22,美國那斯達克100期貨,投信,0,1,0,1,1024
2024-10-22,美國那斯達克100期貨,外資及陸資,135,163,1561,-1398,-1431887
2024-10-22,美國道瓊期貨,自營商,40,23,0,23,19850
2024-10-22,美國道瓊期貨,投信,0,4,0,4,3452
2024-10-22,美國道瓊期貨,外資及陸資,-258,567,170,397,343323
2024-10-22,美國費城半導體期貨,自營商,21,199,28,171,71236
2024-10-22,美國費城半導體期貨,投信,0,17,0,17,7095
2024-10-22,美國費城半導體期貨,外資及陸資,13,68,1005,-937,-391086
2024-10-23,臺股期貨,自營商,1245,6106,7000,-894,-4189450
2024-10-23,臺股期貨,投信,-432,28289,5754,22535,105504363
2024-10-23,臺股期貨,外資及陸資,-812,16406,52501,-36095,-168999974
2024-10-23,電子期貨,自營商,2,59,144,-85,-436577
2024-10-23,電子期貨,投信,-23,264,20,244,1253233
2024-10-23,電子期貨,外資及陸資,4,418,763,-345,-1771989
2024-10-23,金融期貨,自營商,4,61,79,-18,-37785
2024-10-23,金融期貨,投信,0,10,0,10,20992
2024-10-23,金融期貨,外資及陸資,-38,316,737,-421,-883763
2024-10-23,股票期貨,自營商,-1697,41773,178037,-136264,-40889787
2024-10-23,股票期貨,投信,0,4315,0,4315,2188148
2024-10-23,股票期貨,外資及陸資,-7512,87016,286072,-199056,-73060942
2024-10-23,美國標普500期貨,自營商,0,0,81,-81,-95454
2024-10-23,美國標普500期貨,投信,0,0,0,0,0
2024-10-23,美國標普500期貨,外資及陸資,-11,45,179,-134,-157997
2024-10-23,美國那斯達克100期貨,自營商,0,0,759,-759,-778772
2024-10-23,美國那斯達克100期貨,投信,0,1,0,1,1026
2024-10-23,美國那斯達克100期貨,外資及陸資,123,166,1441,-1275,-1308336
2024-10-23,美國道瓊期貨,自營商,0,23,0,23,19815
2024-10-23,美國道瓊期貨,投信,0,4,0,4,3446
2024-10-23,美國道瓊期貨,外資及陸資,-29,541,173,368,317695
2024-10-23,美國費城半導體期貨,自營商,-18,188,35,153,63867
2024-10-23,美國費城半導體期貨,投信,0,17,0,17,7113
2024-10-23,美國費城半導體期貨,外資及陸資,23,80,994,-914,-382452
2024-10-24,臺股期貨,自營商,549,6714,7092,-378,-1764868
2024-10-24,臺股期貨,投信,-475,27953,5893,22060,102755480
2024-10-24,臺股期貨,外資及陸資,518,15510,51021,-35511,-165421972
2024-10-24,電子期貨,自營商,21,91,155,-64,-326676
2024-10-24,電子期貨,投信,-6,258,20,238,1214847
2024-10-24,電子期貨,外資及陸資,2,424,767,-343,-1750809
2024-10-24,金融期貨,自營商,2,64,80,-16,-33412
2024-10-24,金融期貨,投信,0,10,0,10,20882
2024-10-24,金融期貨,外資及陸資,12,327,736,-409,-854074
2024-10-24,股票期貨,自營商,2649,44662,178277,-133615,-39552276
2024-10-24,股票期貨,投信,0,4315,0,4315,2118962
2024-10-24,股票期貨,外資及陸資,-5330,87507,291893,-204386,-71445207
2024-10-24,美國標普500期貨,自營商,0,0,81,-81,-94863
2024-10-24,美國標普500期貨,投信,0,0,0,0,0
2024-10-24,美國標普500期貨,外資及陸資,-27,45,206,-161,-188639
2024-10-24,美國那斯達克100期貨,自營商,-31,0,790,-790,-803351
2024-10-24,美國那斯達克100期貨,投信,0,1,0,1,1017
2024-10-24,美國那斯達克100期貨,外資及陸資,-81,154,1510,-1356,-1379168
2024-10-24,美國道瓊期貨,自營商,-8,23,8,15,12806
2024-10-24,美國道瓊期貨,投信,0,4,0,4,3415
2024-10-24,美國道瓊期貨,外資及陸資,-239,258,129,129,110800
2024-10-24,美國費城半導體期貨,自營商,-85,107,39,68,28181
2024-10-24,美國費城半導體期貨,投信,0,17,0,17,7084
2024-10-24,美國費城半導體期貨,外資及陸資,189,218,943,-725,-302126
2024-10-25,臺股期貨,自營商,-293,6286,6955,-669,-3143684
2024-10-25,臺股期貨,投信,343,28197,5794,22403,105186565
2024-10-25,臺股期貨,外資及陸資,-2074,15950,53442,-37492,-176043727
2024-10-25,電子期貨,自營商,10,98,152,-54,-278347
2024-10-25,電子期貨,投信,0,258,20,238,1226700
2024-10-25,電子期貨,外資及陸資,-9,419,771,-352,-1814278
2024-10-25,金融期貨,自營商,-4,57,77,-20,-41972
2024-10-25,金融期貨,投信,0,10,0,10,20986
2024-10-25,金融期貨,外資及陸資,34,316,691,-375,-786975
2024-10-25,股票期貨,自營商,-3686,45021,182322,-137301,-41103480
2024-10-25,股票期貨,投信,-400,4315,400,3915,2035669
2024-10-25,股票期貨,外資及陸資,1690,92202,294898,-202696,-70916548
2024-10-25,美國標普500期貨,自營商,0,0,81,-81,-94778
2024-10-25,美國標普500期貨,投信,0,0,0,0,0
2024-10-25,美國標普500期貨,外資及陸資,-3,46,210,-164,-191970
2024-10-25,美國那斯達克100期貨,自營商,92,20,718,-698,-711855
2024-10-25,美國那斯達克100期貨,投信,0,1,0,1,1020
2024-10-25,美國那斯達克100期貨,外資及陸資,-78,158,1592,-1434,-1462758
2024-10-25,美國道瓊期貨,自營商,0,23,8,15,12780
2024-10-25,美國道瓊期貨,投信,0,4,0,4,3408
2024-10-25,美國道瓊期貨,外資及陸資,-99,203,173,30,26088
2024-10-25,美國費城半導體期貨,自營商,64,162,30,132,54836
2024-10-25,美國費城半導體期貨,投信,0,17,0,17,7078
2024-10-25,美國費城半導體期貨,外資及陸資,-115,226,1066,-840,-349673
2024-10-28,臺股期貨,自營商,386,6841,7084,-243,-1135220
2024-10-28,臺股期貨,投信,-103,28137,5837,22300,104016120
2024-10-28,臺股期貨,外資及陸資,-1205,14951,55293,-40342,-188185689
2024-10-28,電子期貨,自營商,12,119,161,-42,-214503
2024-10-28,電子期貨,投信,-10,258,30,228,1164533
2024-10-28,電子期貨,外資及陸資,-12,419,783,-364,-1859167
2024-10-28,金融期貨,自營商,-8,51,79,-28,-58710
2024-10-28,金融期貨,投信,0,10,0,10,20968
2024-10-28,金融期貨,外資及陸資,-38,292,705,-413,-865978
2024-10-28,股票期貨,自營商,-4834,45181,187316,-142135,-41667048
2024-10-28,股票期貨,投信,-282,4433,800,3633,2188888
2024-10-28,股票期貨,外資及陸資,1786,92136,293046,-200910,-69401673
2024-10-28,美國標普500期貨,自營商,0,0,81,-81,-95216
2024-10-28,美國標普500期貨,投信,0,0,0,0,0
2024-10-28,美國標普500期貨,外資及陸資,-6,39,209,-170,-199899
2024-10-28,美國那斯達克100期貨,自營商,59,15,654,-639,-659320
2024-10-28,美國那斯達克100期貨,投信,0,1,0,1,1032
2024-10-28,美國那斯達克100期貨,外資及陸資,78,175,1531,-1356,-1399197
2024-10-28,美國道瓊期貨,自營商,3,23,5,18,15309
2024-10-28,美國道瓊期貨,投信,0,4,0,4,3402
2024-10-28,美國道瓊期貨,外資及陸資,-86,208,264,-56,-47199
2024-10-28,美國費城半導體期貨,自營商,-33,127,28,99,41702
2024-10-28,美國費城半導體期貨,投信,0,17,0,17,7184
2024-10-28,美國費城半導體期貨,外資及陸資,61,266,1045,-779,-329094
2024-10-29,臺股期貨,自營商,968,7913,7172,741,3404129
2024-10-29,臺股期貨,投信,355,28785,6130,22655,104117849
2024-10-29,臺股期貨,外資及陸資,-754,14455,55329,-40874,-187862249
2024-10-29,電子期貨,自營商,11,124,155,-31,-155745
2024-10-29,電子期貨,投信,17,245,0,245,1230929
2024-10-29,電子期貨,外資及陸資,-25,414,803,-389,-1954414
2024-10-29,金融期貨,自營商,9,48,67,-19,-39596
2024-10-29,金融期貨,投信,0,10,0,10,20840
2024-10-29,金融期貨,外資及陸資,18,314,709,-395,-823180
2024-10-29,股票期貨,自營商,4009,48055,186181,-138126,-40108599
2024-10-29,股票期貨,投信,-1,4433,801,3632,2123309
2024-10-29,股票期貨,外資及陸資,-3123,92093,296126,-204033,-68259453
2024-10-29,美國標普500期貨,自營商,0,0,81,-81,-94956
2024-10-29,美國標普500期貨,投信,0,0,0,0,0
2024-10-29,美國標普500期貨,外資及陸資,0,38,208,-170,-199355
2024-10-29,美國那斯達克100期貨,自營商,71,30,598,-568,-582796
2024-10-29,美國那斯達克100期貨,投信,0,1,0,1,1026
2024-10-29,美國那斯達克100期貨,外資及陸資,-89,177,1622,-1445,-1482884
2024-10-29,美國道瓊期貨,自營商,1,23,4,19,16184
2024-10-29,美國道瓊期貨,投信,0,4,0,4,3407
2024-10-29,美國道瓊期貨,外資及陸資,151,206,111,95,81485
2024-10-29,美國費城半導體期貨,自營商,-1,142,44,98,40879
2024-10-29,美國費城半導體期貨,投信,0,17,0,17,7122
2024-10-29,美國費城半導體期貨,外資及陸資,45,262,996,-734,-307466
2024-10-30,臺股期貨,自營商,-1107,6996,7393,-397,-1819124
2024-10-30,臺股期貨,投信,164,28952,6133,22819,104517700
2024-10-30,臺股期貨,外資及陸資,1820,15606,54381,-38775,-177616733
2024-10-30,電子期貨,自營商,-7,103,153,-50,-249819
2024-10-30,電子期貨,投信,0,245,0,245,1224167
2024-10-30,電子期貨,外資及陸資,21,411,779,-368,-1838748
2024-10-30,金融期貨,自營商,-11,50,80,-30,-62412
2024-10-30,金融期貨,投信,0,10,0,10,20804
2024-10-30,金融期貨,外資及陸資,6,303,692,-389,-809276
2024-10-30,股票期貨,自營商,1223,50607,187510,-136903,-39263850
2024-10-30,股票期貨,投信,0,4433,801,3632,2154930
2024-10-30,股票期貨,外資及陸資,-1130,95683,300846,-205163,-68191348
2024-10-30,美國標普500期貨,自營商,0,0,81,-81,-95276
2024-10-30,美國標普500期貨,投信,0,0,0,0,0
2024-10-30,美國標普500期貨,外資及陸資,2,39,207,-168,-197673
2024-10-30,美國那斯達克100期貨,自營商,9,40,599,-559,-579431
2024-10-30,美國那斯達克100期貨,投信,0,1,0,1,1037
2024-10-30,美國那斯達克100期貨,外資及陸資,139,181,1487,-1306,-1353709
2024-10-30,美國道瓊期貨,自營商,-27,23,31,-8,-6796
2024-10-30,美國道瓊期貨,投信,0,4,0,4,3398
2024-10-30,美國道瓊期貨,外資及陸資,-79,211,195,16,14179
2024-10-30,美國費城半導體期貨,自營商,-12,135,49,86,36297
2024-10-30,美國費城半導體期貨,投信,0,17,0,17,7215
2024-10-30,美國費城半導體期貨,外資及陸資,38,314,1010,-696,-295398
2024-11-01,臺股期貨,自營商,300,6778,6890,-112,-502677
2024-11-01,臺股期貨,投信,863,29781,6099,23682,107838229
2024-11-01,臺股期貨,外資及陸資,-666,14375,53651,-39276,-178875450
2024-11-01,電子期貨,自營商,-5,103,158,-55,-273108
2024-11-01,電子期貨,投信,4,249,0,249,1236434
2024-11-01,電子期貨,外資及陸資,4,458,822,-364,-1807478
2024-11-01,金融期貨,自營商,7,86,109,-23,-47428
2024-11-01,金融期貨,投信,0,10,0,10,20616
2024-11-01,金融期貨,外資及陸資,11,336,714,-378,-779284
2024-11-01,股票期貨,自營商,-3262,53038,193203,-140165,-39358411
2024-11-01,股票期貨,投信,0,4433,801,3632,2104537
2024-11-01,股票期貨,外資及陸資,-7624,99302,312089,-212787,-69138541
2024-11-01,美國標普500期貨,自營商,0,0,81,-81,-93227
2024-11-01,美國標普500期貨,投信,0,0,0,0,0
2024-11-01,美國標普500期貨,外資及陸資,-24,22,214,-192,-221073
2024-11-01,美國那斯達克100期貨,自營商,-187,30,776,-746,-751184
2024-11-01,美國那斯達克100期貨,投信,0,1,0,1,1007
2024-11-01,美國那斯達克100期貨,外資及陸資,-172,181,1659,-1478,-1487980
2024-11-01,美國道瓊期貨,自營商,-13,23,44,-21,-17661
2024-11-01,美國道瓊期貨,投信,0,4,0,4,3364
2024-11-01,美國道瓊期貨,外資及陸資,-85,172,241,-69,-57434
2024-11-01,美國費城半導體期貨,自營商,40,146,20,126,51026
2024-11-01,美國費城半導體期貨,投信,0,17,0,17,6850
2024-11-01,美國費城半導體期貨,外資及陸資,-163,275,1134,-859,-346495
2024-11-04,臺股期貨,自營商,-455,6649,7164,-515,-2376525
2024-11-04,臺股期貨,投信,801,30423,5940,24483,112798078
2024-11-04,臺股期貨,外資及陸資,61,14602,53719,-39117,-180221698
2024-11-04,電子期貨,自營商,-18,92,163,-71,-357259
2024-11-04,電子期貨,投信,20,269,0,269,1353554
2024-11-04,電子期貨,外資及陸資,18,472,818,-346,-1741002
2024-11-04,金融期貨,自營商,-13,74,110,-36,-75347
2024-11-04,金融期貨,投信,0,10,0,10,20922
2024-11-04,金融期貨,外資及陸資,74,346,650,-304,-636029
2024-11-04,股票期貨,自營商,4975,56048,191238,-135190,-37296979
2024-11-04,股票期貨,投信,52,4485,801,3684,2278448
2024-11-04,股票期貨,外資及陸資,-12588,98710,324085,-225375,-73594923
2024-11-04,美國標普500期貨,自營商,-13,0,94,-94,-108485
2024-11-04,美國標普500期貨,投信,0,0,0,0,0
2024-11-04,美國標普500期貨,外資及陸資,13,8,187,-179,-206707
2024-11-04,美國那斯達克100期貨,自營商,0,15,761,-746,-754803
2024-11-04,美國那斯達克100期貨,投信,0,1,0,1,1012
2024-11-04,美國那斯達克100期貨,外資及陸資,33,186,1631,-1445,-1461667
2024-11-04,美國道瓊期貨,自營商,11,23,33,-10,-8437
2024-11-04,美國道瓊期貨,投信,0,4,0,4,3375
2024-11-04,美國道瓊期貨,外資及陸資,17,145,197,-52,-43094
2024-11-04,美國費城半導體期貨,自營商,2,174,46,128,52103
2024-11-04,美國費城半導體期貨,投信,0,17,0,17,6886
2024-11-04,美國費城半導體期貨,外資及陸資,37,249,1071,-822,-333429
2024-11-05,臺股期貨,自營商,59,6758,7227,-469,-2169512
2024-11-05,臺股期貨,投信,669,31330,6178,25152,116389857
2024-11-05,臺股期貨,外資及陸資,-1745,13110,54416,-41306,-191153469
2024-11-05,電子期貨,自營商,-32,72,175,-103,-520967
2024-11-05,電子期貨,投信,-1,268,0,268,1355490
2024-11-05,電子期貨,外資及陸資,-1,489,836,-347,-1755057
2024-11-05,金融期貨,自營商,12,68,92,-24,-50265
2024-11-05,金融期貨,投信,0,10,0,10,20932
2024-11-05,金融期貨,外資及陸資,-27,330,661,-331,-692849
2024-11-05,股票期貨,自營商,2596,58112,190706,-132594,-35419163
2024-11-05,股票期貨,投信,0,4485,801,3684,2269614
2024-11-05,股票期貨,外資及陸資,-4263,95353,324991,-229638,-76958827
2024-11-05,美國標普500期貨,自營商,0,0,94,-94,-108006
2024-11-05,美國標普500期貨,投信,0,0,0,0,0
2024-11-05,美國標普500期貨,外資及陸資,-6,0,185,-185,-212678
2024-11-05,美國那斯達克100期貨,自營商,-4,0,750,-750,-754463
2024-11-05,美國那斯達克100期貨,投信,0,1,0,1,1006
2024-11-05,美國那斯達克100期貨,外資及陸資,126,157,1476,-1319,-1327145
2024-11-05,美國道瓊期貨,自營商,8,23,25,-2,-1681
2024-11-05,美國道瓊期貨,投信,0,4,0,4,3362
2024-11-05,美國道瓊期貨,外資及陸資,-103,144,299,-155,-129603
2024-11-05,美國費城半導體期貨,自營商,7,164,29,135,54324
2024-11-05,美國費城半導體期貨,投信,0,17,0,17,6810
2024-11-05,美國費城半導體期貨,外資及陸資,-2,246,1070,-824,-330544
2024-11-06,臺股期貨,自營商,1386,7722,6864,858,4001619
2024-11-06,臺股期貨,投信,383,31831,6296,25535,119091760
2024-11-06,臺股期貨,外資及陸資,-3252,12109,56734,-44625,-208138221
2024-11-06,電子期貨,自營商,-16,56,179,-123,-629188
2024-11-06,電子期貨,投信,0,268,0,268,1370874
2024-11-06,電子期貨,外資及陸資,6,478,819,-341,-1744283
2024-11-06,金融期貨,自營商,15,70,86,-16,-33422
2024-11-06,金融期貨,投信,0,10,0,10,20874
2024-11-06,金融期貨,外資及陸資,-30,331,692,-361,-753552
2024-11-06,股票期貨,自營商,1748,59954,190800,-130846,-34209248
2024-11-06,股票期貨,投信,24,4509,801,3708,2364870
2024-11-06,股票期貨,外資及陸資,-2738,96522,328898,-232376,-78975083
2024-11-06,美國標普500期貨,自營商,0,0,94,-94,-110582
2024-11-06,美國標普500期貨,投信,0,0,0,0,0
2024-11-06,美國標普500期貨,外資及陸資,-7,5,197,-192,-225994
2024-11-06,美國那斯達克100期貨,自營商,24,0,726,-726,-746038
2024-11-06,美國那斯達克100期貨,投信,0,1,0,1,1028
2024-11-06,美國那斯達克100期貨,外資及陸資,-192,108,1619,-1511,-1553041
2024-11-06,美國道瓊期貨,自營商,25,23,0,23,19748
2024-11-06,美國道瓊期貨,投信,0,4,0,4,3434
2024-11-06,美國道瓊期貨,外資及陸資,113,248,290,-42,-35355
2024-11-06,美國費城半導體期貨,自營商,30,196,31,165,68221
2024-11-06,美國費城半導體期貨,投信,0,17,0,17,7006
2024-11-06,美國費城半導體期貨,外資及陸資,-49,232,1105,-873,-360241
2024-11-07,臺股期貨,自營商,-107,7683,6977,706,3323913
2024-11-07,臺股期貨,投信,165,31814,6114,25700,120920534
2024-11-07,臺股期貨,外資及陸資,-1460,12193,58139,-45946,-216196510
2024-11-07,電子期貨,自營商,4,63,180,-117,-605029
2024-11-07,電子期貨,投信,0,268,0,268,1385828
2024-11-07,電子期貨,外資及陸資,-30,465,836,-371,-1918441
2024-11-07,金融期貨,自營商,9,75,82,-7,-14709
2024-11-07,金融期貨,投信,0,10,0,10,20972
2024-11-07,金融期貨,外資及陸資,-59,314,734,-420,-880824
2024-11-07,股票期貨,自營商,-13806,56560,201212,-144652,-38793296
2024-11-07,股票期貨,投信,0,4509,801,3708,2465318
2024-11-07,股票期貨,外資及陸資,2673,101055,330750,-229695,-82451010
2024-11-07,美國標普500期貨,自營商,0,0,94,-94,-112236
2024-11-07,美國標普500期貨,投信,0,0,0,0,0
2024-11-07,美國標普500期貨,外資及陸資,-20,39,251,-212,-253248
2024-11-07,美國那斯達克100期貨,自營商,8,0,718,-718,-751997
2024-11-07,美國那斯達克100期貨,投信,0,1,0,1,1047
2024-11-07,美國那斯達克100期貨,外資及陸資,130,112,1493,-1381,-1446402
2024-11-07,美國道瓊期貨,自營商,0,23,0,23,20241
2024-11-07,美國道瓊期貨,投信,0,4,0,4,3520
2024-11-07,美國道瓊期貨,外資及陸資,546,634,130,504,444883
2024-11-07,美國費城半導體期貨,自營商,35,238,38,200,84281
2024-11-07,美國費城半導體期貨,投信,0,17,0,17,7145
2024-11-07,美國費城半導體期貨,外資及陸資,57,283,1099,-816,-343418
2024-11-08,臺股期貨,自營商,-680,6838,6949,-111,-524949
2024-11-08,臺股期貨,投信,-320,31398,6018,25380,120678316
2024-11-08,臺股期貨,外資及陸資,1303,13436,56264,-42828,-203655126
2024-11-08,電子期貨,自營商,-4,50,180,-130,-681112
2024-11-08,電子期貨,投信,-20,248,0,248,1299272
2024-11-08,電子期貨,外資及陸資,51,477,797,-320,-1676480
2024-11-08,金融期貨,自營商,3,65,77,-12,-25237
2024-11-08,金融期貨,投信,0,10,0,10,21010
2024-11-08,金融期貨,外資及陸資,-10,307,737,-430,-903430
2024-11-08,股票期貨,自營商,-2719,57557,204928,-147371,-42093975
2024-11-08,股票期貨,投信,-324,4185,801,3384,2264334
2024-11-08,股票期貨,外資及陸資,-892,100378,330965,-230587,-83608543
2024-11-08,美國標普500期貨,自營商,12,0,82,-82,-98564
2024-11-08,美國標普500期貨,投信,0,0,0,0,0
2024-11-08,美國標普500期貨,外資及陸資,-12,39,263,-224,-269372
2024-11-08,美國那斯達克100期貨,自營商,29,0,689,-689,-732304
2024-11-08,美國那斯達克100期貨,投信,0,1,0,1,1063
2024-11-08,美國那斯達克100期貨,外資及陸資,-30,114,1525,-1411,-1499667
2024-11-08,美國道瓊期貨,自營商,0,23,0,23,20209
2024-11-08,美國道瓊期貨,投信,0,4,0,4,3515
2024-11-08,美國道瓊期貨,外資及陸資,-101,614,211,403,355369
2024-11-08,美國費城半導體期貨,自營商,-76,179,55,124,53483
2024-11-08,美國費城半導體期貨,投信,0,17,0,17,7296
2024-11-08,美國費城半導體期貨,外資及陸資,10,266,1072,-806,-346405
2024-11-11,臺股期貨,自營商,2304,8806,6556,2250,10610493
2024-11-11,臺股期貨,投信,198,31617,6039,25578,120586957
2024-11-11,臺股期貨,外資及陸資,-5732,10275,61973,-51698,-243748290
2024-11-11,電子期貨,自營商,3,59,186,-127,-660380
2024-11-11,電子期貨,投信,0,248,0,248,1289501
2024-11-11,電子期貨,外資及陸資,-41,453,814,-361,-1877055
2024-11-11,金融期貨,自營商,2,70,80,-10,-20939
2024-11-11,金融期貨,投信,0,10,0,10,20914
2024-11-11,金融期貨,外資及陸資,-12,304,746,-442,-924398
2024-11-11,股票期貨,自營商,-8501,57777,213649,-155872,-42525548
2024-11-11,股票期貨,投信,0,4185,801,3384,2221144
2024-11-11,股票期貨,外資及陸資,-705,103449,334741,-231292,-83146045
2024-11-11,美國標普500期貨,自營商,0,0,82,-82,-99085
2024-11-11,美國標普500期貨,投信,0,0,0,0,0
2024-11-11,美國標普500期貨,外資及陸資,7,40,257,-217,-262311
2024-11-11,美國那斯達克100期貨,自營商,42,0,647,-647,-688958
2024-11-11,美國那斯達克100期貨,投信,0,1,0,1,1065
2024-11-11,美國那斯達克100期貨,外資及陸資,123,115,1403,-1288,-1371449
2024-11-11,美國道瓊期貨,自營商,-17,23,17,6,5300
2024-11-11,美國道瓊期貨,投信,0,4,0,4,3533
2024-11-11,美國道瓊期貨,外資及陸資,226,751,122,629,557031
2024-11-11,美國費城半導體期貨,自營商,-38,149,63,86,37097
2024-11-11,美國費城半導體期貨,投信,0,17,0,17,7276
2024-11-11,美國費城半導體期貨,外資及陸資,-1,273,1080,-807,-345810
2024-11-12,臺股期貨,自營商,431,8355,5686,2669,12213404
2024-11-12,臺股期貨,投信,-321,31348,6091,25257,115553894
2024-11-12,臺股期貨,外資及陸資,2322,10642,60147,-49505,-226520629
2024-11-12,電子期貨,自營商,74,78,130,-52,-261326
2024-11-12,電子期貨,投信,-10,248,10,238,1195998
2024-11-12,電子期貨,外資及陸資,-50,421,832,-411,-2065357
2024-11-12,金融期貨,自營商,19,87,78,9,18595
2024-11-12,金融期貨,投信,0,10,0,10,20700
2024-11-12,金融期貨,外資及陸資,-29,297,768,-471,-974970
2024-11-12,股票期貨,自營商,10637,62586,207821,-145235,-38496504
2024-11-12,股票期貨,投信,-43,4142,801,3341,2352502
2024-11-12,股票期貨,外資及陸資,-5137,105704,342133,-236429,-80015868
2024-11-12,美國標普500期貨,自營商,-1,0,83,-83,-100040
2024-11-12,美國標普500期貨,投信,0,0,0,0,0
2024-11-12,美國標普500期貨,外資及陸資,24,40,233,-193,-232662
2024-11-12,美國那斯達克100期貨,自營商,-16,0,663,-663,-702913
2024-11-12,美國那斯達克100期貨,投信,0,1,0,1,1060
2024-11-12,美國那斯達克100期貨,外資及陸資,285,114,1117,-1003,-1063273
2024-11-12,美國道瓊期貨,自營商,-13,23,30,-7,-6208
2024-11-12,美國道瓊期貨,投信,0,4,0,4,3548
2024-11-12,美國道瓊期貨,外資及陸資,187,931,115,816,725414
2024-11-12,美國費城半導體期貨,自營商,-34,95,43,52,21800
2024-11-12,美國費城半導體期貨,投信,0,17,0,17,7001
2024-11-12,美國費城半導體期貨,外資及陸資,-33,272,1112,-840,-346438
2024-11-13,臺股期貨,自營商,-760,7581,5741,1840,8388865
2024-11-13,臺股期貨,投信,338,31551,5956,25595,116644394
2024-11-13,臺股期貨,外資及陸資,4413,12477,57271,-44794,-204166417
2024-11-13,電子期貨,自營商,-11,65,136,-71,-355090
2024-11-13,電子期貨,投信,0,248,10,238,1189810
2024-11-13,電子期貨,外資及陸資,35,441,817,-376,-1879699
2024-11-13,金融期貨,自營商,28,117,87,30,61704
2024-11-13,金融期貨,投信,1,11,0,11,22638
2024-11-13,金融期貨,外資及陸資,16,295,750,-455,-936396
2024-11-13,股票期貨,自營商,723,64323,208835,-144512,-38081893
2024-11-13,股票期貨,投信,-403,3739,801,2938,2108174
2024-11-13,股票期貨,外資及陸資,-1365,108877,346671,-237794,-78253411
2024-11-13,美國標普500期貨,自營商,-10,0,93,-93,-111637
2024-11-13,美國標普500期貨,投信,0,0,0,0,0
2024-11-13,美國標普500期貨,外資及陸資,65,80,208,-128,-153624
2024-11-13,美國那斯達克100期貨,自營商,72,0,591,-591,-624244
2024-11-13,美國那斯達克100期貨,投信,0,1,0,1,1056
2024-11-13,美國那斯達克100期貨,外資及陸資,19,127,1111,-984,-1039295
2024-11-13,美國道瓊期貨,自營商,30,23,0,23,20230
2024-11-13,美國道瓊期貨,投信,0,4,0,4,3518
2024-11-13,美國道瓊期貨,外資及陸資,-155,850,189,661,582854
2024-11-13,美國費城半導體期貨,自營商,76,166,38,128,52876
2024-11-13,美國費城半導體期貨,投信,0,17,0,17,6968
2024-11-13,美國費城半導體期貨,外資及陸資,-41,311,1192,-881,-361633
2024-11-14,臺股期貨,自營商,875,8288,5529,2759,12522716
2024-11-14,臺股期貨,投信,549,32111,5967,26144,118655627
2024-11-14,臺股期貨,外資及陸資,-2397,11433,58681,-47248,-214461962
2024-11-14,電子期貨,自營商,16,72,122,-50,-249245
2024-11-14,電子期貨,投信,0,248,10,238,1185859
2024-11-14,電子期貨,外資及陸資,0,444,820,-376,-1873458
2024-11-14,金融期貨,自營商,3,148,114,34,69701
2024-11-14,金融期貨,投信,0,11,0,11,22543
2024-11-14,金融期貨,外資及陸資,8,293,740,-447,-916222
2024-11-14,股票期貨,自營商,5501,67999,207010,-139011,-36223857
2024-11-14,股票期貨,投信,-260,3479,801,2678,2064418
2024-11-14,股票期貨,外資及陸資,3979,110494,344309,-233815,-74057805
2024-11-14,美國標普500期貨,自營商,0,0,93,-93,-111842
2024-11-14,美國標普500期貨,投信,0,0,0,0,0
2024-11-14,美國標普500期貨,外資及陸資,4,96,220,-124,-149024
2024-11-14,美國那斯達克100期貨,自營商,-8,0,599,-599,-632754
2024-11-14,美國那斯達克100期貨,投信,0,1,0,1,1056
2024-11-14,美國那斯達克100期貨,外資及陸資,-59,108,1151,-1043,-1101733
2024-11-14,美國道瓊期貨,自營商,-10,23,10,13,11452
2024-11-14,美國道瓊期貨,投信,0,4,0,4,3524
2024-11-14,美國道瓊期貨,外資及陸資,17,803,125,678,598535
2024-11-14,美國費城半導體期貨,自營商,32,210,50,160,64860
2024-11-14,美國費城半導體期貨,投信,0,17,0,17,6839
2024-11-14,美國費城半導體期貨,外資及陸資,-86,287,1254,-967,-389761
2024-11-15,臺股期貨,自營商,-1295,6754,5289,1465,6672422
2024-11-15,臺股期貨,投信,-148,31926,5930,25996,118361128
2024-11-15,臺股期貨,外資及陸資,1901,14280,59464,-45184,-205751827
2024-11-15,電子期貨,自營商,-9,68,127,-59,-294363
2024-11-15,電子期貨,投信,-2,246,10,236,1177231
2024-11-15,電子期貨,外資及陸資,40,446,782,-336,-1675996
2024-11-15,金融期貨,自營商,-30,130,126,4,8285
2024-11-15,金融期貨,投信,0,11,0,11,22814
2024-11-15,金融期貨,外資及陸資,62,315,700,-385,-798498
2024-11-15,股票期貨,自營商,1383,68236,205864,-137628,-35374665
2024-11-15,股票期貨,投信,-1496,1982,800,1182,1525648
2024-11-15,股票期貨,外資及陸資,7415,115111,341511,-226400,-72902090
2024-11-15,美國標普500期貨,自營商,-16,0,109,-109,-129912
2024-11-15,美國標普500期貨,投信,0,0,0,0,0
2024-11-15,美國標普500期貨,外資及陸資,9,108,223,-115,-136978
2024-11-15,美國那斯達克100期貨,自營商,37,0,562,-562,-587655
2024-11-15,美國那斯達克100期貨,投信,0,1,0,1,1046
2024-11-15,美國那斯達克100期貨,外資及陸資,-201,115,1359,-1244,-1300292
2024-11-15,美國道瓊期貨,自營商,-30,23,40,-17,-14895
2024-11-15,美國道瓊期貨,投信,0,4,0,4,3505
2024-11-15,美國道瓊期貨,外資及陸資,-105,711,138,573,503266
2024-11-15,美國費城半導體期貨,自營商,23,221,38,183,73646
2024-11-15,美國費城半導體期貨,投信,0,17,0,17,6795
2024-11-15,美國費城半導體期貨,外資及陸資,33,307,1241,-934,-374010
2024-11-18,臺股期貨,自營商,-30,6647,5060,1587,7157337
2024-11-18,臺股期貨,投信,451,32550,6103,26447,119504810
2024-11-18,臺股期貨,外資及陸資,-1364,14451,61034,-46583,-210467659
2024-11-18,電子期貨,自營商,15,73,122,-49,-241179
2024-11-18,電子期貨,投信,10,246,0,246,1212251
2024-11-18,電子期貨,外資及陸資,-76,400,812,-412,-2029512
2024-11-18,金融期貨,自營商,12,151,135,16,33174
2024-11-18,金融期貨,投信,0,11,0,11,22806
2024-11-18,金融期貨,外資及陸資,0,383,768,-385,-798306
2024-11-18,股票期貨,自營商,5585,67750,199793,-132043,-32399221
2024-11-18,股票期貨,投信,9,1991,800,1191,1502860
2024-11-18,股票期貨,外資及陸資,3799,113602,336203,-222601,-70997080
2024-11-18,美國標普500期貨,自營商,-24,0,133,-133,-157279
2024-11-18,美國標普500期貨,投信,0,0,0,0,0
2024-11-18,美國標普500期貨,外資及陸資,22,133,226,-93,-109934
2024-11-18,美國那斯達克100期貨,自營商,-4,0,566,-566,-584310
2024-11-18,美國那斯達克100期貨,投信,0,1,0,1,1032
2024-11-18,美國那斯達克100期貨,外資及陸資,-261,108,1613,-1505,-1553378
2024-11-18,美國道瓊期貨,自營商,40,23,0,23,20045
2024-11-18,美國道瓊期貨,投信,0,4,0,4,3486
2024-11-18,美國道瓊期貨,外資及陸資,-235,596,258,338,295529
2024-11-18,美國費城半導體期貨,自營商,-25,200,42,158,62786
2024-11-18,美國費城半導體期貨,投信,0,17,0,17,6705
2024-11-18,美國費城半導體期貨,外資及陸資,-22,297,1253,-956,-377631
2024-11-19,臺股期貨,自營商,-3270,4159,5950,-1791,-8210956
2024-11-19,臺股期貨,投信,573,32961,5941,27020,123724749
2024-11-19,臺股期貨,外資及陸資,3119,17897,59266,-41369,-189366089
2024-11-19,電子期貨,自營商,-10,42,87,-45,-225423
2024-11-19,電子期貨,投信,0,246,0,246,1231204
2024-11-19,電子期貨,外資及陸資,-11,398,821,-423,-2115755
2024-11-19,金融期貨,自營商,-13,148,145,3,6362
2024-11-19,金融期貨,投信,0,11,0,11,23049
2024-11-19,金融期貨,外資及陸資,16,381,750,-369,-772825
2024-11-19,股票期貨,自營商,2181,68775,198637,-129862,-31951284
2024-11-19,股票期貨,投信,36,1979,752,1227,1566786
2024-11-19,股票期貨,外資及陸資,7585,119975,334991,-215016,-69704357
2024-11-19,美國標普500期貨,自營商,3,0,130,-130,-154232
2024-11-19,美國標普500期貨,投信,0,0,0,0,0
2024-11-19,美國標普500期貨,外資及陸資,-4,128,225,-97,-115015
2024-11-19,美國那斯達克100期貨,自營商,9,0,557,-557,-575854
2024-11-19,美國那斯達克100期貨,投信,0,1,0,1,1034
2024-11-19,美國那斯達克100期貨,外資及陸資,-27,106,1638,-1532,-1583480
2024-11-19,美國道瓊期貨,自營商,-1,23,1,22,19181
2024-11-19,美國道瓊期貨,投信,0,4,0,4,3488
2024-11-19,美國道瓊期貨,外資及陸資,-25,572,259,313,273703
2024-11-19,美國費城半導體期貨,自營商,-40,192,74,118,47214
2024-11-19,美國費城半導體期貨,投信,0,17,0,17,6720
2024-11-19,美國費城半導體期貨,外資及陸資,-29,297,1282,-985,-390199
2024-11-20,臺股期貨,自營商,2946,4424,5437,-1013,-4620303
2024-11-20,臺股期貨,投信,-316,32730,6026,26704,121658083
2024-11-20,臺股期貨,外資及陸資,-6226,12239,54124,-41885,-190824288
2024-11-20,電子期貨,自營商,3,25,116,-91,-452652
2024-11-20,電子期貨,投信,10,256,0,256,1273395
2024-11-20,電子期貨,外資及陸資,-60,389,754,-365,-1815583
2024-11-20,金融期貨,自營商,10,87,39,48,100915
2024-11-20,金融期貨,投信,0,11,0,11,23126
2024-11-20,金融期貨,外資及陸資,-50,290,544,-254,-534010
2024-11-20,股票期貨,自營商,-704,39942,154702,-114760,-32457678
2024-11-20,股票期貨,投信,-470,1843,600,1243,1218210
2024-11-20,股票期貨,外資及陸資,-5238,84554,265955,-181401,-60463933
2024-11-20,美國標普500期貨,自營商,0,0,130,-130,-154739
2024-11-20,美國標普500期貨,投信,0,0,0,0,0
2024-11-20,美國標普500期貨,外資及陸資,-6,121,224,-103,-122522
2024-11-20,美國那斯達克100期貨,自營商,6,0,551,-551,-573095
2024-11-20,美國那斯達克100期貨,投信,0,1,0,1,1040
2024-11-20,美國那斯達克100期貨,外資及陸資,-46,87,1665,-1578,-1640931
2024-11-20,美國道瓊期貨,自營商,1,23,0,23,20003
2024-11-20,美國道瓊期貨,投信,0,4,0,4,3479
2024-11-20,美國道瓊期貨,外資及陸資,-174,324,185,139,121044
2024-11-20,美國費城半導體期貨,自營商,2,193,73,120,48092
2024-11-20,美國費城半導體期貨,投信,0,17,0,17,6729
2024-11-20,美國費城半導體期貨,外資及陸資,-16,253,1254,-1001,-397092
2024-11-21,臺股期貨,自營商,-222,4403,5675,-1272,-5749094
2024-11-21,臺股期貨,投信,140,32949,6105,26844,121200660
2024-11-21,臺股期貨,外資及陸資,522,11141,54848,-43707,-197340425
2024-11-21,電子期貨,自營商,33,31,89,-58,-285029
2024-11-21,電子期貨,投信,0,256,0,256,1258035
2024-11-21,電子期貨,外資及陸資,-44,404,813,-409,-2009908
2024-11-21,金融期貨,自營商,2,98,48,50,104122
2024-11-21,金融期貨,投信,0,11,0,11,22906
2024-11-21,金融期貨,外資及陸資,-47,262,563,-301,-626802
2024-11-21,股票期貨,自營商,-11027,40667,166454,-125787,-34751596
2024-11-21,股票期貨,投信,214,2057,600,1457,1775480
2024-11-21,股票期貨,外資及陸資,-5137,91812,278350,-186538,-62547987
2024-11-21,美國標普500期貨,自營商,0,0,130,-130,-154070
2024-11-21,美國標普500期貨,投信,0,0,0,0,0
2024-11-21,美國標普500期貨,外資及陸資,-2,120,225,-105,-124357
2024-11-21,美國那斯達克100期貨,自營商,-80,0,631,-631,-652454
2024-11-21,美國那斯達克100期貨,投信,0,1,0,1,1034
2024-11-21,美國那斯達克100期貨,外資及陸資,101,76,1553,-1477,-1526776
2024-11-21,美國道瓊期貨,自營商,0,23,0,23,20010
2024-11-21,美國道瓊期貨,投信,0,4,0,4,3480
2024-11-21,美國道瓊期貨,外資及陸資,-30,286,177,109,94998
2024-11-21,美國費城半導體期貨,自營商,-28,169,77,92,36593
2024-11-21,美國費城半導體期貨,投信,0,17,0,17,6649
2024-11-21,美國費城半導體期貨,外資及陸資,32,272,1241,-969,-379930
2024-11-22,臺股期貨,自營商,-1777,3704,6973,-3269,-15061641
2024-11-22,臺股期貨,投信,77,32900,5979,26921,124008894
2024-11-22,臺股期貨,外資及陸資,3606,12771,50973,-38202,-175977019
2024-11-22,電子期貨,自營商,-61,35,153,-118,-594838
2024-11-22,電子期貨,投信,10,266,0,266,1340906
2024-11-22,電子期貨,外資及陸資,40,414,783,-369,-1860129
2024-11-22,金融期貨,自營商,13,124,61,63,131722
2024-11-22,金融期貨,投信,0,11,0,11,22999
2024-11-22,金融期貨,外資及陸資,-46,237,584,-347,-725507
2024-11-22,股票期貨,自營商,-6845,42640,175272,-132632,-36876461
2024-11-22,股票期貨,投信,0,2057,600,1457,1757690
2024-11-22,股票期貨,外資及陸資,-2545,94569,283652,-189083,-62964154
2024-11-22,美國標普500期貨,自營商,3,0,127,-127,-151536
2024-11-22,美國標普500期貨,投信,0,0,0,0,0
2024-11-22,美國標普500期貨,外資及陸資,5,116,216,-100,-119205
2024-11-22,美國那斯達克100期貨,自營商,-9,0,640,-640,-665696
2024-11-22,美國那斯達克100期貨,投信,0,1,0,1,1040
2024-11-22,美國那斯達克100期貨,外資及陸資,-76,179,1732,-1553,-1614619
2024-11-22,美國道瓊期貨,自營商,0,23,0,23,20233
2024-11-22,美國道瓊期貨,投信,0,4,0,4,3519
2024-11-22,美國道瓊期貨,外資及陸資,182,354,63,291,256648
2024-11-22,美國費城半導體期貨,自營商,1,173,80,93,37740
2024-11-22,美國費城半導體期貨,投信,0,17,0,17,6790
2024-11-22,美國費城半導體期貨,外資及陸資,-20,243,1232,-989,-395906
2024-11-25,臺股期貨,自營商,466,4306,7050,-2744,-12659798
2024-11-25,臺股期貨,投信,-239,32661,5979,26682,123068056
2024-11-25,臺股期貨,外資及陸資,-6546,12115,58458,-46343,-213757564
2024-11-25,電子期貨,自營商,7,44,156,-112,-563204
2024-11-25,電子期貨,投信,0,266,0,266,1337608
2024-11-25,電子期貨,外資及陸資,-62,348,779,-431,-2167326
2024-11-25,金融期貨,自營商,-22,116,75,41,86602
2024-11-25,金融期貨,投信,9,20,0,20,42244
2024-11-25,金融期貨,外資及陸資,-8,255,610,-355,-749831
2024-11-25,股票期貨,自營商,-7494,44118,184244,-140126,-38563970
2024-11-25,股票期貨,投信,0,2057,600,1457,1812290
2024-11-25,股票期貨,外資及陸資,-3479,96416,288978,-192562,-65563813
2024-11-25,美國標普500期貨,自營商,0,0,127,-127,-152787
2024-11-25,美國標普500期貨,投信,0,0,0,0,0
2024-11-25,美國標普500期貨,外資及陸資,-6,148,254,-106,-127255
2024-11-25,美國那斯達克100期貨,自營商,4,0,636,-636,-666846
2024-11-25,美國那斯達克100期貨,投信,0,1,0,1,1049
2024-11-25,美國那斯達克100期貨,外資及陸資,28,172,1697,-1525,-1598409
2024-11-25,美國道瓊期貨,自營商,0,23,0,23,20537
2024-11-25,美國道瓊期貨,投信,0,4,0,4,3572
2024-11-25,美國道瓊期貨,外資及陸資,260,574,23,551,493308
2024-11-25,美國費城半導體期貨,自營商,-35,152,94,58,23895
2024-11-25,美國費城半導體期貨,投信,0,17,0,17,6816
2024-11-25,美國費城半導體期貨,外資及陸資,-18,231,1238,-1007,-404699
2024-11-26,臺股期貨,自營商,1371,4672,6067,-1395,-6319983
2024-11-26,臺股期貨,投信,-865,31976,6159,25817,116868396
2024-11-26,臺股期貨,外資及陸資,-460,11634,60096,-48462,-219384749
2024-11-26,電子期貨,自營商,48,54,116,-62,-305474
2024-11-26,電子期貨,投信,0,266,0,266,1310582
2024-11-26,電子期貨,外資及陸資,-30,332,793,-461,-2271347
2024-11-26,金融期貨,自營商,0,115,74,41,85823
2024-11-26,金融期貨,投信,-1,19,0,19,39771
2024-11-26,金融期貨,外資及陸資,0,261,616,-355,-743086
2024-11-26,股票期貨,自營商,5685,46624,181065,-134441,-36635140
2024-11-26,股票期貨,投信,0,2057,600,1457,1722600
2024-11-26,股票期貨,外資及陸資,-10429,97665,300656,-202991,-67484700
2024-11-26,美國標普500期貨,自營商,6,0,121,-121,-145339
2024-11-26,美國標普500期貨,投信,0,0,0,0,0
2024-11-26,美國標普500期貨,外資及陸資,11,158,253,-95,-113793
2024-11-26,美國那斯達克100期貨,自營商,-36,0,672,-672,-702192
2024-11-26,美國那斯達克100期貨,投信,0,1,0,1,1044
2024-11-26,美國那斯達克100期貨,外資及陸資,175,196,1546,-1350,-1408562
2024-11-26,美國道瓊期貨,自營商,-20,23,20,3,2689
2024-11-26,美國道瓊期貨,投信,0,4,0,4,3585
2024-11-26,美國道瓊期貨,外資及陸資,409,1006,46,960,862172
2024-11-26,美國費城半導體期貨,自營商,5,154,91,63,25926
2024-11-26,美國費城半導體期貨,投信,0,17,0,17,6801
2024-11-26,美國費城半導體期貨,外資及陸資,30,219,1196,-977,-391870
2024-11-27,臺股期貨,自營商,493,5046,5765,-719,-3218570
2024-11-27,臺股期貨,投信,-81,32025,6289,25736,115050214
2024-11-27,臺股期貨,外資及陸資,3218,12975,58313,-45338,-202688322
2024-11-27,電子期貨,自營商,28,40,89,-49,-238181
2024-11-27,電子期貨,投信,-8,258,0,258,1254035
2024-11-27,電子期貨,外資及陸資,-2,331,794,-463,-2250457
2024-11-27,金融期貨,自營商,5,115,80,35,73132
2024-11-27,金融期貨,投信,0,19,0,19,39699
2024-11-27,金融期貨,外資及陸資,13,256,598,-342,-714575
2024-11-27,股票期貨,自營商,14711,55154,174884,-119730,-32325209
2024-11-27,股票期貨,投信,0,2057,600,1457,1666540
2024-11-27,股票期貨,外資及陸資,-5973,97599,306563,-208964,-66020071
2024-11-27,美國標普500期貨,自營商,0,0,121,-121,-146120
2024-11-27,美國標普500期貨,投信,0,0,0,0,0
2024-11-27,美國標普500期貨,外資及陸資,22,164,237,-73,-87657
2024-11-27,美國那斯達克100期貨,自營商,49,1,624,-623,-653664
2024-11-27,美國那斯達克100期貨,投信,0,1,0,1,1049
2024-11-27,美國那斯達克100期貨,外資及陸資,96,273,1527,-1254,-1313301
2024-11-27,美國道瓊期貨,自營商,20,23,0,23,20684
2024-11-27,美國道瓊期貨,投信,0,4,0,4,3597
2024-11-27,美國道瓊期貨,外資及陸資,45,1055,50,1005,906033
2024-11-27,美國費城半導體期貨,自營商,7,156,86,70,28224
2024-11-27,美國費城半導體期貨,投信,0,17,0,17,6715
2024-11-27,美國費城半導體期貨,外資及陸資,32,215,1160,-945,-374067
2024-11-28,臺股期貨,自營商,-417,4926,5899,-973,-4349336
2024-11-28,臺股期貨,投信,1245,33293,6312,26981,120497146
2024-11-28,臺股期貨,外資及陸資,-2011,12212,59472,-47260,-211073040
2024-11-28,電子期貨,自營商,5,53,97,-44,-213499
2024-11-28,電子期貨,投信,0,258,0,258,1251816
2024-11-28,電子期貨,外資及陸資,-41,317,821,-504,-2445408
2024-11-28,金融期貨,自營商,12,109,62,47,98383
2024-11-28,金融期貨,投信,0,19,0,19,39771
2024-11-28,金融期貨,外資及陸資,-21,260,623,-363,-759832
2024-11-28,股票期貨,自營商,5055,58733,173408,-114675,-31258643
2024-11-28,股票期貨,投信,0,2057,600,1457,1644870
2024-11-28,股票期貨,外資及陸資,2227,101075,307812,-206737,-64578754
2024-11-28,美國標普500期貨,自營商,5,0,116,-116,-139722
2024-11-28,美國標普500期貨,投信,0,0,0,0,0
2024-11-28,美國標普500期貨,外資及陸資,13,157,217,-60,-71413
2024-11-28,美國那斯達克100期貨,自營商,7,0,616,-616,-643753
2024-11-28,美國那斯達克100期貨,投信,0,1,0,1,1044
2024-11-28,美國那斯達克100期貨,外資及陸資,-32,312,1598,-1286,-1341201
2024-11-28,美國道瓊期貨,自營商,0,23,0,23,20620
2024-11-28,美國道瓊期貨,投信,0,4,0,4,3586
2024-11-28,美國道瓊期貨,外資及陸資,97,1158,56,1102,991300
2024-11-28,美國費城半導體期貨,自營商,53,171,48,123,48772
2024-11-28,美國費城半導體期貨,投信,0,17,0,17,6654
2024-11-28,美國費城半導體期貨,外資及陸資,60,294,1179,-885,-347256
2024-11-29,臺股期貨,自營商,289,5169,5882,-713,-3184180
2024-11-29,臺股期貨,投信,171,33503,6351,27152,121135933
2024-11-29,臺股期貨,外資及陸資,2231,12597,57456,-44859,-200144341
2024-11-29,電子期貨,自營商,1,47,90,-43,-208937
2024-11-29,電子期貨,投信,0,258,0,258,1253622
2024-11-29,電子期貨,外資及陸資,-25,271,800,-529,-2570424
2024-11-29,金融期貨,自營商,27,127,53,74,153382
2024-11-29,金融期貨,投信,0,19,0,19,39379
2024-11-29,金融期貨,外資及陸資,-56,230,649,-419,-868419
2024-11-29,股票期貨,自營商,-1343,59039,175057,-116018,-31655622
2024-11-29,股票期貨,投信,0,2057,600,1457,1668810
2024-11-29,股票期貨,外資及陸資,-1977,101578,310292,-208714,-66521657
2024-11-29,美國標普500期貨,自營商,1,0,115,-115,-138765
2024-11-29,美國標普500期貨,投信,0,0,0,0,0
2024-11-29,美國標普500期貨,外資及陸資,-2,156,218,-62,-73929
2024-11-29,美國那斯達克100期貨,自營商,30,0,586,-586,-613579
2024-11-29,美國那斯達克100期貨,投信,0,1,0,1,1046
2024-11-29,美國那斯達克100期貨,外資及陸資,42,316,1560,-1244,-1299343
2024-11-29,美國道瓊期貨,自營商,-10,23,10,13,11684
2024-11-29,美國道瓊期貨,投信,0,4,0,4,3595
2024-11-29,美國道瓊期貨,外資及陸資,36,1212,74,1138,1025925
2024-11-29,美國費城半導體期貨,自營商,-17,164,58,106,42326
2024-11-29,美國費城半導體期貨,投信,0,17,0,17,6687
2024-11-29,美國費城半導體期貨,外資及陸資,1,282,1166,-884,-348597
2024-12-02,臺股期貨,自營商,-1598,4821,7147,-2326,-10618468
2024-12-02,臺股期貨,投信,431,33681,6098,27583,125899845
2024-12-02,臺股期貨,外資及陸資,4980,15865,53374,-37509,-171215793
2024-12-02,電子期貨,自營商,-32,40,115,-75,-374460
2024-12-02,電子期貨,投信,0,258,0,258,1288142
2024-12-02,電子期貨,外資及陸資,16,258,771,-513,-2561315
2024-12-02,金融期貨,自營商,-24,130,80,50,105320
2024-12-02,金融期貨,投信,0,19,0,19,40018
2024-12-02,金融期貨,外資及陸資,97,292,614,-322,-678197
2024-12-02,股票期貨,自營商,190,59953,175781,-115828,-31849562
2024-12-02,股票期貨,投信,0,2057,600,1457,1677860
2024-12-02,股票期貨,外資及陸資,5793,102139,305060,-202921,-65151403
2024-12-02,美國標普500期貨,自營商,-3,0,118,-118,-142597
2024-12-02,美國標普500期貨,投信,0,0,0,0,0
2024-12-02,美國標普500期貨,外資及陸資,0,155,217,-62,-74013
2024-12-02,美國那斯達克100期貨,自營商,-33,0,619,-619,-649785
2024-12-02,美國那斯達克100期貨,投信,0,1,0,1,1049
2024-12-02,美國那斯達克100期貨,外資及陸資,-198,318,1760,-1442,-1510873
2024-12-02,美國道瓊期貨,自營商,10,23,0,23,20698
2024-12-02,美國道瓊期貨,投信,0,4,0,4,3600
2024-12-02,美國道瓊期貨,外資及陸資,40,1243,65,1178,1062974
2024-12-02,美國費城半導體期貨,自營商,-29,150,73,77,31011
2024-12-02,美國費城半導體期貨,投信,0,17,0,17,6705
2024-12-02,美國費城半導體期貨,外資及陸資,-39,287,1210,-923,-364990
2024-12-03,臺股期貨,自營商,-911,4330,7554,-3224,-14901412
2024-12-03,臺股期貨,投信,573,33985,5829,28156,130142663
2024-12-03,臺股期貨,外資及陸資,-1528,14441,53276,-38835,-179514076
2024-12-03,電子期貨,自營商,-17,62,154,-92,-465737
2024-12-03,電子期貨,投信,8,266,0,266,1346652
2024-12-03,電子期貨,外資及陸資,-23,210,746,-536,-2713561
2024-12-03,金融期貨,自營商,22,155,83,72,153581
2024-12-03,金融期貨,投信,0,19,0,19,40527
2024-12-03,金融期貨,外資及陸資,32,316,606,-290,-618570
2024-12-03,股票期貨,自營商,-11528,58502,185858,-127356,-34900096
2024-12-03,股票期貨,投信,400,2057,200,1857,1832360
2024-12-03,股票期貨,外資及陸資,7678,103962,299205,-195243,-64625677
2024-12-03,美國標普500期貨,自營商,-4,0,122,-122,-147992
2024-12-03,美國標普500期貨,投信,0,0,0,0,0
2024-12-03,美國標普500期貨,外資及陸資,3,159,218,-59,-70653
2024-12-03,美國那斯達克100期貨,自營商,-1,0,620,-620,-659244
2024-12-03,美國那斯達克100期貨,投信,0,1,0,1,1062
2024-12-03,美國那斯達克100期貨,外資及陸資,-159,294,1895,-1601,-1699848
2024-12-03,美國道瓊期貨,自營商,0,23,0,23,20650
2024-12-03,美國道瓊期貨,投信,0,4,0,4,3591
2024-12-03,美國道瓊期貨,外資及陸資,-154,1108,84,1024,922299
2024-12-03,美國費城半導體期貨,自營商,138,260,45,215,88063
2024-12-03,美國費城半導體期貨,投信,0,17,0,17,6906
2024-12-03,美國費城半導體期貨,外資及陸資,-83,284,1290,-1006,-409735
2024-12-04,臺股期貨,自營商,1208,4611,6622,-2011,-9364107
2024-12-04,臺股期貨,投信,-500,33393,5737,27656,128799524
2024-12-04,臺股期貨,外資及陸資,-810,13991,52778,-38787,-180651700
2024-12-04,電子期貨,自營商,23,74,144,-70,-357974
2024-12-04,電子期貨,投信,0,266,0,266,1360430
2024-12-04,電子期貨,外資及陸資,0,227,763,-536,-2741330
2024-12-04,金融期貨,自營商,-2,162,92,70,149308
2024-12-04,金融期貨,投信,0,19,0,19,40523
2024-12-04,金融期貨,外資及陸資,-20,300,610,-310,-661168
2024-12-04,股票期貨,自營商,-7554,58053,192963,-134910,-38223860
2024-12-04,股票期貨,投信,254,2203,92,2111,1985138
2024-12-04,股票期貨,外資及陸資,29,109130,304344,-195214,-64588212
2024-12-04,美國標普500期貨,自營商,6,0,116,-116,-140859
2024-12-04,美國標普500期貨,投信,0,0,0,0,0
2024-12-04,美國標普500期貨,外資及陸資,-11,150,220,-70,-84115
2024-12-04,美國那斯達克100期貨,自營商,2,0,618,-618,-661234
2024-12-04,美國那斯達克100期貨,投信,0,1,0,1,1069
2024-12-04,美國那斯達克100期貨,外資及陸資,55,307,1853,-1546,-1651471
2024-12-04,美國道瓊期貨,自營商,-9,23,9,14,12583
2024-12-04,美國道瓊期貨,投信,0,4,0,4,3595
2024-12-04,美國道瓊期貨,外資及陸資,-208,936,120,816,736180
2024-12-04,美國費城半導體期貨,自營商,7,344,122,222,91215
2024-12-04,美國費城半導體期貨,投信,0,17,0,17,6948
2024-12-04,美國費城半導體期貨,外資及陸資,-5,255,1266,-1011,-414076
2024-12-05,臺股期貨,自營商,477,4733,6283,-1550,-7206020
2024-12-05,臺股期貨,投信,-317,33089,5750,27339,127137286
2024-12-05,臺股期貨,外資及陸資,579,14579,52787,-38208,-177699118
2024-12-05,電子期貨,自營商,2,76,144,-68,-348475
2024-12-05,電子期貨,投信,-7,259,0,259,1327375
2024-12-05,電子期貨,外資及陸資,8,241,769,-528,-2706008
2024-12-05,金融期貨,自營商,2,151,79,72,153732
2024-12-05,金融期貨,投信,0,19,0,19,40565
2024-12-05,金融期貨,外資及陸資,-9,288,607,-319,-681065
2024-12-05,股票期貨,自營商,673,59681,193918,-134237,-39398076
2024-12-05,股票期貨,投信,149,2357,97,2260,2052110
2024-12-05,股票期貨,外資及陸資,-9912,108714,313840,-205126,-65799498
2024-12-05,美國標普500期貨,自營商,2,0,114,-114,-139040
2024-12-05,美國標普500期貨,投信,0,0,0,0,0
2024-12-05,美國標普500期貨,外資及陸資,-8,151,229,-78,-94404
2024-12-05,美國那斯達克100期貨,自營商,16,2,604,-602,-648259
2024-12-05,美國那斯達克100期貨,投信,0,1,0,1,1076
2024-12-05,美國那斯達克100期貨,外資及陸資,146,312,1712,-1400,-1504524
2024-12-05,美國道瓊期貨,自營商,0,23,9,14,12630
2024-12-05,美國道瓊期貨,投信,0,4,0,4,3609
2024-12-05,美國道瓊期貨,外資及陸資,36,920,68,852,771323
2024-12-05,美國費城半導體期貨,自營商,-52,293,123,170,70308
2024-12-05,美國費城半導體期貨,投信,0,17,0,17,6969
2024-12-05,美國費城半導體期貨,外資及陸資,-15,242,1268,-1026,-421854
2024-12-06,臺股期貨,自營商,-274,4622,6440,-1818,-8426109
2024-12-06,臺股期貨,投信,-530,32563,5754,26809,124286524
2024-12-06,臺股期貨,外資及陸資,2025,15880,52063,-36183,-167762507
2024-12-06,電子期貨,自營商,-20,68,156,-88,-447941
2024-12-06,電子期貨,投信,-4,259,4,255,1298103
2024-12-06,電子期貨,外資及陸資,33,256,751,-495,-2519857
2024-12-06,金融期貨,自營商,1,145,72,73,156203
2024-12-06,金融期貨,投信,0,19,0,19,40652
2024-12-06,金融期貨,外資及陸資,20,290,589,-299,-639740
2024-12-06,股票期貨,自營商,-2590,59617,196444,-136827,-39784288
2024-12-06,股票期貨,投信,-185,2111,36,2075,1992146
2024-12-06,股票期貨,外資及陸資,807,110976,315295,-204319,-65004465
2024-12-06,美國標普500期貨,自營商,0,0,114,-114,-138687
2024-12-06,美國標普500期貨,投信,0,0,0,0,0
2024-12-06,美國標普500期貨,外資及陸資,2,158,234,-76,-91758
2024-12-06,美國那斯達克100期貨,自營商,1,2,603,-601,-646021
2024-12-06,美國那斯達克100期貨,投信,0,1,0,1,1074
2024-12-06,美國那斯達克100期貨,外資及陸資,-40,355,1795,-1440,-1544057
2024-12-06,美國道瓊期貨,自營商,0,23,9,14,12544
2024-12-06,美國道瓊期貨,投信,0,4,0,4,3584
2024-12-06,美國道瓊期貨,外資及陸資,-117,852,117,735,661261
2024-12-06,美國費城半導體期貨,自營商,-1,289,120,169,68639
2024-12-06,美國費城半導體期貨,投信,0,17,0,17,6846
2024-12-06,美國費城半導體期貨,外資及陸資,-10,226,1262,-1036,-418410
2024-12-09,臺股期貨,自營商,172,4970,6636,-1666,-7743854
2024-12-09,臺股期貨,投信,-337,32232,5760,26472,123094800
2024-12-09,臺股期貨,外資及陸資,-1486,15082,52660,-37578,-174759868
2024-12-09,電子期貨,自營商,4,69,153,-84,-429931
2024-12-09,電子期貨,投信,-10,249,4,245,1254057
2024-12-09,電子期貨,外資及陸資,15,269,749,-480,-2456939
2024-12-09,金融期貨,自營商,-6,140,73,67,143525
2024-12-09,金融期貨,投信,0,19,0,19,40687
2024-12-09,金融期貨,外資及陸資,-3,289,591,-302,-646702
2024-12-09,股票期貨,自營商,174,60305,196958,-136653,-39931395
2024-12-09,股票期貨,投信,-764,1357,46,1311,1703156
2024-12-09,股票期貨,外資及陸資,-1986,111850,318155,-206305,-64457796
2024-12-09,美國標普500期貨,自營商,-2,0,116,-116,-141416
2024-12-09,美國標普500期貨,投信,0,0,0,0,0
2024-12-09,美國標普500期貨,外資及陸資,-4,160,240,-80,-96887
2024-12-09,美國那斯達克100期貨,自營商,3,4,602,-598,-648147
2024-12-09,美國那斯達克100期貨,投信,0,1,0,1,1083
2024-12-09,美國那斯達克100期貨,外資及陸資,209,401,1632,-1231,-1329968
2024-12-09,美國道瓊期貨,自營商,0,23,9,14,12507
2024-12-09,美國道瓊期貨,投信,0,4,0,4,3574
2024-12-09,美國道瓊期貨,外資及陸資,-86,810,161,649,582572
2024-12-09,美國費城半導體期貨,自營商,51,297,77,220,89887
2024-12-09,美國費城半導體期貨,投信,0,17,0,17,6895
2024-12-09,美國費城半導體期貨,外資及陸資,-39,180,1255,-1075,-437231
2024-12-10,臺股期貨,自營商,796,6029,6913,-884,-4079485
2024-12-10,臺股期貨,投信,-375,31951,5854,26097,120453314
2024-12-10,臺股期貨,外資及陸資,533,18172,55562,-37390,-172604131
2024-12-10,電子期貨,自營商,-6,73,163,-90,-456124
2024-12-10,電子期貨,投信,-4,245,4,241,1221484
2024-12-10,電子期貨,外資及陸資,-4,253,737,-484,-2453116
2024-12-10,金融期貨,自營商,2,149,80,69,147490
2024-12-10,金融期貨,投信,0,19,0,19,40595
2024-12-10,金融期貨,外資及陸資,2,286,586,-300,-640980
2024-12-10,股票期貨,自營商,4589,61461,193525,-132064,-38160625
2024-12-10,股票期貨,投信,0,1357,46,1311,1726669
2024-12-10,股票期貨,外資及陸資,-1459,110859,318623,-207764,-64343656
2024-12-10,美國標普500期貨,自營商,0,0,116,-116,-140673
2024-12-10,美國標普500期貨,投信,0,0,0,0,0
2024-12-10,美國標普500期貨,外資及陸資,-9,179,268,-89,-107677
2024-12-10,美國那斯達克100期貨,自營商,5,0,593,-593,-637212
2024-12-10,美國那斯達克100期貨,投信,0,1,0,1,1073
2024-12-10,美國那斯達克100期貨,外資及陸資,-319,388,1938,-1550,-1662368
2024-12-10,美國道瓊期貨,自營商,9,23,0,23,20460
2024-12-10,美國道瓊期貨,投信,0,4,0,4,3558
2024-12-10,美國道瓊期貨,外資及陸資,-187,587,125,462,413310
2024-12-10,美國費城半導體期貨,自營商,70,340,50,290,117255
2024-12-10,美國費城半導體期貨,投信,0,17,0,17,6833
2024-12-10,美國費城半導體期貨,外資及陸資,-68,178,1321,-1143,-460736
2024-12-11,臺股期貨,自營商,1187,7099,6848,251,1151170
2024-12-11,臺股期貨,投信,-158,31808,5869,25939,118525422
2024-12-11,臺股期貨,外資及陸資,-2285,19117,59085,-39968,-182665789
2024-12-11,電子期貨,自營商,48,81,110,-29,-145476
2024-12-11,電子期貨,投信,1,250,8,242,1214259
2024-12-11,電子期貨,外資及陸資,-60,208,752,-544,-2729592
2024-12-11,金融期貨,自營商,-6,144,72,72,153411
2024-12-11,金融期貨,投信,0,19,0,19,40481
2024-12-11,金融期貨,外資及陸資,-15,285,600,-315,-671163
2024-12-11,股票期貨,自營商,5595,64288,190757,-126469,-36974148
2024-12-11,股票期貨,投信,0,1357,46,1311,1701923
2024-12-11,股票期貨,外資及陸資,-1969,112180,321913,-209733,-64468995
2024-12-11,美國標普500期貨,自營商,0,0,116,-116,-140412
2024-12-11,美國標普500期貨,投信,0,0,0,0,0
2024-12-11,美國標普500期貨,外資及陸資,2,183,270,-87,-105184
2024-12-11,美國那斯達克100期貨,自營商,-42,0,635,-635,-681102
2024-12-11,美國那斯達克100期貨,投信,0,1,0,1,1072
2024-12-11,美國那斯達克100期貨,外資及陸資,148,343,1745,-1402,-1502385
2024-12-11,美國道瓊期貨,自營商,0,23,0,23,20389
2024-12-11,美國道瓊期貨,投信,0,4,0,4,3546
2024-12-11,美國道瓊期貨,外資及陸資,-103,488,129,359,320253
2024-12-11,美國費城半導體期貨,自營商,66,404,48,356,140839
2024-12-11,美國費城半導體期貨,投信,0,17,0,17,6680
2024-12-11,美國費城半導體期貨,外資及陸資,-70,167,1380,-1213,-478374
2024-12-12,臺股期貨,自營商,-464,6724,6928,-204,-937224
2024-12-12,臺股期貨,投信,332,32098,5827,26271,121409176
2024-12-12,臺股期貨,外資及陸資,468,20878,60293,-39415,-182191430
2024-12-12,電子期貨,自營商,12,98,115,-17,-86377
2024-12-12,電子期貨,投信,3,253,8,245,1245278
2024-12-12,電子期貨,外資及陸資,-2,220,766,-546,-2775113
2024-12-12,金融期貨,自營商,18,165,75,90,194334
2024-12-12,金融期貨,投信,0,19,0,19,41032
2024-12-12,金融期貨,外資及陸資,19,292,588,-296,-639112
2024-12-12,股票期貨,自營商,1796,66485,191158,-124673,-37189113
2024-12-12,股票期貨,投信,0,1357,46,1311,1787155
2024-12-12,股票期貨,外資及陸資,-574,111004,321311,-210307,-64659966
2024-12-12,美國標普500期貨,自營商,0,0,116,-116,-141166
2024-12-12,美國標普500期貨,投信,0,0,0,0,0
2024-12-12,美國標普500期貨,外資及陸資,-3,183,273,-90,-109442
2024-12-12,美國那斯達克100期貨,自營商,140,2,497,-495,-539242
2024-12-12,美國那斯達克100期貨,投信,0,1,0,1,1088
2024-12-12,美國那斯達克100期貨,外資及陸資,273,312,1441,-1129,-1229193
2024-12-12,美國道瓊期貨,自營商,0,23,0,23,20307
2024-12-12,美國道瓊期貨,投信,0,4,0,4,3532
2024-12-12,美國道瓊期貨,外資及陸資,-173,459,273,186,166144
2024-12-12,美國費城半導體期貨,自營商,0,394,38,356,144055
2024-12-12,美國費城半導體期貨,投信,-2,15,0,15,6103
2024-12-12,美國費城半導體期貨,外資及陸資,84,190,1319,-1129,-455708
2024-12-13,臺股期貨,自營商,365,7839,7670,169,791142
2024-12-13,臺股期貨,投信,-20,32036,5785,26251,120672381
2024-12-13,臺股期貨,外資及陸資,-1680,19380,61541,-42161,-193862962
2024-12-13,電子期貨,自營商,12,104,111,-7,-35477
2024-12-13,電子期貨,投信,18,271,8,263,1333786
2024-12-13,電子期貨,外資及陸資,-23,195,764,-569,-2885552
2024-12-13,金融期貨,自營商,-3,153,66,87,186834
2024-12-13,金融期貨,投信,-1,18,0,18,38646
2024-12-13,金融期貨,外資及陸資,-20,277,593,-316,-678614
2024-12-13,股票期貨,自營商,7929,68541,185285,-116744,-35272923
2024-12-13,股票期貨,投信,-160,1197,46,1151,1475866
2024-12-13,股票期貨,外資及陸資,1666,111775,320416,-208641,-63161570
2024-12-13,美國標普500期貨,自營商,0,0,116,-116,-140604
2024-12-13,美國標普500期貨,投信,0,0,0,0,0
2024-12-13,美國標普500期貨,外資及陸資,-28,182,300,-118,-143343
2024-12-13,美國那斯達克100期貨,自營商,2,0,493,-493,-536334
2024-12-13,美國那斯達克100期貨,投信,0,1,0,1,1087
2024-12-13,美國那斯達克100期貨,外資及陸資,-111,266,1506,-1240,-1349940
2024-12-13,美國道瓊期貨,自營商,0,23,0,23,20230
2024-12-13,美國道瓊期貨,投信,0,4,0,4,3518
2024-12-13,美國道瓊期貨,外資及陸資,-150,397,361,36,33178
2024-12-13,美國費城半導體期貨,自營商,-9,388,41,347,141872
2024-12-13,美國費城半導體期貨,投信,0,15,0,15,6167
2024-12-13,美國費城半導體期貨,外資及陸資,73,148,1204,-1056,-430762
2024-12-16,臺股期貨,自營商,-548,6335,6780,-445,-2041636
2024-12-16,臺股期貨,投信,-16,32019,5784,26235,120644932
2024-12-16,臺股期貨,外資及陸資,1055,18780,59850,-41070,-188852033
2024-12-16,電子期貨,自營商,-14,184,205,-21,-106203
2024-12-16,電子期貨,投信,9,280,8,272,1381267
2024-12-16,電子期貨,外資及陸資,42,194,721,-527,-2675925
2024-12-16,金融期貨,自營商,13,180,80,100,215278
2024-12-16,金融期貨,投信,0,18,0,18,38844
2024-12-16,金融期貨,外資及陸資,-21,368,705,-337,-726040
2024-12-16,股票期貨,自營商,9016,70577,178305,-107728,-32939920
2024-12-16,股票期貨,投信,-10,1197,56,1141,1509573
2024-12-16,股票期貨,外資及陸資,3818,116526,321349,-204823,-60151039
2024-12-16,美國標普500期貨,自營商,-11,0,127,-127,-154008
2024-12-16,美國標普500期貨,投信,0,0,0,0,0
2024-12-16,美國標普500期貨,外資及陸資,11,179,286,-107,-129804
2024-12-16,美國那斯達克100期貨,自營商,153,0,340,-340,-371136
2024-12-16,美國那斯達克100期貨,投信,0,1,0,1,1089
2024-12-16,美國那斯達克100期貨,外資及陸資,20,221,1441,-1220,-1331139
2024-12-16,美國道瓊期貨,自營商,-1,23,1,22,19304
2024-12-16,美國道瓊期貨,投信,0,4,0,4,3512
2024-12-16,美國道瓊期貨,外資及陸資,-145,390,499,-109,-94788
2024-12-16,美國費城半導體期貨,自營商,-31,395,79,316,131060
2024-12-16,美國費城半導體期貨,投信,0,15,0,15,6257
2024-12-16,美國費城半導體期貨,外資及陸資,62,167,1161,-994,-411629
2024-12-17,臺股期貨,自營商,-1174,5341,7098,-1757,-8119276
2024-12-17,臺股期貨,投信,84,32052,5729,26323,121580285
2024-12-17,臺股期貨,外資及陸資,1055,22263,62025,-39762,-183547497
2024-12-17,電子期貨,自營商,-26,217,264,-47,-239836
2024-12-17,電子期貨,投信,34,314,8,306,1565863
2024-12-17,電子期貨,外資及陸資,28,210,709,-499,-2553228
2024-12-17,金融期貨,自營商,13,192,79,113,240559
2024-12-17,金融期貨,投信,0,18,0,18,38376
2024-12-17,金融期貨,外資及陸資,-38,305,680,-375,-798759
2024-12-17,股票期貨,自營商,1614,70929,177043,-106114,-33043191
2024-12-17,股票期貨,投信,-22,1197,78,1119,1620961
2024-12-17,股票期貨,外資及陸資,1946,117513,320390,-202877,-59842796
2024-12-17,美國標普500期貨,自營商,9,0,118,-118,-143528
2024-12-17,美國標普500期貨,投信,0,0,0,0,0
2024-12-17,美國標普500期貨,外資及陸資,-10,186,303,-117,-142596
2024-12-17,美國那斯達克100期貨,自營商,192,0,148,-148,-164166
2024-12-17,美國那斯達克100期貨,投信,0,1,0,1,1105
2024-12-17,美國那斯達克100期貨,外資及陸資,175,462,1507,-1045,-1158953
2024-12-17,美國道瓊期貨,自營商,-16,7,1,6,5236
2024-12-17,美國道瓊期貨,投信,0,4,0,4,3497
2024-12-17,美國道瓊期貨,外資及陸資,-87,384,580,-196,-170907
2024-12-17,美國費城半導體期貨,自營商,-80,402,166,236,99223
2024-12-17,美國費城半導體期貨,投信,0,15,0,15,6373
2024-12-17,美國費城半導體期貨,外資及陸資,116,106,984,-878,-369643
2024-12-18,臺股期貨,自營商,-931,3537,5340,-1803,-8363346
2024-12-18,臺股期貨,投信,0,32052,5729,26323,122028164
2024-12-18,臺股期貨,外資及陸資,1717,16620,51338,-34718,-160946970
2024-12-18,電子期貨,自營商,2,113,78,35,180026
2024-12-18,電子期貨,投信,3,309,0,309,1589372
2024-12-18,電子期貨,外資及陸資,5,198,687,-489,-2515220
2024-12-18,金融期貨,自營商,43,63,37,26,55400
2024-12-18,金融期貨,投信,0,18,0,18,38354
2024-12-18,金融期貨,外資及陸資,-31,247,483,-236,-502868
2024-12-18,股票期貨,自營商,-5266,46060,135785,-89725,-31907460
2024-12-18,股票期貨,投信,-23,302,70,232,783443
2024-12-18,股票期貨,外資及陸資,5983,89569,259566,-169997,-52221327
2024-12-18,美國標普500期貨,自營商,0,0,118,-118,-143186
2024-12-18,美國標普500期貨,投信,0,0,0,0,0
2024-12-18,美國標普500期貨,外資及陸資,-15,187,319,-132,-160984
2024-12-18,美國那斯達克100期貨,自營商,7,0,141,-141,-155975
2024-12-18,美國那斯達克100期貨,投信,0,1,0,1,1102
2024-12-18,美國那斯達克100期貨,外資及陸資,-131,395,1571,-1176,-1300538
2024-12-18,美國道瓊期貨,自營商,1,7,0,7,6100
2024-12-18,美國道瓊期貨,投信,0,4,0,4,3486
2024-12-18,美國道瓊期貨,外資及陸資,-326,86,608,-522,-455692
2024-12-18,美國費城半導體期貨,自營商,3,397,158,239,99128
2024-12-18,美國費城半導體期貨,投信,0,15,0,15,6294
2024-12-18,美國費城半導體期貨,外資及陸資,53,133,958,-825,-343119
2024-12-19,臺股期貨,自營商,886,4832,5755,-923,-4226250
2024-12-19,臺股期貨,投信,-1249,30892,5818,25074,114598210
2024-12-19,臺股期貨,外資及陸資,-1713,13025,51628,-38603,-176432225
2024-12-19,電子期貨,自營商,-24,87,76,11,55687
2024-12-19,電子期貨,投信,-11,298,0,298,1508595
2024-12-19,電子期貨,外資及陸資,-52,195,736,-541,-2738758
2024-12-19,金融期貨,自營商,17,86,43,43,90463
2024-12-19,金融期貨,投信,0,18,0,18,37868
2024-12-19,金融期貨,外資及陸資,-46,242,524,-282,-593271
2024-12-19,股票期貨,自營商,-11134,46773,147632,-100859,-34282442
2024-12-19,股票期貨,投信,-2,302,72,230,761665
2024-12-19,股票期貨,外資及陸資,-11799,92841,274637,-181796,-55554367
2024-12-19,美國標普500期貨,自營商,0,0,118,-118,-139086
2024-12-19,美國標普500期貨,投信,0,0,0,0,0
2024-12-19,美國標普500期貨,外資及陸資,-28,151,311,-160,-189741
2024-12-19,美國那斯達克100期貨,自營商,16,38,163,-125,-133307
2024-12-19,美國那斯達克100期貨,投信,0,1,0,1,1062
2024-12-19,美國那斯達克100期貨,外資及陸資,-416,301,1893,-1592,-1704442
2024-12-19,美國道瓊期貨,自營商,0,7,0,7,5939
2024-12-19,美國道瓊期貨,投信,0,4,0,4,3394
2024-12-19,美國道瓊期貨,外資及陸資,-256,72,850,-778,-663574
2024-12-19,美國費城半導體期貨,自營商,-66,337,164,173,68962
2024-12-19,美國費城半導體期貨,投信,0,15,0,15,5994
2024-12-19,美國費城半導體期貨,外資及陸資,5,106,926,-820,-327142
2024-12-20,臺股期貨,自營商,-161,4695,5765,-1070,-4853579
2024-12-20,臺股期貨,投信,258,31455,6123,25332,114657698
2024-12-20,臺股期貨,外資及陸資,2040,11760,48323,-36563,-165492868
2024-12-20,電子期貨,自營商,-65,41,98,-57,-285137
2024-12-20,電子期貨,投信,-9,289,0,289,1445694
2024-12-20,電子期貨,外資及陸資,70,197,668,-471,-2356130
2024-12-20,金融期貨,自營商,-14,88,59,29,60798
2024-12-20,金融期貨,投信,0,18,0,18,37735
2024-12-20,金融期貨,外資及陸資,-14,230,526,-296,-620534
2024-12-20,股票期貨,自營商,481,49528,149906,-100378,-33975417
2024-12-20,股票期貨,投信,-15,302,87,215,736604
2024-12-20,股票期貨,外資及陸資,-10389,96501,288686,-192185,-58485418
2024-12-20,美國標普500期貨,自營商,3,0,9,-9,-10642
2024-12-20,美國標普500期貨,投信,0,0,0,0,0
2024-12-20,美國標普500期貨,外資及陸資,-29,18,153,-135,-159631
2024-12-20,美國那斯達克100期貨,自營商,24,0,35,-35,-37223
2024-12-20,美國那斯達克100期貨,投信,-1,0,0,0,0
2024-12-20,美國那斯達克100期貨,外資及陸資,-345,4,1524,-1520,-1616520
2024-12-20,美國道瓊期貨,自營商,0,0,0,0,0
2024-12-20,美國道瓊期貨,投信,-4,0,0,0,0
2024-12-20,美國道瓊期貨,外資及陸資,-153,3,545,-542,-462998
2024-12-20,美國費城半導體期貨,自營商,17,177,149,28,11028
2024-12-20,美國費城半導體期貨,投信,0,15,0,15,5908
2024-12-20,美國費城半導體期貨,外資及陸資,-14,20,334,-314,-123666
2024-12-23,臺股期貨,自營商,-2970,3172,7400,-4228,-19651296
2024-12-23,臺股期貨,投信,587,31798,5879,25919,120435226
2024-12-23,臺股期貨,外資及陸資,2573,13465,46411,-32946,-153087650
2024-12-23,電子期貨,自營商,-20,33,111,-78,-402573
2024-12-23,電子期貨,投信,-30,259,0,259,1336751
2024-12-23,電子期貨,外資及陸資,126,255,600,-345,-1780614
2024-12-23,金融期貨,自營商,-11,72,54,18,38329
2024-12-23,金融期貨,投信,0,18,0,18,38326
2024-12-23,金融期貨,外資及陸資,23,248,521,-273,-581271
2024-12-23,股票期貨,自營商,-4151,49981,154510,-104529,-35411356
2024-12-23,股票期貨,投信,-24,278,87,191,737133
2024-12-23,股票期貨,外資及陸資,3014,99475,288646,-189171,-56840912
2024-12-23,美國標普500期貨,自營商,0,0,9,-9,-10856
2024-12-23,美國標普500期貨,投信,0,0,0,0,0
2024-12-23,美國標普500期貨,外資及陸資,-12,2,145,-143,-172550
2024-12-23,美國那斯達克100期貨,自營商,-13,0,48,-48,-52188
2024-12-23,美國那斯達克100期貨,投信,0,0,0,0,0
2024-12-23,美國那斯達克100期貨,外資及陸資,-92,3,1634,-1631,-1773500
2024-12-23,美國道瓊期貨,自營商,4,4,0,4,3479
2024-12-23,美國道瓊期貨,投信,0,0,0,0,0
2024-12-23,美國道瓊期貨,外資及陸資,-7,1,561,-560,-487059
2024-12-23,美國費城半導體期貨,自營商,-7,160,156,4,1622
2024-12-23,美國費城半導體期貨,投信,0,15,0,15,6084
2024-12-23,美國費城半導體期貨,外資及陸資,24,0,392,-392,-158995
2024-12-24,臺股期貨,自營商,1285,3540,6499,-2959,-13738299
2024-12-24,臺股期貨,投信,-172,31601,5854,25747,119471229
2024-12-24,臺股期貨,外資及陸資,-2617,12255,48305,-36050,-167281159
2024-12-24,電子期貨,自營商,-84,10,172,-162,-836082
2024-12-24,電子期貨,投信,120,379,0,379,1956019
2024-12-24,電子期貨,外資及陸資,-42,276,663,-387,-1997307
2024-12-24,金融期貨,自營商,-18,79,79,0,6
2024-12-24,金融期貨,投信,0,18,0,18,38383
2024-12-24,金融期貨,外資及陸資,-12,252,537,-285,-607734
2024-12-24,股票期貨,自營商,-6984,50770,162283,-111513,-37101430
2024-12-24,股票期貨,投信,-1,277,87,190,712667
2024-12-24,股票期貨,外資及陸資,1589,100779,288361,-187582,-56195877
2024-12-24,美國標普500期貨,自營商,0,0,9,-9,-10868
2024-12-24,美國標普500期貨,投信,0,0,0,0,0
2024-12-24,美國標普500期貨,外資及陸資,-16,0,159,-159,-192050
2024-12-24,美國那斯達克100期貨,自營商,-53,0,101,-101,-109908
2024-12-24,美國那斯達克100期貨,投信,0,0,0,0,0
2024-12-24,美國那斯達克100期貨,外資及陸資,-128,1,1760,-1759,-1914271
2024-12-24,美國道瓊期貨,自營商,-30,0,26,-26,-22541
2024-12-24,美國道瓊期貨,投信,0,0,0,0,0
2024-12-24,美國道瓊期貨,外資及陸資,-199,0,759,-759,-658049
2024-12-24,美國費城半導體期貨,自營商,-2,180,178,2,668
2024-12-24,美國費城半導體期貨,投信,0,15,0,15,6199
2024-12-24,美國費城半導體期貨,外資及陸資,-1,26,419,-393,-162294
2024-12-25,臺股期貨,自營商,386,3455,6037,-2582,-12052704
2024-12-25,臺股期貨,投信,100,31632,5785,25847,120581424
2024-12-25,臺股期貨,外資及陸資,-823,12625,49498,-36873,-172021420
2024-12-25,電子期貨,自營商,-5,12,179,-167,-865694
2024-12-25,電子期貨,投信,10,389,0,389,2016498
2024-12-25,電子期貨,外資及陸資,-2,269,658,-389,-2016498
2024-12-25,金融期貨,自營商,-1,91,92,-1,-2130
2024-12-25,金融期貨,投信,0,18,0,18,38340
2024-12-25,金融期貨,外資及陸資,-20,251,556,-305,-649650
2024-12-25,股票期貨,自營商,-8467,49605,169585,-119980,-39482999
2024-12-25,股票期貨,投信,-10,277,97,180,714785
2024-12-25,股票期貨,外資及陸資,1147,102794,289229,-186435,-55848418
2024-12-25,美國標普500期貨,自營商,0,0,9,-9,-10980
2024-12-25,美國標普500期貨,投信,0,0,0,0,0
2024-12-25,美國標普500期貨,外資及陸資,-4,0,163,-163,-198928
2024-12-25,美國那斯達克100期貨,自營商,3,0,98,-98,-108138
2024-12-25,美國那斯達克100期貨,投信,0,0,0,0,0
2024-12-25,美國那斯達克100期貨,外資及陸資,17,5,1747,-1742,-1922312
2024-12-25,美國道瓊期貨,自營商,1,0,25,-25,-21805
2024-12-25,美國道瓊期貨,投信,0,0,0,0,0
2024-12-25,美國道瓊期貨,外資及陸資,137,0,622,-622,-542543
2024-12-25,美國費城半導體期貨,自營商,35,221,184,37,15391
2024-12-25,美國費城半導體期貨,投信,0,15,0,15,6299
2024-12-25,美國費城半導體期貨,外資及陸資,-55,36,484,-448,-188027
2024-12-26,臺股期貨,自營商,467,3724,5861,-2137,-9977435
2024-12-26,臺股期貨,投信,51,31684,5786,25898,120819350
2024-12-26,臺股期貨,外資及陸資,-1656,12820,51503,-38683,-180465539
2024-12-26,電子期貨,自營商,-8,12,187,-175,-910420
2024-12-26,電子期貨,投信,28,417,0,417,2169401
2024-12-26,電子期貨,外資及陸資,-26,278,693,-415,-2158996
2024-12-26,金融期貨,自營商,-6,86,93,-7,-14865
2024-12-26,金融期貨,投信,0,18,0,18,38246
2024-12-26,金融期貨,外資及陸資,-3,248,556,-308,-654439
2024-12-26,股票期貨,自營商,-3626,49646,173252,-123606,-40830460
2024-12-26,股票期貨,投信,-15,277,112,165,723814
2024-12-26,股票期貨,外資及陸資,-1131,103324,290890,-187566,-55752832
2024-12-26,美國標普500期貨,自營商,0,0,9,-9,-11043
2024-12-26,美國標普500期貨,投信,0,0,0,0,0
2024-12-26,美國標普500期貨,外資及陸資,0,0,163,-163,-200069
2024-12-26,美國那斯達克100期貨,自營商,-10,0,108,-108,-119453
2024-12-26,美國那斯達克100期貨,投信,0,0,0,0,0
2024-12-26,美國那斯達克100期貨,外資及陸資,11,5,1736,-1731,-1914653
2024-12-26,美國道瓊期貨,自營商,7,0,18,-18,-15714
2024-12-26,美國道瓊期貨,投信,0,0,0,0,0
2024-12-26,美國道瓊期貨,外資及陸資,-3,0,625,-625,-545656
2024-12-26,美國費城半導體期貨,自營商,23,228,168,60,24874
2024-12-26,美國費城半導體期貨,投信,0,15,0,15,6266
2024-12-26,美國費城半導體期貨,外資及陸資,-22,36,506,-470,-196134
2024-12-27,臺股期貨,自營商,-802,3070,5988,-2918,-13646015
2024-12-27,臺股期貨,投信,145,31807,5764,26043,121735399
2024-12-27,臺股期貨,外資及陸資,2059,13611,50076,-36465,-170453658
2024-12-27,電子期貨,自營商,-16,5,195,-190,-990248
2024-12-27,電子期貨,投信,0,417,0,417,2173404
2024-12-27,電子期貨,外資及陸資,-6,290,711,-421,-2194252
2024-12-27,金融期貨,自營商,-19,89,115,-26,-55377
2024-12-27,金融期貨,投信,0,18,0,18,38344
2024-12-27,金融期貨,外資及陸資,31,262,539,-277,-590066
2024-12-27,股票期貨,自營商,-141,51453,175200,-123747,-41194912
2024-12-27,股票期貨,投信,-205,277,317,-40,661305
2024-12-27,股票期貨,外資及陸資,-5050,102241,294857,-192616,-56274606
2024-12-27,美國標普500期貨,自營商,0,0,9,-9,-10964
2024-12-27,美國標普500期貨,投信,1,1,0,1,1218
2024-12-27,美國標普500期貨,外資及陸資,-5,0,168,-168,-204747
2024-12-27,美國那斯達克100期貨,自營商,-120,0,228,-228,-250595
2024-12-27,美國那斯達克100期貨,投信,1,1,0,1,1099
2024-12-27,美國那斯達克100期貨,外資及陸資,-23,7,1761,-1754,-1927967
2024-12-27,美國道瓊期貨,自營商,0,0,18,-18,-15723
2024-12-27,美國道瓊期貨,投信,1,1,0,1,874
2024-12-27,美國道瓊期貨,外資及陸資,141,1,485,-484,-422845
2024-12-27,美國費城半導體期貨,自營商,-11,244,195,49,20206
2024-12-27,美國費城半導體期貨,投信,0,15,0,15,6250
2024-12-27,美國費城半導體期貨,外資及陸資,-17,45,532,-487,-202703
2024-12-30,臺股期貨,自營商,1086,3705,5524,-1819,-8438106
2024-12-30,臺股期貨,投信,-375,31519,5851,25668,118950646
2024-12-30,臺股期貨,外資及陸資,-2331,12554,51807,-39253,-181909338
2024-12-30,電子期貨,自營商,-16,6,211,-205,-1057506
2024-12-30,電子期貨,投信,-20,397,0,397,2048044
2024-12-30,電子期貨,外資及陸資,29,331,723,-392,-2022249
2024-12-30,金融期貨,自營商,-12,88,126,-38,-80621
2024-12-30,金融期貨,投信,0,18,0,18,38192
2024-12-30,金融期貨,外資及陸資,19,257,515,-258,-547424
2024-12-30,股票期貨,自營商,1020,52427,175154,-122727,-40399097
2024-12-30,股票期貨,投信,-59,227,326,-99,499128
2024-12-30,股票期貨,外資及陸資,95,102336,294857,-192521,-56831539
2024-12-30,美國標普500期貨,自營商,0,0,9,-9,-10835
2024-12-30,美國標普500期貨,投信,0,1,0,1,1204
2024-12-30,美國標普500期貨,外資及陸資,-11,0,179,-179,-215599
2024-12-30,美國那斯達克100期貨,自營商,-128,0,356,-356,-385495
2024-12-30,美國那斯達克100期貨,投信,1,2,0,2,2166
2024-12-30,美國那斯達克100期貨,外資及陸資,452,0,1302,-1302,-1410065
2024-12-30,美國道瓊期貨,自營商,0,0,18,-18,-15583
2024-12-30,美國道瓊期貨,投信,1,2,0,2,1731
2024-12-30,美國道瓊期貨,外資及陸資,-38,0,522,-522,-451955
2024-12-30,美國費城半導體期貨,自營商,-11,252,214,38,15367
2024-12-30,美國費城半導體期貨,投信,0,15,0,15,6192
2024-12-30,美國費城半導體期貨,外資及陸資,40,64,511,-447,-184207
2024-12-31,臺股期貨,自營商,918,4516,5404,-888,-4102044
2024-12-31,臺股期貨,投信,-174,31352,5858,25494,117496748
2024-12-31,臺股期貨,外資及陸資,-1326,10700,52464,-41764,-192485475
2024-12-31,電子期貨,自營商,2,15,216,-201,-1030490
2024-12-31,電子期貨,投信,-100,297,0,297,1522778
2024-12-31,電子期貨,外資及陸資,31,343,704,-361,-1850919
2024-12-31,金融期貨,自營商,-2,94,134,-40,-84188
2024-12-31,金融期貨,投信,0,18,0,18,37894
2024-12-31,金融期貨,外資及陸資,-27,239,524,-285,-599982
2024-12-31,股票期貨,自營商,2662,53708,173773,-120065,-39951417
2024-12-31,股票期貨,投信,-43,227,369,-142,507126
2024-12-31,股票期貨,外資及陸資,-3481,102805,298807,-196002,-57620196
2024-12-31,美國標普500期貨,自營商,0,0,9,-9,-10714
2024-12-31,美國標普500期貨,投信,0,1,0,1,1190
2024-12-31,美國標普500期貨,外資及陸資,-3,0,182,-182,-216774
2024-12-31,美國那斯達克100期貨,自營商,3,0,353,-353,-377675
2024-12-31,美國那斯達克100期貨,投信,2,4,0,4,4280
2024-12-31,美國那斯達克100期貨,外資及陸資,-202,0,1504,-1504,-1609529
2024-12-31,美國道瓊期貨,自營商,0,0,18,-18,-15480
2024-12-31,美國道瓊期貨,投信,0,2,0,2,1720
2024-12-31,美國道瓊期貨,外資及陸資,-62,3,587,-584,-502318
2024-12-31,美國費城半導體期貨,自營商,7,254,209,45,18024
2024-12-31,美國費城半導體期貨,投信,0,15,0,15,6101
2024-12-31,美國費城半導體期貨,外資及陸資,4,85,528,-443,-179931
2025-01-02,臺股期貨,自營商,1807,6301,5365,936,4269234
2025-01-02,臺股期貨,投信,-43,31482,6031,25451,116275438
2025-01-02,臺股期貨,外資及陸資,-1062,9023,52279,-43256,-197631046
2025-01-02,電子期貨,自營商,12,25,214,-189,-958214
2025-01-02,電子期貨,投信,-24,273,0,273,1384219
2025-01-02,電子期貨,外資及陸資,4,329,686,-357,-1810132
2025-01-02,金融期貨,自營商,9,105,136,-31,-65119
2025-01-02,金融期貨,投信,0,18,0,18,37822
2025-01-02,金融期貨,外資及陸資,-24,228,537,-309,-649270
2025-01-02,股票期貨,自營商,2180,57049,174934,-117885,-39007530
2025-01-02,股票期貨,投信,-51,227,420,-193,476504
2025-01-02,股票期貨,外資及陸資,-4389,103115,303506,-200391,-58659904
2025-01-02,美國標普500期貨,自營商,0,0,9,-9,-10739
2025-01-02,美國標普500期貨,投信,0,1,0,1,1193
2025-01-02,美國標普500期貨,外資及陸資,-7,0,189,-189,-225661
2025-01-02,美國那斯達克100期貨,自營商,50,0,303,-303,-323968
2025-01-02,美國那斯達克100期貨,投信,0,4,0,4,4277
2025-01-02,美國那斯達克100期貨,外資及陸資,-73,11,1588,-1577,-1686552
2025-01-02,美國道瓊期貨,自營商,0,0,18,-18,-15488
2025-01-02,美國道瓊期貨,投信,0,2,0,2,1721
2025-01-02,美國道瓊期貨,外資及陸資,27,7,564,-557,-479361
2025-01-02,美國費城半導體期貨,自營商,42,237,150,87,34890
2025-01-02,美國費城半導體期貨,投信,0,15,0,15,6069
2025-01-02,美國費城半導體期貨,外資及陸資,-40,70,553,-483,-195146
2025-01-03,臺股期貨,自營商,-1707,5069,5829,-760,-3491292
2025-01-03,臺股期貨,投信,225,31595,5919,25676,117991490
2025-01-03,臺股期貨,外資及陸資,2909,9809,49783,-39974,-183710227
2025-01-03,電子期貨,自營商,31,18,176,-158,-806972
2025-01-03,電子期貨,投信,-14,259,0,259,1322972
2025-01-03,電子期貨,外資及陸資,37,333,653,-320,-1634560
2025-01-03,金融期貨,自營商,7,111,135,-24,-50565
2025-01-03,金融期貨,投信,0,18,0,18,37944
2025-01-03,金融期貨,外資及陸資,8,229,530,-301,-634508
2025-01-03,股票期貨,自營商,759,58212,175338,-117126,-39411767
2025-01-03,股票期貨,投信,-16,229,438,-209,472780
2025-01-03,股票期貨,外資及陸資,1680,105097,303808,-198711,-55922655
2025-01-03,美國標普500期貨,自營商,0,0,9,-9,-10684
2025-01-03,美國標普500期貨,投信,0,1,0,1,1187
2025-01-03,美國標普500期貨,外資及陸資,-26,0,215,-215,-255380
2025-01-03,美國那斯達克100期貨,自營商,-10,0,313,-313,-332234
2025-01-03,美國那斯達克100期貨,投信,0,4,0,4,4246
2025-01-03,美國那斯達克100期貨,外資及陸資,-160,16,1753,-1737,-1844444
2025-01-03,美國道瓊期貨,自營商,0,0,18,-18,-15397
2025-01-03,美國道瓊期貨,投信,0,2,0,2,1711
2025-01-03,美國道瓊期貨,外資及陸資,-106,3,666,-663,-567208
2025-01-03,美國費城半導體期貨,自營商,56,280,137,143,57764
2025-01-03,美國費城半導體期貨,投信,0,15,0,15,6095
2025-01-03,美國費城半導體期貨,外資及陸資,-14,104,601,-497,-201567
2025-01-06,臺股期貨,自營商,-2183,3769,6686,-2917,-13764919
2025-01-06,臺股期貨,投信,842,31853,5335,26518,125196782
2025-01-06,臺股期貨,外資及陸資,3954,15770,48632,-32862,-155156533
2025-01-06,電子期貨,自營商,-13,19,188,-169,-891327
2025-01-06,電子期貨,投信,-4,255,0,255,1345023
2025-01-06,電子期貨,外資及陸資,87,426,659,-233,-1228981
2025-01-06,金融期貨,自營商,-13,118,155,-37,-78899
2025-01-06,金融期貨,投信,0,18,0,18,38390
2025-01-06,金融期貨,外資及陸資,29,278,550,-272,-580122
2025-01-06,股票期貨,自營商,-5172,60399,182697,-122298,-44531513
2025-01-06,股票期貨,投信,-18,229,456,-227,492899
2025-01-06,股票期貨,外資及陸資,9611,110910,300010,-189100,-53099834
2025-01-06,美國標普500期貨,自營商,0,0,9,-9,-10794
2025-01-06,美國標普500期貨,投信,0,1,0,1,1199
2025-01-06,美國標普500期貨,外資及陸資,-11,0,226,-226,-271215
2025-01-06,美國那斯達克100期貨,自營商,-34,0,347,-347,-374101
2025-01-06,美國那斯達克100期貨,投信,0,4,0,4,4312
2025-01-06,美國那斯達克100期貨,外資及陸資,-86,13,1836,-1823,-1966048
2025-01-06,美國道瓊期貨,自營商,-12,0,30,-30,-25825
2025-01-06,美國道瓊期貨,投信,0,2,0,2,1722
2025-01-06,美國道瓊期貨,外資及陸資,-1,2,666,-664,-571680
2025-01-06,美國費城半導體期貨,自營商,23,282,116,166,69143
2025-01-06,美國費城半導體期貨,投信,0,15,0,15,6270
2025-01-06,美國費城半導體期貨,外資及陸資,-48,112,657,-545,-227541
2025-01-07,臺股期貨,自營商,-434,3644,7002,-3358,-15937916
2025-01-07,臺股期貨,投信,-715,31059,5256,25803,122522966
2025-01-07,臺股期貨,外資及陸資,2516,18069,48415,-30346,-144103436
2025-01-07,電子期貨,自營商,-13,15,197,-182,-970363
2025-01-07,電子期貨,投信,15,270,0,270,1439694
2025-01-07,電子期貨,外資及陸資,-3,430,666,-236,-1258399
2025-01-07,金融期貨,自營商,-8,117,162,-45,-95824
2025-01-07,金融期貨,投信,5,23,0,23,48985
2025-01-07,金融期貨,外資及陸資,-21,274,567,-293,-624032
2025-01-07,股票期貨,自營商,667,64273,185904,-121631,-46190180
2025-01-07,股票期貨,投信,-3,226,456,-230,489495
2025-01-07,股票期貨,外資及陸資,-2124,111395,302619,-191224,-54487613
2025-01-07,美國標普500期貨,自營商,0,0,9,-9,-10835
2025-01-07,美國標普500期貨,投信,0,1,0,1,1204
2025-01-07,美國標普500期貨,外資及陸資,-22,0,248,-248,-298726
2025-01-07,美國那斯達克100期貨,自營商,-17,0,364,-364,-395181
2025-01-07,美國那斯達克100期貨,投信,0,4,0,4,4342
2025-01-07,美國那斯達克100期貨,外資及陸資,2,13,1834,-1821,-1977395
2025-01-07,美國道瓊期貨,自營商,-6,0,36,-36,-30938
2025-01-07,美國道瓊期貨,投信,0,2,0,2,1719
2025-01-07,美國道瓊期貨,外資及陸資,-79,3,746,-743,-638675
2025-01-07,美國費城半導體期貨,自營商,4,281,111,170,72401
2025-01-07,美國費城半導體期貨,投信,0,15,0,15,6412
2025-01-07,美國費城半導體期貨,外資及陸資,-9,98,652,-554,-236527
2025-01-08,臺股期貨,自營商,2002,4990,6447,-1457,-6830497
2025-01-08,臺股期貨,投信,-458,30748,5403,25345,118863008
2025-01-08,臺股期貨,外資及陸資,-6290,17576,55028,-37452,-175653979
2025-01-08,電子期貨,自營商,20,11,165,-154,-807511
2025-01-08,電子期貨,投信,-1,269,0,269,1410582
2025-01-08,電子期貨,外資及陸資,-40,399,675,-276,-1447289
2025-01-08,金融期貨,自營商,-13,95,170,-75,-159745
2025-01-08,金融期貨,投信,0,23,0,23,48995
2025-01-08,金融期貨,外資及陸資,48,293,538,-245,-521899
2025-01-08,股票期貨,自營商,-1682,64687,188000,-123313,-45881891
2025-01-08,股票期貨,投信,2,226,454,-228,472288
2025-01-08,股票期貨,外資及陸資,-3843,110748,305815,-195067,-57493121
2025-01-08,美國標普500期貨,自營商,6,6,9,-3,-3582
2025-01-08,美國標普500期貨,投信,0,1,0,1,1194
2025-01-08,美國標普500期貨,外資及陸資,-373,0,621,-621,-741930
2025-01-08,美國那斯達克100期貨,自營商,18,0,346,-346,-370987
2025-01-08,美國那斯達克100期貨,投信,0,4,0,4,4289
2025-01-08,美國那斯達克100期貨,外資及陸資,-303,11,2135,-2124,-2277810
2025-01-08,美國道瓊期貨,自營商,0,0,36,-36,-30915
2025-01-08,美國道瓊期貨,投信,0,2,0,2,1717
2025-01-08,美國道瓊期貨,外資及陸資,44,3,702,-699,-600400
2025-01-08,美國費城半導體期貨,自營商,-10,252,92,160,67387
2025-01-08,美國費城半導體期貨,投信,0,15,0,15,6344
2025-01-08,美國費城半導體期貨,外資及陸資,21,154,687,-533,-225118
2025-01-09,臺股期貨,自營商,1203,5623,5917,-294,-1360253
2025-01-09,臺股期貨,投信,-408,30444,5507,24937,115205002
2025-01-09,臺股期貨,外資及陸資,-2029,16753,57753,-41000,-189438965
2025-01-09,電子期貨,自營商,3,24,173,-149,-771747
2025-01-09,電子期貨,投信,0,269,0,269,1393312
2025-01-09,電子期貨,外資及陸資,-25,402,703,-301,-1559060
2025-01-09,金融期貨,自營商,-17,87,179,-92,-194919
2025-01-09,金融期貨,投信,0,23,0,23,48732
2025-01-09,金融期貨,外資及陸資,12,283,516,-233,-493641
2025-01-09,股票期貨,自營商,10626,69200,181887,-112687,-43480803
2025-01-09,股票期貨,投信,25,226,429,-203,469473
2025-01-09,股票期貨,外資及陸資,-4845,111829,311741,-199912,-57073772
2025-01-09,美國標普500期貨,自營商,-7,0,10,-10,-11904
2025-01-09,美國標普500期貨,投信,0,1,0,1,1190
2025-01-09,美國標普500期貨,外資及陸資,-235,0,856,-856,-1019516
2025-01-09,美國那斯達克100期貨,自營商,12,14,348,-334,-356366
2025-01-09,美國那斯達克100期貨,投信,0,4,0,4,4268
2025-01-09,美國那斯達克100期貨,外資及陸資,120,26,2030,-2004,-2138653
2025-01-09,美國道瓊期貨,自營商,0,0,36,-36,-30820
2025-01-09,美國道瓊期貨,投信,0,2,0,2,1712
2025-01-09,美國道瓊期貨,外資及陸資,1,3,701,-698,-597717
2025-01-09,美國費城半導體期貨,自營商,40,269,69,200,83030
2025-01-09,美國費城半導體期貨,投信,0,15,0,15,6242
2025-01-09,美國費城半導體期貨,外資及陸資,-80,119,732,-613,-254894
2025-01-10,臺股期貨,自營商,-47,5867,6271,-404,-1865162
2025-01-10,臺股期貨,投信,310,30753,5506,25247,116440808
2025-01-10,臺股期貨,外資及陸資,-948,15158,57106,-41948,-193510634
2025-01-10,電子期貨,自營商,-15,27,191,-164,-849155
2025-01-10,電子期貨,投信,-20,249,0,249,1288824
2025-01-10,電子期貨,外資及陸資,23,417,695,-278,-1438753
2025-01-10,金融期貨,自營商,21,91,165,-74,-154520
2025-01-10,金融期貨,投信,0,23,0,23,48042
2025-01-10,金融期貨,外資及陸資,-23,264,520,-256,-534803
2025-01-10,股票期貨,自營商,5854,72777,179610,-106833,-42325638
2025-01-10,股票期貨,投信,30,226,399,-173,462671
2025-01-10,股票期貨,外資及陸資,306,112765,312371,-199606,-55945153
2025-01-10,美國標普500期貨,自營商,0,0,10,-10,-11891
2025-01-10,美國標普500期貨,投信,0,1,0,1,1189
2025-01-10,美國標普500期貨,外資及陸資,17,0,839,-839,-998262
2025-01-10,美國那斯達克100期貨,自營商,-3,14,351,-337,-359367
2025-01-10,美國那斯達克100期貨,投信,0,4,0,4,4265
2025-01-10,美國那斯達克100期貨,外資及陸資,65,22,1961,-1939,-2068291
2025-01-10,美國道瓊期貨,自營商,0,0,36,-36,-30781
2025-01-10,美國道瓊期貨,投信,0,2,0,2,1710
2025-01-10,美國道瓊期貨,外資及陸資,68,1,631,-630,-538857
2025-01-10,美國費城半導體期貨,自營商,6,269,63,206,85260
2025-01-10,美國費城半導體期貨,投信,0,15,0,15,6223
2025-01-10,美國費城半導體期貨,外資及陸資,-14,128,755,-627,-259952
2025-01-13,臺股期貨,自營商,1241,7129,6247,882,3992369
2025-01-13,臺股期貨,投信,677,31640,5716,25924,117033806
2025-01-13,臺股期貨,外資及陸資,-1202,15340,58699,-43359,-195759369
2025-01-13,電子期貨,自營商,38,43,169,-126,-633744
2025-01-13,電子期貨,投信,10,259,0,259,1301669
2025-01-13,電子期貨,外資及陸資,-23,441,742,-301,-1512864
2025-01-13,金融期貨,自營商,41,101,134,-33,-68748
2025-01-13,金融期貨,投信,0,23,0,23,47858
2025-01-13,金融期貨,外資及陸資,11,356,601,-245,-509828
2025-01-13,股票期貨,自營商,7994,77859,176698,-98839,-39496272
2025-01-13,股票期貨,投信,7,228,394,-166,429694
2025-01-13,股票期貨,外資及陸資,5721,112614,306499,-193885,-50417079
2025-01-13,美國標普500期貨,自營商,0,0,10,-10,-11693
2025-01-13,美國標普500期貨,投信,0,1,0,1,1169
2025-01-13,美國標普500期貨,外資及陸資,-2,0,841,-841,-984025
2025-01-13,美國那斯達克100期貨,自營商,-17,0,354,-354,-370005
2025-01-13,美國那斯達克100期貨,投信,0,4,0,4,4181
2025-01-13,美國那斯達克100期貨,外資及陸資,-77,35,2051,-2016,-2107188
2025-01-13,美國道瓊期貨,自營商,0,0,36,-36,-30298
2025-01-13,美國道瓊期貨,投信,0,2,0,2,1683
2025-01-13,美國道瓊期貨,外資及陸資,-34,6,670,-664,-559034
2025-01-13,美國費城半導體期貨,自營商,7,244,31,213,85541
2025-01-13,美國費城半導體期貨,投信,0,15,0,15,6028
2025-01-13,美國費城半導體期貨,外資及陸資,-91,189,907,-718,-288477
2025-01-14,臺股期貨,自營商,240,6889,5698,1191,5428216
2025-01-14,臺股期貨,投信,420,31998,5654,26344,120253439
2025-01-14,臺股期貨,外資及陸資,713,13324,55758,-42434,-193583467
2025-01-14,電子期貨,自營商,22,49,167,-118,-600570
2025-01-14,電子期貨,投信,-7,252,0,252,1282708
2025-01-14,電子期貨,外資及陸資,-2,418,721,-303,-1538223
2025-01-14,金融期貨,自營商,7,96,122,-26,-54656
2025-01-14,金融期貨,投信,0,23,0,23,48364
2025-01-14,金融期貨,外資及陸資,-66,246,557,-311,-652532
2025-01-14,股票期貨,自營商,1287,78889,176441,-97552,-39947922
2025-01-14,股票期貨,投信,-21,228,415,-187,438167
2025-01-14,股票期貨,外資及陸資,8061,114536,300360,-185824,-49569811
2025-01-14,美國標普500期貨,自營商,-10,0,20,-20,-23573
2025-01-14,美國標普500期貨,投信,0,1,0,1,1179
2025-01-14,美國標普500期貨,外資及陸資,10,0,831,-831,-980122
2025-01-14,美國那斯達克100期貨,自營商,6,0,348,-348,-366641
2025-01-14,美國那斯達克100期貨,投信,0,4,0,4,4214
2025-01-14,美國那斯達克100期貨,外資及陸資,104,48,1960,-1912,-2014051
2025-01-14,美國道瓊期貨,自營商,0,0,36,-36,-30694
2025-01-14,美國道瓊期貨,投信,0,2,0,2,1705
2025-01-14,美國道瓊期貨,外資及陸資,138,5,531,-526,-448637
2025-01-14,美國費城半導體期貨,自營商,160,396,23,373,152493
2025-01-14,美國費城半導體期貨,投信,0,15,0,15,6134
2025-01-14,美國費城半導體期貨,外資及陸資,-149,141,1008,-867,-354534
2025-01-15,臺股期貨,自營商,876,6324,5167,1157,5210669
2025-01-15,臺股期貨,投信,-86,32008,5750,26258,118239774
2025-01-15,臺股期貨,外資及陸資,-915,11383,50800,-39417,-177513586
2025-01-15,電子期貨,自營商,5,4,94,-90,-449046
2025-01-15,電子期貨,投信,-1,241,0,241,1202445
2025-01-15,電子期貨,外資及陸資,-4,282,544,-262,-1307223
2025-01-15,金融期貨,自營商,101,25,41,-16,-33610
2025-01-15,金融期貨,投信,0,23,0,23,48314
2025-01-15,金融期貨,外資及陸資,5,216,323,-107,-224764
2025-01-15,股票期貨,自營商,-1267,47415,150963,-103548,-38519814
2025-01-15,股票期貨,投信,0,228,415,-187,431851
2025-01-15,股票期貨,外資及陸資,-523,94483,222635,-128152,-39870675
2025-01-15,美國標普500期貨,自營商,-37,0,57,-57,-67095
2025-01-15,美國標普500期貨,投信,0,1,0,1,1177
2025-01-15,美國標普500期貨,外資及陸資,40,0,791,-791,-931738
2025-01-15,美國那斯達克100期貨,自營商,54,0,294,-294,-308179
2025-01-15,美國那斯達克100期貨,投信,0,4,0,4,4193
2025-01-15,美國那斯達克100期貨,外資及陸資,-92,66,2070,-2004,-2100188
2025-01-15,美國道瓊期貨,自營商,0,0,36,-36,-30792
2025-01-15,美國道瓊期貨,投信,0,2,0,2,1711
2025-01-15,美國道瓊期貨,外資及陸資,74,3,455,-452,-386764
2025-01-15,美國費城半導體期貨,自營商,3,405,29,376,152904
2025-01-15,美國費城半導體期貨,投信,0,15,0,15,6105
2025-01-15,美國費城半導體期貨,外資及陸資,52,127,942,-815,-331695
2025-01-16,臺股期貨,自營商,-1630,5678,6161,-483,-2223716
2025-01-16,臺股期貨,投信,-1701,30145,5588,24557,113134099
2025-01-16,臺股期貨,外資及陸資,2825,15832,52043,-36211,-166836040
2025-01-16,電子期貨,自營商,-52,8,151,-143,-735287
2025-01-16,電子期貨,投信,8,249,0,249,1280308
2025-01-16,電子期貨,外資及陸資,-5,290,557,-267,-1372861
2025-01-16,金融期貨,自營商,27,51,40,11,23277
2025-01-16,金融期貨,投信,0,23,0,23,48663
2025-01-16,金融期貨,外資及陸資,-114,117,338,-221,-467591
2025-01-16,股票期貨,自營商,-11223,48091,162862,-114771,-42405309
2025-01-16,股票期貨,投信,0,228,415,-187,449803
2025-01-16,股票期貨,外資及陸資,2927,102846,228071,-125225,-40889811
2025-01-16,美國標普500期貨,自營商,-10,0,67,-67,-80323
2025-01-16,美國標普500期貨,投信,0,1,0,1,1199
2025-01-16,美國標普500期貨,外資及陸資,14,0,777,-777,-932099
2025-01-16,美國那斯達克100期貨,自營商,4,0,290,-290,-310112
2025-01-16,美國那斯達克100期貨,投信,0,4,0,4,4277
2025-01-16,美國那斯達克100期貨,外資及陸資,79,76,2001,-1925,-2058094
2025-01-16,美國道瓊期貨,自營商,0,0,36,-36,-31310
2025-01-16,美國道瓊期貨,投信,0,2,0,2,1739
2025-01-16,美國道瓊期貨,外資及陸資,332,132,252,-120,-104390
2025-01-16,美國費城半導體期貨,自營商,-35,400,59,341,141607
2025-01-16,美國費城半導體期貨,投信,0,15,0,15,6239
2025-01-16,美國費城半導體期貨,外資及陸資,29,139,925,-786,-326782
2025-01-17,臺股期貨,自營商,-577,5339,6398,-1059,-4909530
2025-01-17,臺股期貨,投信,-103,30055,5601,24454,113407870
2025-01-17,臺股期貨,外資及陸資,2847,14223,46086,-31863,-147778717
2025-01-17,電子期貨,自營商,-38,13,194,-181,-937522
2025-01-17,電子期貨,投信,-10,239,0,239,1237924
2025-01-17,電子期貨,外資及陸資,32,346,581,-235,-1217206
2025-01-17,金融期貨,自營商,-9,66,64,2,4226
2025-01-17,金融期貨,投信,0,23,0,23,48548
2025-01-17,金融期貨,外資及陸資,6,114,329,-215,-453822
2025-01-17,股票期貨,自營商,-4579,49447,168797,-119350,-43772485
2025-01-17,股票期貨,投信,-35,228,450,-222,439350
2025-01-17,股票期貨,外資及陸資,1966,106594,229853,-123259,-35857228
2025-01-17,美國標普500期貨,自營商,-3,0,70,-70,-83829
2025-01-17,美國標普500期貨,投信,0,1,0,1,1198
2025-01-17,美國標普500期貨,外資及陸資,-9,0,786,-786,-941897
2025-01-17,美國那斯達克100期貨,自營商,-30,5,325,-320,-341280
2025-01-17,美國那斯達克100期貨,投信,0,4,0,4,4266
2025-01-17,美國那斯達克100期貨,外資及陸資,-455,67,2447,-2380,-2538750
2025-01-17,美國道瓊期貨,自營商,0,0,36,-36,-31288
2025-01-17,美國道瓊期貨,投信,0,2,0,2,1738
2025-01-17,美國道瓊期貨,外資及陸資,-71,60,251,-191,-166018
2025-01-17,美國費城半導體期貨,自營商,41,439,57,382,159592
2025-01-17,美國費城半導體期貨,投信,0,15,0,15,6276
2025-01-17,美國費城半導體期貨,外資及陸資,-4,202,992,-790,-330331
2025-01-20,臺股期貨,自營商,1011,5565,5615,-50,-234038
2025-01-20,臺股期貨,投信,-72,29833,5451,24382,113829805
2025-01-20,臺股期貨,外資及陸資,-2858,14167,48888,-34721,-162097091
2025-01-20,電子期貨,自營商,-6,18,205,-187,-978880
2025-01-20,電子期貨,投信,0,239,0,239,1251069
2025-01-20,電子期貨,外資及陸資,60,409,584,-175,-916055
2025-01-20,金融期貨,自營商,-9,73,80,-7,-14736
2025-01-20,金融期貨,投信,0,23,0,23,48433
2025-01-20,金融期貨,外資及陸資,-26,107,348,-241,-507497
2025-01-20,股票期貨,自營商,-1543,49662,170555,-120893,-44586426
2025-01-20,股票期貨,投信,-10,228,460,-232,480104
2025-01-20,股票期貨,外資及陸資,-2971,109204,235434,-126230,-36680454
2025-01-20,美國標普500期貨,自營商,2,0,68,-68,-82025
2025-01-20,美國標普500期貨,投信,0,1,0,1,1206
2025-01-20,美國標普500期貨,外資及陸資,-7,0,793,-793,-957144
2025-01-20,美國那斯達克100期貨,自營商,-32,5,357,-352,-380107
2025-01-20,美國那斯達克100期貨,投信,0,4,0,4,4319
2025-01-20,美國那斯達克100期貨,外資及陸資,159,68,2289,-2221,-2398957
2025-01-20,美國道瓊期貨,自營商,0,0,36,-36,-31486
2025-01-20,美國道瓊期貨,投信,0,2,0,2,1749
2025-01-20,美國道瓊期貨,外資及陸資,142,199,248,-49,-42828
2025-01-20,美國費城半導體期貨,自營商,-9,438,65,373,159159
2025-01-20,美國費城半導體期貨,投信,0,15,0,15,6410
2025-01-20,美國費城半導體期貨,外資及陸資,-2,210,1002,-792,-338219
2025-01-21,臺股期貨,自營商,-553,4878,5601,-723,-3379673
2025-01-21,臺股期貨,投信,98,29858,5378,24480,114375456
2025-01-21,臺股期貨,外資及陸資,956,15049,48744,-33695,-157423319
2025-01-21,電子期貨,自營商,-1,22,210,-188,-981746
2025-01-21,電子期貨,投信,-32,207,0,207,1080954
2025-01-21,電子期貨,外資及陸資,-20,387,582,-195,-1018290
2025-01-21,金融期貨,自營商,-15,64,86,-22,-46765
2025-01-21,金融期貨,投信,0,23,0,23,48893
2025-01-21,金融期貨,外資及陸資,35,134,340,-206,-437915
2025-01-21,股票期貨,自營商,1595,51245,170543,-119298,-43943149
2025-01-21,股票期貨,投信,0,228,460,-232,483526
2025-01-21,股票期貨,外資及陸資,-7270,107885,241385,-133500,-38344992
2025-01-21,美國標普500期貨,自營商,-1,0,69,-69,-83531
2025-01-21,美國標普500期貨,投信,0,1,0,1,1211
2025-01-21,美國標普500期貨,外資及陸資,-3,1,797,-796,-964214
2025-01-21,美國那斯達克100期貨,自營商,5,2,349,-347,-375193
2025-01-21,美國那斯達克100期貨,投信,0,4,0,4,4325
2025-01-21,美國那斯達克100期貨,外資及陸資,-13,70,2304,-2234,-2416134
2025-01-21,美國道瓊期貨,自營商,5,0,31,-31,-27178
2025-01-21,美國道瓊期貨,投信,0,2,0,2,1753
2025-01-21,美國道瓊期貨,外資及陸資,11,213,251,-38,-33428
2025-01-21,美國費城半導體期貨,自營商,3,438,62,376,160916
2025-01-21,美國費城半導體期貨,投信,0,15,0,15,6430
2025-01-21,美國費城半導體期貨,外資及陸資,9,187,970,-783,-335401
2025-01-22,臺股期貨,自營商,1,4831,5579,-748,-3545469
2025-01-22,臺股期貨,投信,28,29747,5239,24508,116114003
2025-01-22,臺股期貨,外資及陸資,1097,17476,49602,-32126,-152201458
2025-01-22,電子期貨,自營商,-14,26,210,-184,-977194
2025-01-22,電子期貨,投信,0,207,0,207,1099336
2025-01-22,電子期貨,外資及陸資,37,424,582,-158,-839107
2025-01-22,金融期貨,自營商,-1,47,85,-38,-81127
2025-01-22,金融期貨,投信,0,23,0,23,49105
2025-01-22,金融期貨,外資及陸資,-69,102,377,-275,-587125
2025-01-22,股票期貨,自營商,-2692,51721,173711,-121990,-45824659
2025-01-22,股票期貨,投信,-6,226,464,-238,478718
2025-01-22,股票期貨,外資及陸資,-685,110860,245045,-134185,-39244780
2025-01-22,美國標普500期貨,自營商,1,0,68,-68,-83106
2025-01-22,美國標普500期貨,投信,0,1,0,1,1222
2025-01-22,美國標普500期貨,外資及陸資,-6,1,803,-802,-980834
2025-01-22,美國那斯達克100期貨,自營商,13,5,339,-334,-365463
2025-01-22,美國那斯達克100期貨,投信,0,4,0,4,4377
2025-01-22,美國那斯達克100期貨,外資及陸資,118,85,2201,-2116,-2315889
2025-01-22,美國道瓊期貨,自營商,16,0,15,-15,-13283
2025-01-22,美國道瓊期貨,投信,0,2,0,2,1771
2025-01-22,美國道瓊期貨,外資及陸資,124,308,222,86,76070
2025-01-22,美國費城半導體期貨,自營商,38,465,51,414,180650
2025-01-22,美國費城半導體期貨,投信,0,15,0,15,6552
2025-01-22,美國費城半導體期貨,外資及陸資,-62,127,972,-845,-368982
2025-02-03,臺股期貨,自營商,1882,6526,5613,913,4125160
2025-02-03,臺股期貨,投信,-40,30512,6044,24468,110575785
2025-02-03,臺股期貨,外資及陸資,-3528,14961,51451,-36490,-164905802
2025-02-03,電子期貨,自營商,140,65,108,-43,-214720
2025-02-03,電子期貨,投信,13,220,0,220,1098504
2025-02-03,電子期貨,外資及陸資,-173,235,566,-331,-1652749
2025-02-03,金融期貨,自營商,10,39,67,-28,-59435
2025-02-03,金融期貨,投信,0,23,0,23,48834
2025-02-03,金融期貨,外資及陸資,31,131,375,-244,-518061
2025-02-03,股票期貨,自營商,-1009,55518,178517,-122999,-43733360
2025-02-03,股票期貨,投信,0,226,464,-238,463830
2025-02-03,股票期貨,外資及陸資,-2814,112825,249824,-136999,-36066082
2025-02-03,美國標普500期貨,自營商,-15,0,83,-83,-98716
2025-02-03,美國標普500期貨,投信,0,1,0,1,1189
2025-02-03,美國標普500期貨,外資及陸資,5,1,798,-797,-948484
2025-02-03,美國那斯達克100期貨,自營商,-23,5,362,-357,-375832
2025-02-03,美國那斯達克100期貨,投信,0,4,0,4,4211
2025-02-03,美國那斯達克100期貨,外資及陸資,114,83,2085,-2002,-2108299
2025-02-03,美國道瓊期貨,自營商,54,39,0,39,34329
2025-02-03,美國道瓊期貨,投信,0,2,0,2,1760
2025-02-03,美國道瓊期貨,外資及陸資,16,325,223,102,89680
2025-02-03,美國費城半導體期貨,自營商,19,475,42,433,168978
2025-02-03,美國費城半導體期貨,投信,0,15,0,15,5861
2025-02-03,美國費城半導體期貨,外資及陸資,-76,124,1045,-921,-359726
2025-02-04,臺股期貨,自營商,-701,6218,5999,219,998193
2025-02-04,臺股期貨,投信,207,30681,6006,24675,112641375
2025-02-04,臺股期貨,外資及陸資,2157,14919,48984,-34065,-155507503
2025-02-04,電子期貨,自營商,-50,26,119,-93,-471466
2025-02-04,電子期貨,投信,0,220,0,220,1115268
2025-02-04,電子期貨,外資及陸資,89,260,502,-242,-1226795
2025-02-04,金融期貨,自營商,-3,65,96,-31,-65501
2025-02-04,金融期貨,投信,0,23,0,23,48604
2025-02-04,金融期貨,外資及陸資,-8,115,367,-252,-532526
2025-02-04,股票期貨,自營商,1823,56185,177361,-121176,-44204451
2025-02-04,股票期貨,投信,-3,226,467,-241,483765
2025-02-04,股票期貨,外資及陸資,-5850,115579,258428,-142849,-37023043
2025-02-04,美國標普500期貨,自營商,-1,0,84,-84,-101077
2025-02-04,美國標普500期貨,投信,0,1,0,1,1203
2025-02-04,美國標普500期貨,外資及陸資,11,23,809,-786,-946642
2025-02-04,美國那斯達克100期貨,自營商,56,5,306,-301,-321724
2025-02-04,美國那斯達克100期貨,投信,0,4,0,4,4275
2025-02-04,美國那斯達克100期貨,外資及陸資,133,105,1974,-1869,-1997868
2025-02-04,美國道瓊期貨,自營商,-24,15,0,15,13350
2025-02-04,美國道瓊期貨,投信,0,2,0,2,1780
2025-02-04,美國道瓊期貨,外資及陸資,189,526,235,291,259119
2025-02-04,美國費城半導體期貨,自營商,20,496,43,453,178948
2025-02-04,美國費城半導體期貨,投信,0,15,0,15,5932
2025-02-04,美國費城半導體期貨,外資及陸資,-65,100,1086,-986,-389818
2025-02-05,臺股期貨,自營商,-1013,5627,6485,-858,-3970204
2025-02-05,臺股期貨,投信,291,30503,5537,24966,115527668
2025-02-05,臺股期貨,外資及陸資,810,17410,49218,-31808,-147188745
2025-02-05,電子期貨,自營商,9,63,146,-83,-427450
2025-02-05,電子期貨,投信,-10,220,10,210,1081500
2025-02-05,電子期貨,外資及陸資,-3,247,492,-245,-1261750
2025-02-05,金融期貨,自營商,32,76,75,1,2138
2025-02-05,金融期貨,投信,0,23,0,23,48976
2025-02-05,金融期貨,外資及陸資,-7,132,391,-259,-551514
2025-02-05,股票期貨,自營商,-170,56653,177999,-121346,-44839119
2025-02-05,股票期貨,投信,-1,226,468,-242,495421
2025-02-05,股票期貨,外資及陸資,6383,116813,253279,-136466,-36395782
2025-02-05,美國標普500期貨,自營商,10,0,74,-74,-89385
2025-02-05,美國標普500期貨,投信,0,1,0,1,1208
2025-02-05,美國標普500期貨,外資及陸資,-24,23,833,-810,-979419
2025-02-05,美國那斯達克100期貨,自營商,-31,5,337,-332,-358128
2025-02-05,美國那斯達克100期貨,投信,0,4,0,4,4315
2025-02-05,美國那斯達克100期貨,外資及陸資,34,105,1940,-1835,-1979509
2025-02-05,美國道瓊期貨,自營商,-11,4,0,4,3567
2025-02-05,美國道瓊期貨,投信,0,2,0,2,1784
2025-02-05,美國道瓊期貨,外資及陸資,56,585,238,347,309547
2025-02-05,美國費城半導體期貨,自營商,-12,488,47,441,176244
2025-02-05,美國費城半導體期貨,投信,0,15,0,15,6001
2025-02-05,美國費城半導體期貨,外資及陸資,-8,79,1073,-994,-397591
2025-02-06,臺股期貨,自營商,-483,5310,6632,-1322,-6158407
2025-02-06,臺股期貨,投信,-277,30182,5493,24689,115026051
2025-02-06,臺股期貨,外資及陸資,552,18422,49418,-30996,-144411356
2025-02-06,電子期貨,自營商,0,65,155,-90,-466022
2025-02-06,電子期貨,投信,4,224,10,214,1108092
2025-02-06,電子期貨,外資及陸資,-7,251,503,-252,-1304856
2025-02-06,金融期貨,自營商,-17,69,85,-16,-34258
2025-02-06,金融期貨,投信,0,23,0,23,49271
2025-02-06,金融期貨,外資及陸資,23,146,382,-236,-505559
2025-02-06,股票期貨,自營商,-3717,57666,182729,-125063,-46490654
2025-02-06,股票期貨,投信,-65,226,533,-307,483419
2025-02-06,股票期貨,外資及陸資,1157,120909,256218,-135309,-37077989
2025-02-06,美國標普500期貨,自營商,0,0,74,-74,-90402
2025-02-06,美國標普500期貨,投信,0,1,0,1,1222
2025-02-06,美國標普500期貨,外資及陸資,3,23,830,-807,-986534
2025-02-06,美國那斯達克100期貨,自營商,10,0,322,-322,-351753
2025-02-06,美國那斯達克100期貨,投信,0,4,0,4,4370
2025-02-06,美國那斯達克100期貨,外資及陸資,107,107,1835,-1728,-1887792
2025-02-06,美國道瓊期貨,自營商,9,13,0,13,11725
2025-02-06,美國道瓊期貨,投信,0,2,0,2,1804
2025-02-06,美國道瓊期貨,外資及陸資,275,815,193,622,561149
2025-02-06,美國費城半導體期貨,自營商,24,513,48,465,190022
2025-02-06,美國費城半導體期貨,投信,0,15,0,15,6134
2025-02-06,美國費城半導體期貨,外資及陸資,39,103,1058,-955,-390477
2025-02-07,臺股期貨,自營商,-969,4791,7059,-2268,-10624870
2025-02-07,臺股期貨,投信,-70,30069,5450,24619,115354786
2025-02-07,臺股期貨,外資及陸資,962,19299,49161,-29862,-139921728
2025-02-07,電子期貨,自營商,3,79,166,-87,-455069
2025-02-07,電子期貨,投信,0,224,10,214,1119348
2025-02-07,電子期貨,外資及陸資,18,264,498,-234,-1223961
2025-02-07,金融期貨,自營商,-4,67,87,-20,-42652
2025-02-07,金融期貨,投信,0,23,0,23,49087
2025-02-07,金融期貨,外資及陸資,-38,126,400,-274,-584771
2025-02-07,股票期貨,自營商,-2351,58502,185916,-127414,-48467229
2025-02-07,股票期貨,投信,-16,226,549,-323,501945
2025-02-07,股票期貨,外資及陸資,-3956,122071,261336,-139265,-37640821
2025-02-07,美國標普500期貨,自營商,21,0,53,-53,-64716
2025-02-07,美國標普500期貨,投信,0,1,0,1,1221
2025-02-07,美國標普500期貨,外資及陸資,-21,23,851,-828,-1011691
2025-02-07,美國那斯達克100期貨,自營商,-2,0,324,-324,-354375
2025-02-07,美國那斯達克100期貨,投信,23,27,0,27,29531
2025-02-07,美國那斯達克100期貨,外資及陸資,-32,105,1865,-1760,-1925012
2025-02-07,美國道瓊期貨,自營商,-19,0,6,-6,-5379
2025-02-07,美國道瓊期貨,投信,0,2,0,2,1793
2025-02-07,美國道瓊期貨,外資及陸資,-110,711,199,512,459155
2025-02-07,美國費城半導體期貨,自營商,-7,519,61,458,188413
2025-02-07,美國費城半導體期貨,投信,0,15,0,15,6174
2025-02-07,美國費城半導體期貨,外資及陸資,2,106,1059,-953,-392196
2025-02-10,臺股期貨,自營商,2099,6472,6642,-170,-788741
2025-02-10,臺股期貨,投信,-601,29654,5636,24018,111616450
2025-02-10,臺股期貨,外資及陸資,-812,17762,48723,-30961,-143883372
2025-02-10,電子期貨,自營商,14,71,145,-74,-381900
2025-02-10,電子期貨,投信,-2,222,10,212,1094047
2025-02-10,電子期貨,外資及陸資,-27,238,499,-261,-1346916
2025-02-10,金融期貨,自營商,-17,54,91,-37,-79377
2025-02-10,金融期貨,投信,0,23,0,23,49367
2025-02-10,金融期貨,外資及陸資,89,204,389,-185,-397084
2025-02-10,股票期貨,自營商,-3604,58826,189844,-131018,-48247436
2025-02-10,股票期貨,投信,183,226,366,-140,554892
2025-02-10,股票期貨,外資及陸資,-7595,123607,270467,-146860,-41359155
2025-02-10,美國標普500期貨,自營商,1,0,52,-52,-63138
2025-02-10,美國標普500期貨,投信,0,1,0,1,1214
2025-02-10,美國標普500期貨,外資及陸資,-1,34,863,-829,-1007118
2025-02-10,美國那斯達克100期貨,自營商,41,0,283,-283,-307480
2025-02-10,美國那斯達克100期貨,投信,23,50,0,50,54325
2025-02-10,美國那斯達克100期貨,外資及陸資,-106,98,1964,-1866,-2027432
2025-02-10,美國道瓊期貨,自營商,-1,0,7,-7,-6229
2025-02-10,美國道瓊期貨,投信,0,2,0,2,1780
2025-02-10,美國道瓊期貨,外資及陸資,-86,675,249,426,379217
2025-02-10,美國費城半導體期貨,自營商,-41,490,73,417,169265
2025-02-10,美國費城半導體期貨,投信,0,15,0,15,6096
2025-02-10,美國費城半導體期貨,外資及陸資,52,90,991,-901,-366071
2025-02-11,臺股期貨,自營商,119,6660,6715,-55,-253817
2025-02-11,臺股期貨,投信,-225,29370,5577,23793,111037484
2025-02-11,臺股期貨,外資及陸資,-623,18347,49686,-31339,-146254920
2025-02-11,電子期貨,自營商,29,82,126,-44,-228261
2025-02-11,電子期貨,投信,10,222,0,222,1151603
2025-02-11,電子期貨,外資及陸資,-34,239,534,-295,-1530283
2025-02-11,金融期貨,自營商,-8,56,101,-45,-96644
2025-02-11,金融期貨,投信,0,23,0,23,49418
2025-02-11,金融期貨,外資及陸資,-19,203,407,-204,-438314
2025-02-11,股票期貨,自營商,2506,60648,189160,-128512,-47861147
2025-02-11,股票期貨,投信,8,226,358,-132,555957
2025-02-11,股票期貨,外資及陸資,1267,124343,269936,-145593,-40208554
2025-02-11,美國標普500期貨,自營商,15,0,37,-37,-44957
2025-02-11,美國標普500期貨,投信,0,1,0,1,1215
2025-02-11,美國標普500期貨,外資及陸資,-20,34,883,-849,-1032192
2025-02-11,美國那斯達克100期貨,自營商,-21,0,304,-304,-331512
2025-02-11,美國那斯達克100期貨,投信,-46,4,0,4,4362
2025-02-11,美國那斯達克100期貨,外資及陸資,203,132,1795,-1663,-1813465
2025-02-11,美國道瓊期貨,自營商,11,4,0,4,3562
2025-02-11,美國道瓊期貨,投信,0,2,0,2,1781
2025-02-11,美國道瓊期貨,外資及陸資,9,704,269,435,387445
2025-02-11,美國費城半導體期貨,自營商,-18,463,64,399,162288
2025-02-11,美國費城半導體期貨,投信,0,15,0,15,6108
2025-02-11,美國費城半導體期貨,外資及陸資,1,93,993,-900,-366390
2025-02-12,臺股期貨,自營商,-7,6529,6581,-52,-240744
2025-02-12,臺股期貨,投信,854,30225,5578,24647,114909843
2025-02-12,臺股期貨,外資及陸資,117,19289,50503,-31214,-145529423
2025-02-12,電子期貨,自營商,3,82,128,-46,-237880
2025-02-12,電子期貨,投信,0,222,0,222,1148006
2025-02-12,電子期貨,外資及陸資,-5,276,576,-300,-1551360
2025-02-12,金融期貨,自營商,26,59,68,-9,-19338
2025-02-12,金融期貨,投信,0,23,0,23,49542
2025-02-12,金融期貨,外資及陸資,34,178,348,-170,-366180
2025-02-12,股票期貨,自營商,-3116,60849,192477,-131628,-48805704
2025-02-12,股票期貨,投信,-18,226,376,-150,552488
2025-02-12,股票期貨,外資及陸資,31,126746,272308,-145562,-39406366
2025-02-12,美國標普500期貨,自營商,0,0,37,-37,-45049
2025-02-12,美國標普500期貨,投信,0,1,0,1,1218
2025-02-12,美國標普500期貨,外資及陸資,9,34,874,-840,-1023420
2025-02-12,美國那斯達克100期貨,自營商,-18,0,322,-322,-350964
2025-02-12,美國那斯達克100期貨,投信,16,20,0,20,21799
2025-02-12,美國那斯達克100期貨,外資及陸資,-62,144,1869,-1725,-1880091
2025-02-12,美國道瓊期貨,自營商,-9,0,5,-5,-4467
2025-02-12,美國道瓊期貨,投信,0,2,0,2,1787
2025-02-12,美國道瓊期貨,外資及陸資,58,716,223,493,440592
2025-02-12,美國費城半導體期貨,自營商,3,467,65,402,163847
2025-02-12,美國費城半導體期貨,投信,0,15,0,15,6121
2025-02-12,美國費城半導體期貨,外資及陸資,6,96,990,-894,-364700
2025-02-13,臺股期貨,自營商,-144,5940,6143,-203,-949036
2025-02-13,臺股期貨,投信,-98,30125,5576,24549,114895610
2025-02-13,臺股期貨,外資及陸資,-439,20320,51784,-31464,-147260998
2025-02-13,電子期貨,自營商,56,133,123,10,51616
2025-02-13,電子期貨,投信,0,222,0,222,1146186
2025-02-13,電子期貨,外資及陸資,-119,278,697,-419,-2163297
2025-02-13,金融期貨,自營商,-19,57,85,-28,-60522
2025-02-13,金融期貨,投信,0,23,0,23,49749
2025-02-13,金融期貨,外資及陸資,9,228,389,-161,-348243
2025-02-13,股票期貨,自營商,-9465,57317,198410,-141093,-50221022
2025-02-13,股票期貨,投信,-45,226,421,-195,549437
2025-02-13,股票期貨,外資及陸資,4093,129644,271113,-141469,-39753585
2025-02-13,美國標普500期貨,自營商,-1,0,38,-38,-46269
2025-02-13,美國標普500期貨,投信,0,1,0,1,1218
2025-02-13,美國標普500期貨,外資及陸資,0,34,874,-840,-1023421
2025-02-13,美國那斯達克100期貨,自營商,24,0,298,-298,-326489
2025-02-13,美國那斯達克100期貨,投信,0,20,0,20,21912
2025-02-13,美國那斯達克100期貨,外資及陸資,-39,151,1915,-1764,-1932418
2025-02-13,美國道瓊期貨,自營商,-12,0,17,-17,-15143
2025-02-13,美國道瓊期貨,投信,0,2,0,2,1781
2025-02-13,美國道瓊期貨,外資及陸資,-236,498,241,257,229016
2025-02-13,美國費城半導體期貨,自營商,-39,429,66,363,148743
2025-02-13,美國費城半導體期貨,投信,0,15,0,15,6153
2025-02-13,美國費城半導體期貨,外資及陸資,46,104,952,-848,-347763
2025-02-14,臺股期貨,自營商,1069,8556,7616,940,4365734
2025-02-14,臺股期貨,投信,351,30534,5634,24900,115438108
2025-02-14,臺股期貨,外資及陸資,-3404,20681,55988,-35307,-163701375
2025-02-14,電子期貨,自營商,26,153,118,35,178175
2025-02-14,電子期貨,投信,0,222,0,222,1130513
2025-02-14,電子期貨,外資及陸資,-37,285,741,-456,-2322059
2025-02-14,金融期貨,自營商,17,84,95,-11,-23589
2025-02-14,金融期貨,投信,0,23,0,23,49602
2025-02-14,金融期貨,外資及陸資,-23,217,401,-184,-396820
2025-02-14,股票期貨,自營商,-1907,57459,200459,-143000,-49077929
2025-02-14,股票期貨,投信,-17,226,438,-212,536529
2025-02-14,股票期貨,外資及陸資,-9094,124621,275184,-150563,-42711109
2025-02-14,美國標普500期貨,自營商,5,0,33,-33,-40567
2025-02-14,美國標普500期貨,投信,0,1,0,1,1229
2025-02-14,美國標普500期貨,外資及陸資,19,34,855,-821,-1009864
2025-02-14,美國那斯達克100期貨,自營商,52,0,246,-246,-272236
2025-02-14,美國那斯達克100期貨,投信,0,20,0,20,22133
2025-02-14,美國那斯達克100期貨,外資及陸資,492,156,1428,-1272,-1407251
2025-02-14,美國道瓊期貨,自營商,13,0,4,-4,-3586
2025-02-14,美國道瓊期貨,投信,0,2,0,2,1793
2025-02-14,美國道瓊期貨,外資及陸資,94,551,200,351,314812
2025-02-14,美國費城半導體期貨,自營商,-23,431,91,340,140336
2025-02-14,美國費城半導體期貨,投信,0,15,0,15,6204
2025-02-14,美國費城半導體期貨,外資及陸資,38,142,952,-810,-334821
2025-02-17,臺股期貨,自營商,-2535,4986,6366,-1380,-6490805
2025-02-17,臺股期貨,投信,-834,29663,5597,24066,113181026
2025-02-17,臺股期貨,外資及陸資,5358,24347,53831,-29484,-138643922
2025-02-17,電子期貨,自營商,56,238,147,91,470679
2025-02-17,電子期貨,投信,2,224,0,224,1159599
2025-02-17,電子期貨,外資及陸資,-31,264,751,-487,-2520397
2025-02-17,金融期貨,自營商,13,130,128,2,4438
2025-02-17,金融期貨,投信,0,23,0,23,50143
2025-02-17,金融期貨,外資及陸資,4,237,417,-180,-392420
2025-02-17,股票期貨,自營商,-4017,56057,203074,-147017,-50246960
2025-02-17,股票期貨,投信,2,228,438,-210,581432
2025-02-17,股票期貨,外資及陸資,1318,125119,274364,-149245,-42718439
2025-02-17,美國標普500期貨,自營商,-1,0,34,-34,-41793
2025-02-17,美國標普500期貨,投信,0,1,0,1,1229
2025-02-17,美國標普500期貨,外資及陸資,-10,34,865,-831,-1022258
2025-02-17,美國那斯達克100期貨,自營商,-4,0,250,-250,-278563
2025-02-17,美國那斯達克100期貨,投信,0,20,0,20,22285
2025-02-17,美國那斯達克100期貨,外資及陸資,44,154,1382,-1228,-1367669
2025-02-17,美國道瓊期貨,自營商,-23,0,27,-27,-24130
2025-02-17,美國道瓊期貨,投信,0,2,0,2,1787
2025-02-17,美國道瓊期貨,外資及陸資,-54,490,193,297,265551
2025-02-17,美國費城半導體期貨,自營商,6,424,78,346,144240
2025-02-17,美國費城半導體期貨,投信,0,15,0,15,6259
2025-02-17,美國費城半導體期貨,外資及陸資,1,162,971,-809,-337474
2025-02-18,臺股期貨,自營商,158,4945,6359,-1414,-6691638
2025-02-18,臺股期貨,投信,-529,29102,5565,23537,111339370
2025-02-18,臺股期貨,外資及陸資,572,26481,55393,-28912,-136745272
2025-02-18,電子期貨,自營商,-11,230,150,80,417766
2025-02-18,電子期貨,投信,-2,222,0,222,1160480
2025-02-18,電子期貨,外資及陸資,3,274,758,-484,-2529323
2025-02-18,金融期貨,自營商,21,149,126,23,50145
2025-02-18,金融期貨,投信,0,23,0,23,50181
2025-02-18,金融期貨,外資及陸資,-53,205,438,-233,-508089
2025-02-18,股票期貨,自營商,-4196,55429,206642,-151213,-51470819
2025-02-18,股票期貨,投信,-10,228,448,-220,593896
2025-02-18,股票期貨,外資及陸資,-3356,126714,279315,-152601,-43739441
2025-02-18,美國標普500期貨,自營商,1,0,33,-33,-40574
2025-02-18,美國標普500期貨,投信,0,1,0,1,1230
2025-02-18,美國標普500期貨,外資及陸資,0,34,865,-831,-1022507
2025-02-18,美國那斯達克100期貨,自營商,-35,0,285,-285,-317362
2025-02-18,美國那斯達克100期貨,投信,0,20,0,20,22271
2025-02-18,美國那斯達克100期貨,外資及陸資,-179,161,1568,-1407,-1566159
2025-02-18,美國道瓊期貨,自營商,-2,0,29,-29,-25912
2025-02-18,美國道瓊期貨,投信,0,2,0,2,1787
2025-02-18,美國道瓊期貨,外資及陸資,-1,487,191,296,264604
2025-02-18,美國費城半導體期貨,自營商,-4,424,82,342,142721
2025-02-18,美國費城半導體期貨,投信,0,15,0,15,6271
2025-02-18,美國費城半導體期貨,外資及陸資,-4,161,974,-813,-339704
2025-02-19,臺股期貨,自營商,-211,2781,5330,-2549,-12037396
2025-02-19,臺股期貨,投信,-565,28611,5639,22972,108473784
2025-02-19,臺股期貨,外資及陸資,1762,22762,47513,-24751,-116861219
2025-02-19,電子期貨,自營商,5,51,82,-31,-161275
2025-02-19,電子期貨,投信,-2,220,0,220,1144528
2025-02-19,電子期貨,外資及陸資,-4,251,605,-354,-1841650
2025-02-19,金融期貨,自營商,-17,78,76,2,4335
2025-02-19,金融期貨,投信,0,23,0,23,49846
2025-02-19,金融期貨,外資及陸資,-24,186,378,-192,-416103
2025-02-19,股票期貨,自營商,-4682,37113,173445,-136332,-47926713
2025-02-19,股票期貨,投信,-10,28,458,-430,12725
2025-02-19,股票期貨,外資及陸資,-5101,95334,242119,-146785,-42544058
2025-02-19,美國標普500期貨,自營商,-7,0,40,-40,-49254
2025-02-19,美國標普500期貨,投信,0,1,0,1,1231
2025-02-19,美國標普500期貨,外資及陸資,-8,34,873,-839,-1033993
2025-02-19,美國那斯達克100期貨,自營商,47,0,238,-238,-264918
2025-02-19,美國那斯達克100期貨,投信,0,20,0,20,22262
2025-02-19,美國那斯達克100期貨,外資及陸資,-45,153,1605,-1452,-1615534
2025-02-19,美國道瓊期貨,自營商,20,0,9,-9,-8043
2025-02-19,美國道瓊期貨,投信,0,2,0,2,1787
2025-02-19,美國道瓊期貨,外資及陸資,-57,468,229,239,213616
2025-02-19,美國費城半導體期貨,自營商,-56,403,117,286,120316
2025-02-19,美國費城半導體期貨,投信,0,15,0,15,6328
2025-02-19,美國費城半導體期貨,外資及陸資,114,206,905,-699,-294558
2025-02-20,臺股期貨,自營商,488,3285,5352,-2067,-9730559
2025-02-20,臺股期貨,投信,949,29625,5704,23921,112600931
2025-02-20,臺股期貨,外資及陸資,469,22965,47498,-24533,-115467513
2025-02-20,電子期貨,自營商,10,39,67,-28,-145023
2025-02-20,電子期貨,投信,-2,218,0,218,1129109
2025-02-20,電子期貨,外資及陸資,-20,261,635,-374,-1937096
2025-02-20,金融期貨,自營商,12,81,67,14,30436
2025-02-20,金融期貨,投信,0,23,0,23,50002
2025-02-20,金融期貨,外資及陸資,-30,172,394,-222,-482628
2025-02-20,股票期貨,自營商,-11666,37095,185093,-147998,-49762518
2025-02-20,股票期貨,投信,-31,28,489,-461,6131
2025-02-20,股票期貨,外資及陸資,-14662,104008,265455,-161447,-46635067
2025-02-20,美國標普500期貨,自營商,1,0,39,-39,-47991
2025-02-20,美國標普500期貨,投信,0,1,0,1,1231
2025-02-20,美國標普500期貨,外資及陸資,-4,34,877,-843,-1038270
2025-02-20,美國那斯達克100期貨,自營商,-6,0,244,-244,-270718
2025-02-20,美國那斯達克100期貨,投信,0,20,0,20,22190
2025-02-20,美國那斯達克100期貨,外資及陸資,-94,172,1718,-1546,-1714284
2025-02-20,美國道瓊期貨,自營商,-12,0,21,-21,-18740
2025-02-20,美國道瓊期貨,投信,0,2,0,2,1785
2025-02-20,美國道瓊期貨,外資及陸資,23,485,223,262,233838
2025-02-20,美國費城半導體期貨,自營商,3,388,99,289,122274
2025-02-20,美國費城半導體期貨,投信,0,15,0,15,6364
2025-02-20,美國費城半導體期貨,外資及陸資,9,180,870,-690,-292412
2025-02-21,臺股期貨,自營商,-748,2771,5646,-2875,-13651471
2025-02-21,臺股期貨,投信,719,30265,5625,24640,117005504
2025-02-21,臺股期貨,外資及陸資,-1000,22973,48228,-25255,-119909888
2025-02-21,電子期貨,自營商,31,81,78,3,15697
2025-02-21,電子期貨,投信,-30,188,0,188,984030
2025-02-21,電子期貨,外資及陸資,3,277,648,-371,-1941889
2025-02-21,金融期貨,自營商,-10,105,101,4,8707
2025-02-21,金融期貨,投信,0,23,0,23,50066
2025-02-21,金融期貨,外資及陸資,3,174,393,-219,-476719
2025-02-21,股票期貨,自營商,-2385,38259,188642,-150383,-50353369
2025-02-21,股票期貨,投信,-368,28,857,-829,-48919
2025-02-21,股票期貨,外資及陸資,-8011,107252,276710,-169458,-47773287
2025-02-21,美國標普500期貨,自營商,2,0,37,-37,-45406
2025-02-21,美國標普500期貨,投信,0,1,0,1,1227
2025-02-21,美國標普500期貨,外資及陸資,2,34,875,-841,-1033015
2025-02-21,美國那斯達克100期貨,自營商,13,0,231,-231,-255833
2025-02-21,美國那斯達克100期貨,投信,0,20,0,20,22150
2025-02-21,美國那斯達克100期貨,外資及陸資,-388,168,2102,-1934,-2141281
2025-02-21,美國道瓊期貨,自營商,1,0,20,-20,-17705
2025-02-21,美國道瓊期貨,投信,0,2,0,2,1771
2025-02-21,美國道瓊期貨,外資及陸資,-267,290,295,-5,-4592
2025-02-21,美國費城半導體期貨,自營商,-38,379,128,251,106379
2025-02-21,美國費城半導體期貨,投信,0,15,0,15,6380
2025-02-21,美國費城半導體期貨,外資及陸資,57,232,865,-633,-268832
2025-02-24,臺股期貨,自營商,1480,3974,5393,-1419,-6685587
2025-02-24,臺股期貨,投信,-1332,29059,5751,23308,109808650
2025-02-24,臺股期貨,外資及陸資,-3047,18917,50596,-31679,-149230949
2025-02-24,電子期貨,自營商,-34,43,74,-31,-160450
2025-02-24,電子期貨,投信,-2,186,0,186,962699
2025-02-24,電子期貨,外資及陸資,25,265,611,-346,-1790827
2025-02-24,金融期貨,自營商,-6,89,91,-2,-4336
2025-02-24,金融期貨,投信,0,23,0,23,49864
2025-02-24,金融期貨,外資及陸資,-13,166,398,-232,-502976
2025-02-24,股票期貨,自營商,1100,39714,188997,-149283,-49413669
2025-02-24,股票期貨,投信,-15,28,872,-844,-53074
2025-02-24,股票期貨,外資及陸資,-9438,108009,286905,-178896,-50519190
2025-02-24,美國標普500期貨,自營商,-6,0,43,-43,-52142
2025-02-24,美國標普500期貨,投信,0,1,0,1,1213
2025-02-24,美國標普500期貨,外資及陸資,-1,34,876,-842,-1022001
2025-02-24,美國那斯達克100期貨,自營商,-39,0,270,-270,-294503
2025-02-24,美國那斯達克100期貨,投信,0,20,0,20,21815
2025-02-24,美國那斯達克100期貨,外資及陸資,-171,164,2269,-2105,-2295602
2025-02-24,美國道瓊期貨,自營商,7,0,13,-13,-11362
2025-02-24,美國道瓊期貨,投信,0,2,0,2,1748
2025-02-24,美國道瓊期貨,外資及陸資,-263,81,349,-268,-234606
2025-02-24,美國費城半導體期貨,自營商,-6,365,120,245,101655
2025-02-24,美國費城半導體期貨,投信,0,15,0,15,6244
2025-02-24,美國費城半導體期貨,外資及陸資,18,231,846,-615,-255667
2025-02-25,臺股期貨,自營商,747,4471,5190,-719,-3348518
2025-02-25,臺股期貨,投信,-267,28893,5852,23041,107348019
2025-02-25,臺股期貨,外資及陸資,-2153,17957,53289,-35332,-164599034
2025-02-25,電子期貨,自營商,-44,18,93,-75,-382365
2025-02-25,電子期貨,投信,0,186,0,186,948265
2025-02-25,電子期貨,外資及陸資,32,206,520,-314,-1600835
2025-02-25,金融期貨,自營商,5,97,94,3,6491
2025-02-25,金融期貨,投信,0,23,0,23,49763
2025-02-25,金融期貨,外資及陸資,25,154,361,-207,-447866
2025-02-25,股票期貨,自營商,3155,42847,188975,-146128,-47790359
2025-02-25,股票期貨,投信,-29,28,901,-873,-59328
2025-02-25,股票期貨,外資及陸資,-10521,107937,297354,-189417,-52939415
2025-02-25,美國標普500期貨,自營商,1,0,42,-42,-50532
2025-02-25,美國標普500期貨,投信,0,1,0,1,1203
2025-02-25,美國標普500期貨,外資及陸資,23,46,865,-819,-986246
2025-02-25,美國那斯達克100期貨,自營商,2,0,268,-268,-287430
2025-02-25,美國那斯達克100期貨,投信,0,20,0,20,21450
2025-02-25,美國那斯達克100期貨,外資及陸資,-283,161,2549,-2388,-2561318
2025-02-25,美國道瓊期貨,自營商,-6,0,19,-19,-16576
2025-02-25,美國道瓊期貨,投信,0,2,0,2,1745
2025-02-25,美國道瓊期貨,外資及陸資,75,92,285,-193,-168646
2025-02-25,美國費城半導體期貨,自營商,-77,269,101,168,67324
2025-02-25,美國費城半導體期貨,投信,0,15,0,15,6041
2025-02-25,美國費城半導體期貨,外資及陸資,-37,225,877,-652,-262274
2025-02-26,臺股期貨,自營商,-160,4122,5132,-1010,-4726450
2025-02-26,臺股期貨,投信,491,29275,5743,23532,110209769
2025-02-26,臺股期貨,外資及陸資,321,18945,53958,-35013,-163968048
2025-02-26,電子期貨,自營商,-4,13,102,-89,-456819
2025-02-26,電子期貨,投信,0,186,0,186,954701
2025-02-26,電子期貨,外資及陸資,-34,158,506,-348,-1786215
2025-02-26,金融期貨,自營商,6,124,98,26,56987
2025-02-26,金融期貨,投信,0,23,0,23,50411
2025-02-26,金融期貨,外資及陸資,65,203,345,-142,-311236
2025-02-26,股票期貨,自營商,-1068,42819,190015,-147196,-47796726
2025-02-26,股票期貨,投信,47,75,901,-826,2342
2025-02-26,股票期貨,外資及陸資,-6323,109345,305085,-195740,-53821856
2025-02-26,美國標普500期貨,自營商,3,0,39,-39,-46790
2025-02-26,美國標普500期貨,投信,0,1,0,1,1200
2025-02-26,美國標普500期貨,外資及陸資,-9,47,875,-828,-994151
2025-02-26,美國那斯達克100期貨,自營商,14,0,254,-254,-270421
2025-02-26,美國那斯達克100期貨,投信,0,20,0,20,21293
2025-02-26,美國那斯達克100期貨,外資及陸資,-639,162,3189,-3027,-3223555
2025-02-26,美國道瓊期貨,自營商,-2,0,21,-21,-18401
2025-02-26,美國道瓊期貨,投信,0,2,0,2,1752
2025-02-26,美國道瓊期貨,外資及陸資,93,139,239,-100,-87778
2025-02-26,美國費城半導體期貨,自營商,-70,187,89,98,38650
2025-02-26,美國費城半導體期貨,投信,0,15,0,15,5963
2025-02-26,美國費城半導體期貨,外資及陸資,-77,162,891,-729,-289509
2025-02-27,臺股期貨,自營商,621,4259,4744,-485,-2246694
2025-02-27,臺股期貨,投信,1226,30626,5868,24758,114822653
2025-02-27,臺股期貨,外資及陸資,-1413,15670,52389,-36719,-170286488
2025-02-27,電子期貨,自營商,-12,16,117,-101,-511646
2025-02-27,電子期貨,投信,-1,185,0,185,937173
2025-02-27,電子期貨,外資及陸資,39,244,553,-309,-1565332
2025-02-27,金融期貨,自營商,-9,128,111,17,36982
2025-02-27,金融期貨,投信,0,23,0,23,50034
2025-02-27,金融期貨,外資及陸資,-34,184,360,-176,-382870
2025-02-27,股票期貨,自營商,4471,46201,188926,-142725,-46426753
2025-02-27,股票期貨,投信,355,430,901,-471,450821
2025-02-27,股票期貨,外資及陸資,-3644,108626,308010,-199384,-54369569
2025-02-27,美國標普500期貨,自營商,4,0,35,-35,-41900
2025-02-27,美國標普500期貨,投信,0,1,0,1,1197
2025-02-27,美國標普500期貨,外資及陸資,-1,74,903,-829,-993140
2025-02-27,美國那斯達克100期貨,自營商,-46,0,300,-300,-319035
2025-02-27,美國那斯達克100期貨,投信,0,20,0,20,21269
2025-02-27,美國那斯達克100期貨,外資及陸資,-50,166,3243,-3077,-3273337
2025-02-27,美國道瓊期貨,自營商,-2,0,23,-23,-20041
2025-02-27,美國道瓊期貨,投信,0,2,0,2,1743
2025-02-27,美國道瓊期貨,外資及陸資,-69,108,277,-169,-147475
2025-02-27,美國費城半導體期貨,自營商,4,198,96,102,40547
2025-02-27,美國費城半導體期貨,投信,0,15,0,15,6006
2025-02-27,美國費城半導體期貨,外資及陸資,23,181,887,-706,-282415
2025-03-03,臺股期貨,自營商,2054,6299,4795,1504,6836036
2025-03-03,臺股期貨,投信,1550,32299,5991,26308,119564598
2025-03-03,臺股期貨,外資及陸資,-7471,13402,59957,-46555,-211576575
2025-03-03,電子期貨,自營商,29,37,109,-72,-354859
2025-03-03,電子期貨,投信,0,185,0,185,911791
2025-03-03,電子期貨,外資及陸資,-97,216,622,-406,-2001011
2025-03-03,金融期貨,自營商,17,142,108,34,74140
2025-03-03,金融期貨,投信,0,23,0,23,50154
2025-03-03,金融期貨,外資及陸資,2,188,362,-174,-379424
2025-03-03,股票期貨,自營商,-3008,45701,191434,-145733,-45192773
2025-03-03,股票期貨,投信,37,430,864,-434,447569
2025-03-03,股票期貨,外資及陸資,2440,111315,308259,-196944,-52789129
2025-03-03,美國標普500期貨,自營商,7,0,28,-28,-33494
2025-03-03,美國標普500期貨,投信,0,1,0,1,1196
2025-03-03,美國標普500期貨,外資及陸資,6,91,914,-823,-985344
2025-03-03,美國那斯達克100期貨,自營商,10,0,290,-290,-304616
2025-03-03,美國那斯達克100期貨,投信,0,20,0,20,21008
2025-03-03,美國那斯達克100期貨,外資及陸資,114,193,3156,-2963,-3112955
2025-03-03,美國道瓊期貨,自營商,33,10,0,10,8786
2025-03-03,美國道瓊期貨,投信,0,2,0,2,1757
2025-03-03,美國道瓊期貨,外資及陸資,142,207,234,-27,-23738
2025-03-03,美國費城半導體期貨,自營商,-21,157,76,81,30952
2025-03-03,美國費城半導體期貨,投信,0,15,0,15,5761
2025-03-03,美國費城半導體期貨,外資及陸資,-55,149,910,-761,-292175
2025-03-04,臺股期貨,自營商,-720,6258,5071,1187,5364343
2025-03-04,臺股期貨,投信,835,33062,5919,27143,122621217
2025-03-04,臺股期貨,外資及陸資,2532,14069,58092,-44023,-198870607
2025-03-04,電子期貨,自營商,24,39,87,-48,-234816
2025-03-04,電子期貨,投信,0,185,0,185,905020
2025-03-04,電子期貨,外資及陸資,-44,187,637,-450,-2201400
2025-03-04,金融期貨,自營商,21,155,100,55,119218
2025-03-04,金融期貨,投信,0,23,0,23,49855
2025-03-04,金融期貨,外資及陸資,-39,171,384,-213,-461698
2025-03-04,股票期貨,自營商,-2303,46807,194843,-148036,-43871867
2025-03-04,股票期貨,投信,19,431,846,-415,433614
2025-03-04,股票期貨,外資及陸資,-936,110365,308245,-197880,-55434793
2025-03-04,美國標普500期貨,自營商,-2,0,30,-30,-35280
2025-03-04,美國標普500期貨,投信,0,1,0,1,1176
2025-03-04,美國標普500期貨,外資及陸資,7,137,953,-816,-960740
2025-03-04,美國那斯達克100期貨,自營商,2,0,288,-288,-296323
2025-03-04,美國那斯達克100期貨,投信,0,20,0,20,20578
2025-03-04,美國那斯達克100期貨,外資及陸資,171,212,3004,-2792,-2874744
2025-03-04,美國道瓊期貨,自營商,-47,0,37,-37,-32074
2025-03-04,美國道瓊期貨,投信,0,2,0,2,1734
2025-03-04,美國道瓊期貨,外資及陸資,-6,303,336,-33,-28864
2025-03-04,美國費城半導體期貨,自營商,-5,123,47,76,28117
2025-03-04,美國費城半導體期貨,投信,0,15,0,15,5574
2025-03-04,美國費城半導體期貨,外資及陸資,-44,116,921,-805,-299133
2025-03-05,臺股期貨,自營商,-1916,5736,6480,-744,-3400787
2025-03-05,臺股期貨,投信,392,33324,5789,27535,126066244
2025-03-05,臺股期貨,外資及陸資,2798,15016,55930,-40914,-187313333
2025-03-05,電子期貨,自營商,-20,30,98,-68,-338463
2025-03-05,電子期貨,投信,0,185,0,185,920819
2025-03-05,電子期貨,外資及陸資,32,185,603,-418,-2080553
2025-03-05,金融期貨,自營商,12,159,92,67,145055
2025-03-05,金融期貨,投信,0,23,0,23,49795
2025-03-05,金融期貨,外資及陸資,-35,144,392,-248,-536920
2025-03-05,股票期貨,自營商,4330,48916,192622,-143706,-43244344
2025-03-05,股票期貨,投信,45,496,866,-370,469474
2025-03-05,股票期貨,外資及陸資,-6638,110183,314701,-204518,-59046964
2025-03-05,美國標普500期貨,自營商,13,0,17,-17,-19801
2025-03-05,美國標普500期貨,投信,0,1,0,1,1165
2025-03-05,美國標普500期貨,外資及陸資,572,544,788,-244,-285772
2025-03-05,美國那斯達克100期貨,自營商,7,0,281,-281,-288882
2025-03-05,美國那斯達克100期貨,投信,0,20,0,20,20561
2025-03-05,美國那斯達克100期貨,外資及陸資,258,206,2740,-2534,-2607786
2025-03-05,美國道瓊期貨,自營商,10,0,27,-27,-23114
2025-03-05,美國道瓊期貨,投信,0,2,0,2,1712
2025-03-05,美國道瓊期貨,外資及陸資,-217,141,391,-250,-214618
2025-03-05,美國費城半導體期貨,自營商,-19,124,67,57,21154
2025-03-05,美國費城半導體期貨,投信,0,15,0,15,5604
2025-03-05,美國費城半導體期貨,外資及陸資,-22,215,1042,-827,-309096
2025-03-06,臺股期貨,自營商,921,6310,5974,336,1532664
2025-03-06,臺股期貨,投信,101,33485,5849,27636,125810126
2025-03-06,臺股期貨,外資及陸資,544,14238,54723,-40485,-184286700
2025-03-06,電子期貨,自營商,0,37,105,-68,-335512
2025-03-06,電子期貨,投信,-7,178,0,178,878252
2025-03-06,電子期貨,外資及陸資,2,169,585,-416,-2052544
2025-03-06,金融期貨,自營商,23,180,90,90,195170
2025-03-06,金融期貨,投信,0,23,0,23,49878
2025-03-06,金融期貨,外資及陸資,18,159,389,-230,-498778
2025-03-06,股票期貨,自營商,3384,49894,190216,-140322,-41900738
2025-03-06,股票期貨,投信,228,719,861,-142,571642
2025-03-06,股票期貨,外資及陸資,-9705,106538,320761,-214223,-61331418
2025-03-06,美國標普500期貨,自營商,-7,0,24,-24,-28075
2025-03-06,美國標普500期貨,投信,0,1,0,1,1170
2025-03-06,美國標普500期貨,外資及陸資,-11,408,663,-255,-299995
2025-03-06,美國那斯達克100期貨,自營商,35,0,246,-246,-254138
2025-03-06,美國那斯達克100期貨,投信,0,20,0,20,20639
2025-03-06,美國那斯達克100期貨,外資及陸資,61,183,2656,-2473,-2554757
2025-03-06,美國道瓊期貨,自營商,12,0,15,-15,-12920
2025-03-06,美國道瓊期貨,投信,0,2,0,2,1723
2025-03-06,美國道瓊期貨,外資及陸資,55,150,345,-195,-168500
2025-03-06,美國費城半導體期貨,自營商,-2,92,37,55,20536
2025-03-06,美國費城半導體期貨,投信,0,15,0,15,5596
2025-03-06,美國費城半導體期貨,外資及陸資,-6,215,1048,-833,-311184
2025-03-07,臺股期貨,自營商,544,6257,5179,1078,4859895
2025-03-07,臺股期貨,投信,-575,33065,6004,27061,121898957
2025-03-07,臺股期貨,外資及陸資,27,14205,54663,-40458,-182230264
2025-03-07,電子期貨,自營商,-2,59,129,-70,-341379
2025-03-07,電子期貨,投信,-1,177,0,177,863194
2025-03-07,電子期貨,外資及陸資,-25,154,595,-441,-2150669
2025-03-07,金融期貨,自營商,-10,172,92,80,171978
2025-03-07,金融期貨,投信,0,23,0,23,49445
2025-03-07,金融期貨,外資及陸資,-32,137,399,-262,-563247
2025-03-07,股票期貨,自營商,3649,52397,189070,-136673,-39953952
2025-03-07,股票期貨,投信,188,869,823,46,623596
2025-03-07,股票期貨,外資及陸資,-1219,104278,319720,-215442,-61776887
2025-03-07,美國標普500期貨,自營商,22,6,8,-2,-2303
2025-03-07,美國標普500期貨,投信,0,1,0,1,1152
2025-03-07,美國標普500期貨,外資及陸資,-46,285,586,-301,-348455
2025-03-07,美國那斯達克100期貨,自營商,-52,0,298,-298,-301073
2025-03-07,美國那斯達克100期貨,投信,0,20,0,20,20188
2025-03-07,美國那斯達克100期貨,外資及陸資,-364,135,2972,-2837,-2867459
2025-03-07,美國道瓊期貨,自營商,1,0,14,-14,-11944
2025-03-07,美國道瓊期貨,投信,0,2,0,2,1706
2025-03-07,美國道瓊期貨,外資及陸資,-97,134,426,-292,-249891
2025-03-07,美國費城半導體期貨,自營商,49,204,100,104,38223
2025-03-07,美國費城半導體期貨,投信,0,15,0,15,5489
2025-03-07,美國費城半導體期貨,外資及陸資,-26,188,1047,-859,-314896
2025-03-10,臺股期貨,自營商,1194,6904,4810,2094,9404153
2025-03-10,臺股期貨,投信,198,33344,6085,27259,122371087
2025-03-10,臺股期貨,外資及陸資,-989,13920,56546,-42626,-191340023
2025-03-10,電子期貨,自營商,-18,54,142,-88,-426557
2025-03-10,電子期貨,投信,0,177,0,177,857954
2025-03-10,電子期貨,外資及陸資,5,147,583,-436,-2113380
2025-03-10,金融期貨,自營商,9,180,91,89,191470
2025-03-10,金融期貨,投信,0,23,0,23,49482
2025-03-10,金融期貨,外資及陸資,15,118,365,-247,-531396
2025-03-10,股票期貨,自營商,-1119,53483,191275,-137792,-38581249
2025-03-10,股票期貨,投信,-74,781,809,-28,525401
2025-03-10,股票期貨,外資及陸資,631,103441,318252,-214811,-62107501
2025-03-10,美國標普500期貨,自營商,1,7,8,-1,-1149
2025-03-10,美國標普500期貨,投信,0,1,0,1,1149
2025-03-10,美國標普500期貨,外資及陸資,6,215,510,-295,-340942
2025-03-10,美國那斯達克100期貨,自營商,70,0,228,-228,-229561
2025-03-10,美國那斯達克100期貨,投信,0,20,0,20,20113
2025-03-10,美國那斯達克100期貨,外資及陸資,74,44,2807,-2763,-2783025
2025-03-10,美國道瓊期貨,自營商,-8,0,22,-22,-18779
2025-03-10,美國道瓊期貨,投信,0,2,0,2,1707
2025-03-10,美國道瓊期貨,外資及陸資,64,111,339,-228,-195361
2025-03-10,美國費城半導體期貨,自營商,28,209,77,132,48687
2025-03-10,美國費城半導體期貨,投信,0,15,0,15,5507
2025-03-10,美國費城半導體期貨,外資及陸資,35,136,960,-824,-303082
2025-03-11,臺股期貨,自營商,1169,7508,4496,3012,13271749
2025-03-11,臺股期貨,投信,740,34420,6421,27999,123346789
2025-03-11,臺股期貨,外資及陸資,-3071,13327,59024,-45697,-201295591
2025-03-11,電子期貨,自營商,94,71,64,7,33175
2025-03-11,電子期貨,投信,0,177,0,177,838838
2025-03-11,電子期貨,外資及陸資,-76,154,666,-512,-2426470
2025-03-11,金融期貨,自營商,57,228,82,146,311524
2025-03-11,金融期貨,投信,0,23,0,23,49077
2025-03-11,金融期貨,外資及陸資,-11,104,362,-258,-550521
2025-03-11,股票期貨,自營商,3431,56378,190739,-134361,-35978596
2025-03-11,股票期貨,投信,-234,483,745,-262,191595
2025-03-11,股票期貨,外資及陸資,5699,105884,314996,-209112,-58941549
2025-03-11,美國標普500期貨,自營商,4,11,8,3,3382
2025-03-11,美國標普500期貨,投信,0,1,0,1,1127
2025-03-11,美國標普500期貨,外資及陸資,-28,166,489,-323,-366013
2025-03-11,美國那斯達克100期貨,自營商,49,0,179,-179,-174451
2025-03-11,美國那斯達克100期貨,投信,0,20,0,20,19459
2025-03-11,美國那斯達克100期貨,外資及陸資,-81,3,2847,-2844,-2774358
2025-03-11,美國道瓊期貨,自營商,3,0,19,-19,-15985
2025-03-11,美國道瓊期貨,投信,0,2,0,2,1683
2025-03-11,美國道瓊期貨,外資及陸資,-77,45,350,-305,-257665
2025-03-11,美國費城半導體期貨,自營商,6,199,61,138,49021
2025-03-11,美國費城半導體期貨,投信,0,15,0,15,5302
2025-03-11,美國費城半導體期貨,外資及陸資,-107,139,1070,-931,-329698
2025-03-12,臺股期貨,自營商,-1441,7830,6235,1595,7093946
2025-03-12,臺股期貨,投信,1064,35628,6565,29063,129237164
2025-03-12,臺股期貨,外資及陸資,2109,13337,56746,-43409,-192997207
2025-03-12,電子期貨,自營商,-8,91,92,-1,-4655
2025-03-12,電子期貨,投信,0,177,0,177,850733
2025-03-12,電子期貨,外資及陸資,37,129,604,-475,-2283156
2025-03-12,金融期貨,自營商,-4,234,92,142,303500
2025-03-12,金融期貨,投信,0,23,0,23,49160
2025-03-12,金融期貨,外資及陸資,0,106,364,-258,-551450
2025-03-12,股票期貨,自營商,7093,61983,189251,-127268,-33278395
2025-03-12,股票期貨,投信,236,378,404,-26,184954
2025-03-12,股票期貨,外資及陸資,-5440,103877,318429,-214552,-60179842
2025-03-12,美國標普500期貨,自營商,-6,5,8,-3,-3353
2025-03-12,美國標普500期貨,投信,0,1,0,1,1118
2025-03-12,美國標普500期貨,外資及陸資,-1,123,447,-324,-364089
2025-03-12,美國那斯達克100期貨,自營商,-69,0,248,-248,-241845
2025-03-12,美國那斯達克100期貨,投信,0,20,0,20,19484
2025-03-12,美國那斯達克100期貨,外資及陸資,-112,0,2956,-2956,-2886332
2025-03-12,美國道瓊期貨,自營商,-3,0,22,-22,-18300
2025-03-12,美國道瓊期貨,投信,0,2,0,2,1664
2025-03-12,美國道瓊期貨,外資及陸資,-183,28,516,-488,-407247
2025-03-12,美國費城半導體期貨,自營商,-23,173,58,115,40746
2025-03-12,美國費城半導體期貨,投信,0,15,0,15,5296
2025-03-12,美國費城半導體期貨,外資及陸資,-40,104,1075,-971,-343521
2025-03-13,臺股期貨,自營商,-493,7161,6204,957,4199267
2025-03-13,臺股期貨,投信,719,36603,6821,29782,130582073
2025-03-13,臺股期貨,外資及陸資,1766,15760,57492,-41732,-182952420
2025-03-13,電子期貨,自營商,16,107,92,15,70800
2025-03-13,電子期貨,投信,0,177,0,177,836927
2025-03-13,電子期貨,外資及陸資,56,139,558,-419,-1981102
2025-03-13,金融期貨,自營商,14,232,76,156,332660
2025-03-13,金融期貨,投信,0,23,0,23,49045
2025-03-13,金融期貨,外資及陸資,14,106,350,-244,-520306
2025-03-13,股票期貨,自營商,2898,64866,189236,-124370,-32707420
2025-03-13,股票期貨,投信,0,378,404,-26,175691
2025-03-13,股票期貨,外資及陸資,1332,105406,318626,-213220,-58648534
2025-03-13,美國標普500期貨,自營商,-24,0,27,-27,-30131
2025-03-13,美國標普500期貨,投信,0,1,0,1,1116
2025-03-13,美國標普500期貨,外資及陸資,-2,57,383,-326,-366387
2025-03-13,美國那斯達克100期貨,自營商,71,0,177,-177,-172391
2025-03-13,美國那斯達克100期貨,投信,0,20,0,20,19449
2025-03-13,美國那斯達克100期貨,外資及陸資,139,10,2827,-2817,-2745782
2025-03-13,美國道瓊期貨,自營商,18,0,4,-4,-3301
2025-03-13,美國道瓊期貨,投信,0,2,0,2,1651
2025-03-13,美國道瓊期貨,外資及陸資,-105,34,627,-593,-490345
2025-03-13,美國費城半導體期貨,自營商,-89,139,113,26,9122
2025-03-13,美國費城半導體期貨,投信,0,15,0,15,5333
2025-03-13,美國費城半導體期貨,外資及陸資,189,184,966,-782,-278604
2025-03-14,臺股期貨,自營商,491,7133,5676,1457,6401443
2025-03-14,臺股期貨,投信,159,36997,7056,29941,131512361
2025-03-14,臺股期貨,外資及陸資,-266,16230,58107,-41877,-183911199
2025-03-14,電子期貨,自營商,44,153,94,59,279083
2025-03-14,電子期貨,投信,3,180,0,180,851256
2025-03-14,電子期貨,外資及陸資,-64,116,599,-483,-2284237
2025-03-14,金融期貨,自營商,-9,228,81,147,313638
2025-03-14,金融期貨,投信,0,23,0,23,49077
2025-03-14,金融期貨,外資及陸資,23,127,348,-221,-471594
2025-03-14,股票期貨,自營商,-7569,62527,194466,-131939,-33988597
2025-03-14,股票期貨,投信,0,378,404,-26,178079
2025-03-14,股票期貨,外資及陸資,12517,110332,311035,-200703,-56431762
2025-03-14,美國標普500期貨,自營商,1,0,26,-26,-28973
2025-03-14,美國標普500期貨,投信,0,1,0,1,1114
2025-03-14,美國標普500期貨,外資及陸資,-7,56,389,-333,-373417
2025-03-14,美國那斯達克100期貨,自營商,55,0,122,-122,-118744
2025-03-14,美國那斯達克100期貨,投信,0,20,0,20,19424
2025-03-14,美國那斯達克100期貨,外資及陸資,-114,4,2935,-2931,-2853268
2025-03-14,美國道瓊期貨,自營商,27,23,0,23,18879
2025-03-14,美國道瓊期貨,投信,0,2,0,2,1642
2025-03-14,美國道瓊期貨,外資及陸資,-58,57,708,-651,-535932
2025-03-14,美國費城半導體期貨,自營商,2,137,109,28,10120
2025-03-14,美國費城半導體期貨,投信,0,15,0,15,5425
2025-03-14,美國費城半導體期貨,外資及陸資,41,194,935,-741,-268408
2025-03-17,臺股期貨,自營商,-1570,6526,6727,-201,-886788
2025-03-17,臺股期貨,投信,332,37341,7068,30273,134142269
2025-03-17,臺股期貨,外資及陸資,920,18785,58347,-39562,-175276701
2025-03-17,電子期貨,自營商,70,236,107,129,616115
2025-03-17,電子期貨,投信,27,207,0,207,989138
2025-03-17,電子期貨,外資及陸資,-65,82,630,-548,-2618200
2025-03-17,金融期貨,自營商,14,224,63,161,345692
2025-03-17,金融期貨,投信,-1,22,0,22,47274
2025-03-17,金融期貨,外資及陸資,8,143,356,-213,-457467
2025-03-17,股票期貨,自營商,86,60540,192393,-131853,-34763617
2025-03-17,股票期貨,投信,-25,354,405,-51,160674
2025-03-17,股票期貨,外資及陸資,4493,108749,304959,-196210,-54352253
2025-03-17,美國標普500期貨,自營商,-5,0,31,-31,-34863
2025-03-17,美國標普500期貨,投信,0,1,0,1,1122
2025-03-17,美國標普500期貨,外資及陸資,-3,63,399,-336,-379464
2025-03-17,美國那斯達克100期貨,自營商,-81,0,203,-203,-199988
2025-03-17,美國那斯達克100期貨,投信,0,20,0,20,19605
2025-03-17,美國那斯達克100期貨,外資及陸資,241,10,2700,-2690,-2643229
2025-03-17,美國道瓊期貨,自營商,-26,0,3,-3,-2479
2025-03-17,美國道瓊期貨,投信,0,2,0,2,1653
2025-03-17,美國道瓊期貨,外資及陸資,123,102,630,-528,-437542
2025-03-17,美國費城半導體期貨,自營商,4,161,129,32,11597
2025-03-17,美國費城半導體期貨,投信,-4,11,0,11,4057
2025-03-17,美國費城半導體期貨,外資及陸資,30,154,865,-711,-260229
2025-03-18,臺股期貨,自營商,-986,6811,7798,-987,-4386545
2025-03-18,臺股期貨,投信,-189,37083,6999,30084,133861980
2025-03-18,臺股期貨,外資及陸資,157,21709,60909,-39200,-174368549
2025-03-18,電子期貨,自營商,-33,188,93,95,455673
2025-03-18,電子期貨,投信,-1,207,0,207,993785
2025-03-18,電子期貨,外資及陸資,46,87,589,-502,-2409217
2025-03-18,金融期貨,自營商,-28,204,71,133,286554
2025-03-18,金融期貨,投信,0,22,0,22,47410
2025-03-18,金融期貨,外資及陸資,4,123,332,-209,-450359
2025-03-18,股票期貨,自營商,3028,60442,189267,-128825,-35062455
2025-03-18,股票期貨,投信,-5,354,410,-56,164404
2025-03-18,股票期貨,外資及陸資,2318,109599,303491,-193892,-52858068
2025-03-18,美國標普500期貨,自營商,3,0,28,-28,-31808
2025-03-18,美國標普500期貨,投信,0,1,0,1,1144
2025-03-18,美國標普500期貨,外資及陸資,20,70,386,-316,-360228
2025-03-18,美國那斯達克100期貨,自營商,-3,0,206,-206,-204185
2025-03-18,美國那斯達克100期貨,投信,0,20,0,20,19915
2025-03-18,美國那斯達克100期貨,外資及陸資,277,12,2425,-2413,-2386232
2025-03-18,美國道瓊期貨,自營商,-4,0,7,-7,-5899
2025-03-18,美國道瓊期貨,投信,0,2,0,2,1679
2025-03-18,美國道瓊期貨,外資及陸資,173,171,526,-355,-297604
2025-03-18,美國費城半導體期貨,自營商,-104,172,244,-72,-26999
2025-03-18,美國費城半導體期貨,投信,0,11,0,11,4113
2025-03-18,美國費城半導體期貨,外資及陸資,137,251,825,-574,-213316
2025-03-19,臺股期貨,自營商,2176,4870,4530,340,1498105
2025-03-19,臺股期貨,投信,-481,36504,6913,29591,130306927
2025-03-19,臺股期貨,外資及陸資,-847,15254,51650,-36396,-160257328
2025-03-19,電子期貨,自營商,-34,64,53,11,52063
2025-03-19,電子期貨,投信,1,208,0,208,984464
2025-03-19,電子期貨,外資及陸資,-16,92,492,-400,-1893200
2025-03-19,金融期貨,自營商,-1,88,58,30,64374
2025-03-19,金融期貨,投信,0,22,0,22,47208
2025-03-19,金融期貨,外資及陸資,-21,137,288,-151,-324015
2025-03-19,股票期貨,自營商,-1187,30284,135967,-105683,-31299864
2025-03-19,股票期貨,投信,0,33,410,-377,9260
2025-03-19,股票期貨,外資及陸資,-1189,76924,241290,-164366,-43836120
2025-03-19,美國標普500期貨,自營商,-18,0,46,-46,-52083
2025-03-19,美國標普500期貨,投信,1,2,0,2,2272
2025-03-19,美國標普500期貨,外資及陸資,24,71,363,-292,-330680
2025-03-19,美國那斯達克100期貨,自營商,-6,1,213,-212,-208236
2025-03-19,美國那斯達克100期貨,投信,-2,18,0,18,17781
2025-03-19,美國那斯達克100期貨,外資及陸資,-162,5,2580,-2575,-2524130
2025-03-19,美國道瓊期貨,自營商,11,13,9,4,3270
2025-03-19,美國道瓊期貨,投信,1,3,0,3,2519
2025-03-19,美國道瓊期貨,外資及陸資,-59,166,580,-414,-345810
2025-03-19,美國費城半導體期貨,自營商,-73,231,376,-145,-53485
2025-03-19,美國費城半導體期貨,投信,0,11,0,11,4090
2025-03-19,美國費城半導體期貨,外資及陸資,96,269,747,-478,-176843
2025-03-20,臺股期貨,自營商,-1747,4034,5642,-1608,-7188700
2025-03-20,臺股期貨,投信,74,36372,6707,29665,132691545
2025-03-20,臺股期貨,外資及陸資,2793,17545,50707,-33162,-148307343
2025-03-20,電子期貨,自營商,17,78,51,27,130642
2025-03-20,電子期貨,投信,0,208,0,208,1006429
2025-03-20,電子期貨,外資及陸資,40,117,477,-360,-1741896
2025-03-20,金融期貨,自營商,39,127,58,69,148695
2025-03-20,金融期貨,投信,0,22,0,22,47410
2025-03-20,金融期貨,外資及陸資,-52,116,319,-203,-437465
2025-03-20,股票期貨,自營商,-6421,30287,142391,-112104,-33803754
2025-03-20,股票期貨,投信,-5,33,415,-382,9568
2025-03-20,股票期貨,外資及陸資,857,86168,249677,-163509,-44672160
2025-03-20,美國標普500期貨,自營商,-2,0,48,-48,-55128
2025-03-20,美國標普500期貨,投信,0,2,0,2,2304
2025-03-20,美國標普500期貨,外資及陸資,40,83,335,-252,-289445
2025-03-20,美國那斯達克100期貨,自營商,16,4,200,-196,-196069
2025-03-20,美國那斯達克100期貨,投信,0,18,0,18,18098
2025-03-20,美國那斯達克100期貨,外資及陸資,337,18,2256,-2238,-2231643
2025-03-20,美國道瓊期貨,自營商,13,19,2,17,14310
2025-03-20,美國道瓊期貨,投信,0,3,0,3,2548
2025-03-20,美國道瓊期貨,外資及陸資,164,241,491,-250,-210831
2025-03-20,美國費城半導體期貨,自營商,-87,246,478,-232,-86727
2025-03-20,美國費城半導體期貨,投信,0,11,0,11,4149
2025-03-20,美國費城半導體期貨,外資及陸資,93,241,626,-385,-144708
2025-03-21,臺股期貨,自營商,1234,4546,4940,-394,-1745081
2025-03-21,臺股期貨,投信,-346,36134,6815,29319,130064948
2025-03-21,臺股期貨,外資及陸資,-1942,14590,50178,-35588,-157847056
2025-03-21,電子期貨,自營商,-10,73,56,17,81536
2025-03-21,電子期貨,投信,2,210,0,210,1007202
2025-03-21,電子期貨,外資及陸資,-8,127,495,-368,-1765002
2025-03-21,金融期貨,自營商,5,124,50,74,158760
2025-03-21,金融期貨,投信,0,22,0,22,47199
2025-03-21,金融期貨,外資及陸資,0,125,328,-203,-435516
2025-03-21,股票期貨,自營商,-1577,31070,144751,-113681,-34101139
2025-03-21,股票期貨,投信,-13,33,428,-395,6445
2025-03-21,股票期貨,外資及陸資,-8518,86200,258217,-172017,-45069313
2025-03-21,美國標普500期貨,自營商,1,0,32,-32,-36566
2025-03-21,美國標普500期貨,投信,0,2,0,2,2285
2025-03-21,美國標普500期貨,外資及陸資,-12,0,178,-178,-203401
2025-03-21,美國那斯達克100期貨,自營商,46,0,121,-121,-120201
2025-03-21,美國那斯達克100期貨,投信,0,18,0,18,17881
2025-03-21,美國那斯達克100期貨,外資及陸資,-24,2,1149,-1147,-1139430
2025-03-21,美國道瓊期貨,自營商,-9,0,14,-14,-11828
2025-03-21,美國道瓊期貨,投信,0,3,0,3,2535
2025-03-21,美國道瓊期貨,外資及陸資,-16,131,183,-52,-43932
2025-03-21,美國費城半導體期貨,自營商,26,185,236,-51,-18972
2025-03-21,美國費城半導體期貨,投信,0,11,0,11,4092
2025-03-21,美國費城半導體期貨,外資及陸資,-67,122,543,-421,-156612
2025-03-24,臺股期貨,自營商,345,4534,4665,-131,-578182
2025-03-24,臺股期貨,投信,-55,36083,6819,29264,129645373
2025-03-24,臺股期貨,外資及陸資,-582,14104,50165,-36061,-159727671
2025-03-24,電子期貨,自營商,6,76,53,23,110033
2025-03-24,電子期貨,投信,0,210,0,210,1004598
2025-03-24,電子期貨,外資及陸資,5,125,488,-363,-1736519
2025-03-24,金融期貨,自營商,-7,132,65,67,144197
2025-03-24,金融期貨,投信,0,22,0,22,47348
2025-03-24,金融期貨,外資及陸資,46,168,325,-157,-337895
2025-03-24,股票期貨,自營商,1613,33328,145396,-112068,-33961152
2025-03-24,股票期貨,投信,0,33,428,-395,6561
2025-03-24,股票期貨,外資及陸資,71,88240,260186,-171946,-44468473
2025-03-24,美國標普500期貨,自營商,2,0,30,-30,-34560
2025-03-24,美國標普500期貨,投信,0,2,0,2,2304
2025-03-24,美國標普500期貨,外資及陸資,-16,0,195,-195,-224640
2025-03-24,美國那斯達克100期貨,自營商,30,0,91,-91,-91573
2025-03-24,美國那斯達克100期貨,投信,0,18,0,18,18113
2025-03-24,美國那斯達克100期貨,外資及陸資,-19,19,1259,-1240,-1247920
2025-03-24,美國道瓊期貨,自營商,17,4,0,4,3410
2025-03-24,美國道瓊期貨,投信,0,3,0,3,2553
2025-03-24,美國道瓊期貨,外資及陸資,26,305,327,-22,-18716
2025-03-24,美國費城半導體期貨,自營商,20,236,267,-31,-11523
2025-03-24,美國費城半導體期貨,投信,0,11,0,11,4089
2025-03-24,美國費城半導體期貨,外資及陸資,-96,132,649,-517,-192179
2025-03-25,臺股期貨,自營商,-1516,3718,5410,-1692,-7543613
2025-03-25,臺股期貨,投信,160,36176,6752,29424,131236925
2025-03-25,臺股期貨,外資及陸資,2696,15641,47521,-31880,-142158463
2025-03-25,電子期貨,自營商,-1,74,52,22,106516
2025-03-25,電子期貨,投信,-20,190,0,190,919866
2025-03-25,電子期貨,外資及陸資,74,139,428,-289,-1399164
2025-03-25,金融期貨,自營商,-4,115,52,63,135475
2025-03-25,金融期貨,投信,0,22,0,22,47309
2025-03-25,金融期貨,外資及陸資,-11,167,335,-168,-361267
2025-03-25,股票期貨,自營商,5478,36273,142863,-106590,-34279192
2025-03-25,股票期貨,投信,20,33,408,-375,9131
2025-03-25,股票期貨,外資及陸資,2252,90301,259995,-169694,-43164715
2025-03-25,美國標普500期貨,自營商,2,0,28,-28,-32542
2025-03-25,美國標普500期貨,投信,0,2,0,2,2324
2025-03-25,美國標普500期貨,外資及陸資,15,0,180,-180,-209196
2025-03-25,美國那斯達克100期貨,自營商,-17,0,108,-108,-109901
2025-03-25,美國那斯達克100期貨,投信,0,18,0,18,18317
2025-03-25,美國那斯達克100期貨,外資及陸資,343,104,1001,-897,-912679
2025-03-25,美國道瓊期貨,自營商,-21,1,18,-17,-14559
2025-03-25,美國道瓊期貨,投信,0,3,0,3,2570
2025-03-25,美國道瓊期貨,外資及陸資,198,415,239,176,150827
2025-03-25,美國費城半導體期貨,自營商,-42,226,299,-73,-27655
2025-03-25,美國費城半導體期貨,投信,0,11,0,11,4155
2025-03-25,美國費城半導體期貨,外資及陸資,62,212,667,-455,-171834
2025-03-26,臺股期貨,自營商,701,3382,4474,-1092,-4867446
2025-03-26,臺股期貨,投信,-118,36059,6753,29306,130728205
2025-03-26,臺股期貨,外資及陸資,-1136,15683,48699,-33016,-147243878
2025-03-26,電子期貨,自營商,7,69,53,16,77309
2025-03-26,電子期貨,投信,0,190,0,190,918042
2025-03-26,電子期貨,外資及陸資,-39,126,454,-328,-1584830
2025-03-26,金融期貨,自營商,15,129,41,88,189992
2025-03-26,金融期貨,投信,0,22,0,22,47498
2025-03-26,金融期貨,外資及陸資,31,199,336,-137,-295783
2025-03-26,股票期貨,自營商,-3454,37108,147152,-110044,-34507953
2025-03-26,股票期貨,投信,-39,33,447,-414,3986
2025-03-26,股票期貨,外資及陸資,3720,92708,258682,-165974,-43803558
2025-03-26,美國標普500期貨,自營商,3,0,25,-25,-29165
2025-03-26,美國標普500期貨,投信,0,2,0,2,2333
2025-03-26,美國標普500期貨,外資及陸資,-6,0,186,-186,-217049
2025-03-26,美國那斯達克100期貨,自營商,11,0,97,-97,-99352
2025-03-26,美國那斯達克100期貨,投信,0,18,0,18,18437
2025-03-26,美國那斯達克100期貨,外資及陸資,12,54,939,-885,-906294
2025-03-26,美國道瓊期貨,自營商,0,1,18,-17,-14583
2025-03-26,美國道瓊期貨,投信,0,3,0,3,2574
2025-03-26,美國道瓊期貨,外資及陸資,-1,453,278,175,150192
2025-03-26,美國費城半導體期貨,自營商,-22,210,305,-95,-35823
2025-03-26,美國費城半導體期貨,投信,0,11,0,11,4134
2025-03-26,美國費城半導體期貨,外資及陸資,-4,210,669,-459,-172471
2025-03-27,臺股期貨,自營商,173,4514,5473,-959,-4210293
2025-03-27,臺股期貨,投信,-242,36020,6956,29064,127713029
2025-03-27,臺股期貨,外資及陸資,-1087,14125,50539,-36414,-159976520
2025-03-27,電子期貨,自營商,-22,50,56,-6,-28426
2025-03-27,電子期貨,投信,0,190,0,190,900144
2025-03-27,電子期貨,外資及陸資,-25,76,429,-353,-1672372
2025-03-27,金融期貨,自營商,19,155,48,107,230606
2025-03-27,金融期貨,投信,0,22,0,22,47414
2025-03-27,金融期貨,外資及陸資,-37,154,328,-174,-375005
2025-03-27,股票期貨,自營商,-4957,37955,152956,-115001,-34403283
2025-03-27,股票期貨,投信,-47,33,494,-461,-177
2025-03-27,股票期貨,外資及陸資,-1787,93132,260893,-167761,-44944076
2025-03-27,美國標普500期貨,自營商,3,0,22,-22,-25385
2025-03-27,美國標普500期貨,投信,0,2,0,2,2308
2025-03-27,美國標普500期貨,外資及陸資,10,0,176,-176,-203234
2025-03-27,美國那斯達克100期貨,自營商,-60,0,157,-157,-158225
2025-03-27,美國那斯達克100期貨,投信,0,18,0,18,18140
2025-03-27,美國那斯達克100期貨,外資及陸資,-324,0,1209,-1209,-1218628
2025-03-27,美國道瓊期貨,自營商,-2,1,20,-19,-16283
2025-03-27,美國道瓊期貨,投信,0,3,0,3,2572
2025-03-27,美國道瓊期貨,外資及陸資,146,537,216,321,275251
2025-03-27,美國費城半導體期貨,自營商,65,213,243,-30,-11044
2025-03-27,美國費城半導體期貨,投信,0,11,0,11,4006
2025-03-27,美國費城半導體期貨,外資及陸資,-118,186,763,-577,-210053
2025-03-28,臺股期貨,自營商,794,5161,5326,-165,-710465
2025-03-28,臺股期貨,投信,-188,36354,7478,28876,124738545
2025-03-28,臺股期貨,外資及陸資,-287,13875,50572,-36697,-158489438
2025-03-28,電子期貨,自營商,-10,53,69,-16,-74413
2025-03-28,電子期貨,投信,0,190,0,190,883690
2025-03-28,電子期貨,外資及陸資,-42,92,487,-395,-1837145
2025-03-28,金融期貨,自營商,28,181,46,135,287961
2025-03-28,金融期貨,投信,0,22,0,22,46926
2025-03-28,金融期貨,外資及陸資,-33,149,356,-207,-441531
2025-03-28,股票期貨,自營商,8986,42678,148693,-106015,-32054783
2025-03-28,股票期貨,投信,36,33,458,-425,2582
2025-03-28,股票期貨,外資及陸資,-7009,92958,267728,-174770,-45740352
2025-03-28,美國標普500期貨,自營商,17,0,5,-5,-5747
2025-03-28,美國標普500期貨,投信,0,2,0,2,2299
2025-03-28,美國標普500期貨,外資及陸資,31,0,145,-145,-166855
2025-03-28,美國那斯達克100期貨,自營商,18,0,139,-139,-138924
2025-03-28,美國那斯達克100期貨,投信,0,18,0,18,17990
2025-03-28,美國那斯達克100期貨,外資及陸資,165,12,1056,-1044,-1043879
2025-03-28,美國道瓊期貨,自營商,12,1,8,-7,-5960
2025-03-28,美國道瓊期貨,投信,0,3,0,3,2557
2025-03-28,美國道瓊期貨,外資及陸資,70,495,104,391,333391
2025-03-28,美國費城半導體期貨,自營商,78,203,155,48,16927
2025-03-28,美國費城半導體期貨,投信,0,11,0,11,3926
2025-03-28,美國費城半導體期貨,外資及陸資,-68,200,845,-645,-230061
2025-03-31,臺股期貨,自營商,-702,4763,5738,-975,-4050493
2025-03-31,臺股期貨,投信,289,37126,7961,29165,121116412
2025-03-31,臺股期貨,外資及陸資,5890,18157,47470,-29313,-121689994
2025-03-31,電子期貨,自營商,46,75,45,30,133506
2025-03-31,電子期貨,投信,-11,189,10,179,796586
2025-03-31,電子期貨,外資及陸資,-47,113,555,-442,-1966988
2025-03-31,金融期貨,自營商,27,199,37,162,338065
2025-03-31,金融期貨,投信,0,22,0,22,45910
2025-03-31,金融期貨,外資及陸資,47,192,352,-160,-333888
2025-03-31,股票期貨,自營商,12376,50801,144440,-93639,-26824225
2025-03-31,股票期貨,投信,-42,33,500,-467,-9650
2025-03-31,股票期貨,外資及陸資,8408,99294,265656,-166362,-40830971
2025-03-31,美國標普500期貨,自營商,-6,0,11,-11,-12293
2025-03-31,美國標普500期貨,投信,0,2,0,2,2235
2025-03-31,美國標普500期貨,外資及陸資,-24,0,169,-169,-189132
2025-03-31,美國那斯達克100期貨,自營商,13,0,126,-126,-121149
2025-03-31,美國那斯達克100期貨,投信,0,18,0,18,17307
2025-03-31,美國那斯達克100期貨,外資及陸資,-132,0,1176,-1176,-1131267
2025-03-31,美國道瓊期貨,自營商,-7,1,15,-14,-11662
2025-03-31,美國道瓊期貨,投信,0,3,0,3,2500
2025-03-31,美國道瓊期貨,外資及陸資,-114,395,118,277,230911
2025-03-31,美國費城半導體期貨,自營商,9,200,143,57,19196
2025-03-31,美國費城半導體期貨,投信,0,11,0,11,3747
2025-03-31,美國費城半導體期貨,外資及陸資,-43,276,964,-688,-234176
2025-04-01,臺股期貨,自營商,-125,4499,5726,-1227,-5201934
2025-04-01,臺股期貨,投信,1041,37940,7734,30206,127994904
2025-04-01,臺股期貨,外資及陸資,-285,17363,46748,-29385,-124469293
2025-04-01,電子期貨,自營商,-73,49,92,-43,-196287
2025-04-01,電子期貨,投信,-3,186,10,176,803405
2025-04-01,電子期貨,外資及陸資,124,123,441,-318,-1451607
2025-04-01,金融期貨,自營商,-7,192,37,155,325318
2025-04-01,金融期貨,投信,0,22,0,22,46174
2025-04-01,金融期貨,外資及陸資,-7,182,349,-167,-350499
2025-04-01,股票期貨,自營商,1427,52439,144651,-92212,-27530224
2025-04-01,股票期貨,投信,-25,33,525,-492,-10776
2025-04-01,股票期貨,外資及陸資,4101,100035,262296,-162261,-40522653
2025-04-01,美國標普500期貨,自營商,-5,0,16,-16,-18055
2025-04-01,美國標普500期貨,投信,0,2,0,2,2257
2025-04-01,美國標普500期貨,外資及陸資,-11,0,180,-180,-203395
2025-04-01,美國那斯達克100期貨,自營商,-41,0,167,-167,-161907
2025-04-01,美國那斯達克100期貨,投信,0,18,0,18,17451
2025-04-01,美國那斯達克100期貨,外資及陸資,-186,11,1373,-1362,-1321007
2025-04-01,美國道瓊期貨,自營商,-4,1,19,-18,-15186
2025-04-01,美國道瓊期貨,投信,0,3,0,3,2532
2025-04-01,美國道瓊期貨,外資及陸資,110,516,129,387,326603
2025-04-01,美國費城半導體期貨,自營商,15,196,124,72,24459
2025-04-01,美國費城半導體期貨,投信,0,11,0,11,3775
2025-04-01,美國費城半導體期貨,外資及陸資,-52,286,1026,-740,-253730
2025-04-02,臺股期貨,自營商,-386,4980,6571,-1591,-6777129
2025-04-02,臺股期貨,投信,-406,37531,7731,29800,126924160
2025-04-02,臺股期貨,外資及陸資,3448,19514,43799,-24285,-103390760
2025-04-02,電子期貨,自營商,-32,53,128,-75,-343692
2025-04-02,電子期貨,投信,0,186,10,176,806538
2025-04-02,電子期貨,外資及陸資,27,136,427,-291,-1333536
2025-04-02,金融期貨,自營商,11,222,56,166,350131
2025-04-02,金融期貨,投信,0,22,0,22,46402
2025-04-02,金融期貨,外資及陸資,36,179,310,-131,-276305
2025-04-02,股票期貨,自營商,-1265,54006,147483,-93477,-27281780
2025-04-02,股票期貨,投信,0,33,525,-492,-11087
2025-04-02,股票期貨,外資及陸資,2373,101859,261747,-159888,-41436986
2025-04-02,美國標普500期貨,自營商,-20,0,36,-36,-40882
2025-04-02,美國標普500期貨,投信,0,2,0,2,2271
2025-04-02,美國標普500期貨,外資及陸資,20,0,160,-160,-181961
2025-04-02,美國那斯達克100期貨,自營商,11,0,156,-156,-152857
2025-04-02,美國那斯達克100期貨,投信,0,18,0,18,17637
2025-04-02,美國那斯達克100期貨,外資及陸資,192,0,1170,-1170,-1146795
2025-04-02,美國道瓊期貨,自營商,-1,1,20,-19,-16038
2025-04-02,美國道瓊期貨,投信,0,3,0,3,2533
2025-04-02,美國道瓊期貨,外資及陸資,-47,432,92,340,287101
2025-04-02,美國費城半導體期貨,自營商,9,186,105,81,27723
2025-04-02,美國費城半導體期貨,投信,0,11,0,11,3791
2025-04-02,美國費城半導體期貨,外資及陸資,-25,204,969,-765,-263499
2025-04-07,臺股期貨,自營商,-282,4603,6455,-1852,-7100316
2025-04-07,臺股期貨,投信,0,37531,7731,29800,114235320
2025-04-07,臺股期貨,外資及陸資,-425,18576,43727,-25151,-96374484
2025-04-07,電子期貨,自營商,-9,52,136,-84,-346446
2025-04-07,電子期貨,投信,0,186,10,176,725894
2025-04-07,電子期貨,外資及陸資,27,165,429,-264,-1088842
2025-04-07,金融期貨,自營商,-2,220,56,164,311341
2025-04-07,金融期貨,投信,0,22,0,22,41765
2025-04-07,金融期貨,外資及陸資,8,184,307,-123,-233503
2025-04-07,股票期貨,自營商,-343,54779,148599,-93820,-24402101
2025-04-07,股票期貨,投信,0,33,525,-492,-11420
2025-04-07,股票期貨,外資及陸資,187,103469,263170,-159701,-37024238
2025-04-07,美國標普500期貨,自營商,34,0,2,-2,-1969
2025-04-07,美國標普500期貨,投信,0,2,0,2,1969
2025-04-07,美國標普500期貨,外資及陸資,76,0,84,-84,-83048
2025-04-07,美國那斯達克100期貨,自營商,60,18,114,-96,-80477
2025-04-07,美國那斯達克100期貨,投信,0,18,0,18,15089
2025-04-07,美國那斯達克100期貨,外資及陸資,-43,11,1224,-1213,-1017378
2025-04-07,美國道瓊期貨,自營商,-41,1,61,-60,-45007
2025-04-07,美國道瓊期貨,投信,0,3,0,3,2251
2025-04-07,美國道瓊期貨,外資及陸資,-109,428,197,231,173211
2025-04-07,美國費城半導體期貨,自營商,-59,174,152,22,5727
2025-04-07,美國費城半導體期貨,投信,0,11,0,11,3032
2025-04-07,美國費城半導體期貨,外資及陸資,40,241,966,-725,-199636
2025-04-08,臺股期貨,自營商,2763,5590,4658,932,3380241
2025-04-08,臺股期貨,投信,-2144,38117,10461,27656,100496301
2025-04-08,臺股期貨,外資及陸資,-4824,18277,48354,-30077,-109231582
2025-04-08,電子期貨,自營商,64,69,89,-20,-77140
2025-04-08,電子期貨,投信,5,181,0,181,698117
2025-04-08,電子期貨,外資及陸資,-4,287,555,-268,-1033676
2025-04-08,金融期貨,自營商,-60,172,68,104,198310
2025-04-08,金融期貨,投信,-5,17,0,17,32416
2025-04-08,金融期貨,外資及陸資,-72,116,311,-195,-371826
2025-04-08,股票期貨,自營商,11590,62499,144729,-82230,-21571099
2025-04-08,股票期貨,投信,0,33,525,-492,-11299
2025-04-08,股票期貨,外資及陸資,1780,111154,269075,-157921,-29300517
2025-04-08,美國標普500期貨,自營商,-19,0,21,-21,-21689
2025-04-08,美國標普500期貨,投信,0,2,0,2,2066
2025-04-08,美國標普500期貨,外資及陸資,19,51,116,-65,-67375
2025-04-08,美國那斯達克100期貨,自營商,7,0,89,-89,-78921
2025-04-08,美國那斯達克100期貨,投信,0,18,0,18,15962
2025-04-08,美國那斯達克100期貨,外資及陸資,540,250,923,-673,-597087
2025-04-08,美國道瓊期貨,自營商,52,1,9,-8,-6197
2025-04-08,美國道瓊期貨,投信,0,3,0,3,2326
2025-04-08,美國道瓊期貨,外資及陸資,-183,308,260,48,37193
2025-04-08,美國費城半導體期貨,自營商,-2,174,154,20,5559
2025-04-08,美國費城半導體期貨,投信,0,11,0,11,3300
2025-04-08,美國費城半導體期貨,外資及陸資,354,354,725,-371,-110993
2025-04-09,臺股期貨,自營商,1727,6784,4426,2358,8095008
2025-04-09,臺股期貨,投信,-331,38173,10848,27325,93910551
2025-04-09,臺股期貨,外資及陸資,2270,19331,47202,-27871,-95731217
2025-04-09,電子期貨,自營商,31,115,122,-7,-25774
2025-04-09,電子期貨,投信,0,181,0,181,666370
2025-04-09,電子期貨,外資及陸資,3,319,584,-265,-975624
2025-04-09,金融期貨,自營商,39,183,45,138,247528
2025-04-09,金融期貨,投信,0,17,0,17,30491
2025-04-09,金融期貨,外資及陸資,-86,138,419,-281,-504001
2025-04-09,股票期貨,自營商,10401,70324,142153,-71829,-17528020
2025-04-09,股票期貨,投信,41,33,484,-451,-3767
2025-04-09,股票期貨,外資及陸資,14966,122880,265835,-142955,-23047569
2025-04-09,美國標普500期貨,自營商,-19,0,40,-40,-39282
2025-04-09,美國標普500期貨,投信,0,2,0,2,1964
2025-04-09,美國標普500期貨,外資及陸資,14,36,87,-51,-50292
2025-04-09,美國那斯達克100期貨,自營商,-141,0,230,-230,-193787
2025-04-09,美國那斯達克100期貨,投信,0,18,0,18,15166
2025-04-09,美國那斯達克100期貨,外資及陸資,183,28,518,-490,-413227
2025-04-09,美國道瓊期貨,自營商,-38,1,47,-46,-34019
2025-04-09,美國道瓊期貨,投信,0,3,0,3,2219
2025-04-09,美國道瓊期貨,外資及陸資,-128,281,361,-80,-59228
2025-04-09,美國費城半導體期貨,自營商,14,151,117,34,9189
2025-04-09,美國費城半導體期貨,投信,0,11,0,11,3091
2025-04-09,美國費城半導體期貨,外資及陸資,-21,323,715,-392,-109834
2025-04-10,臺股期貨,自營商,-1365,6539,5543,996,3781155
2025-04-10,臺股期貨,投信,-20,38153,10848,27305,103223825
2025-04-10,臺股期貨,外資及陸資,3588,23058,45708,-22650,-85591436
2025-04-10,電子期貨,自營商,-5,122,134,-12,-48589
2025-04-10,電子期貨,投信,0,181,0,181,732978
2025-04-10,電子期貨,外資及陸資,63,367,569,-202,-818019
2025-04-10,金融期貨,自營商,68,229,23,206,406416
2025-04-10,金融期貨,投信,0,17,0,17,33538
2025-04-10,金融期貨,外資及陸資,45,247,483,-236,-465580
2025-04-10,股票期貨,自營商,3685,74264,142408,-68144,-19069903
2025-04-10,股票期貨,投信,-16,33,500,-467,-7463
2025-04-10,股票期貨,外資及陸資,-4340,120994,268289,-147295,-26031378
2025-04-10,美國標普500期貨,自營商,-5,0,45,-45,-49113
2025-04-10,美國標普500期貨,投信,0,2,0,2,2183
2025-04-10,美國標普500期貨,外資及陸資,-25,21,97,-76,-83144
2025-04-10,美國那斯達克100期貨,自營商,193,17,54,-37,-35335
2025-04-10,美國那斯達克100期貨,投信,0,18,0,18,17190
2025-04-10,美國那斯達克100期貨,外資及陸資,238,227,479,-252,-240856
2025-04-10,美國道瓊期貨,自營商,-14,1,61,-60,-48831
2025-04-10,美國道瓊期貨,投信,0,3,0,3,2442
2025-04-10,美國道瓊期貨,外資及陸資,170,357,267,90,72887
2025-04-10,美國費城半導體期貨,自營商,32,172,106,66,21843
2025-04-10,美國費城半導體期貨,投信,0,11,0,11,3688
2025-04-10,美國費城半導體期貨,外資及陸資,22,330,700,-370,-123760
2025-04-11,臺股期貨,自營商,-2492,5202,6679,-1477,-5755111
2025-04-11,臺股期貨,投信,5326,40309,7678,32631,127535157
2025-04-11,臺股期貨,外資及陸資,-2612,24440,47988,-23548,-91987377
2025-04-11,電子期貨,自營商,-85,103,200,-97,-409152
2025-04-11,電子期貨,投信,-8,183,10,173,729701
2025-04-11,電子期貨,外資及陸資,54,293,441,-148,-624177
2025-04-11,金融期貨,自營商,-13,229,36,193,377200
2025-04-11,金融期貨,投信,0,17,0,17,33225
2025-04-11,金融期貨,外資及陸資,-17,214,467,-253,-494463
2025-04-11,股票期貨,自營商,7913,80827,141058,-60231,-15487778
2025-04-11,股票期貨,投信,12,33,488,-455,-4419
2025-04-11,股票期貨,外資及陸資,887,118451,264859,-146408,-28863722
2025-04-11,美國標普500期貨,自營商,2,0,43,-43,-45705
2025-04-11,美國標普500期貨,投信,0,2,0,2,2126
2025-04-11,美國標普500期貨,外資及陸資,-21,23,120,-97,-103245
2025-04-11,美國那斯達克100期貨,自營商,-207,0,244,-244,-227628
2025-04-11,美國那斯達克100期貨,投信,0,18,0,18,16792
2025-04-11,美國那斯達克100期貨,外資及陸資,-489,44,785,-741,-691428
2025-04-11,美國道瓊期貨,自營商,-7,1,68,-67,-53612
2025-04-11,美國道瓊期貨,投信,0,3,0,3,2401
2025-04-11,美國道瓊期貨,外資及陸資,-324,246,480,-234,-187806
2025-04-11,美國費城半導體期貨,自營商,10,172,96,76,23882
2025-04-11,美國費城半導體期貨,投信,0,11,0,11,3498
2025-04-11,美國費城半導體期貨,外資及陸資,-44,312,726,-414,-131366
2025-04-14,臺股期貨,自營商,322,6752,7715,-963,-3734988
2025-04-14,臺股期貨,投信,302,41504,8571,32933,128359010
2025-04-14,臺股期貨,外資及陸資,-227,22815,46698,-23883,-93023674
2025-04-14,電子期貨,自營商,-70,129,296,-167,-701111
2025-04-14,電子期貨,投信,9,182,0,182,764181
2025-04-14,電子期貨,外資及陸資,47,285,386,-101,-424280
2025-04-14,金融期貨,自營商,11,273,69,204,397578
2025-04-14,金融期貨,投信,0,17,0,17,33164
2025-04-14,金融期貨,外資及陸資,47,206,412,-206,-400950
2025-04-14,股票期貨,自營商,18174,88609,130666,-42057,-6755834
2025-04-14,股票期貨,投信,55,31,431,-400,-2932
2025-04-14,股票期貨,外資及陸資,-12663,115306,274377,-159071,-37079647
2025-04-14,美國標普500期貨,自營商,10,0,33,-33,-36008
2025-04-14,美國標普500期貨,投信,0,2,0,2,2182
2025-04-14,美國標普500期貨,外資及陸資,6,33,124,-91,-99345
2025-04-14,美國那斯達克100期貨,自營商,246,28,26,2,1908
2025-04-14,美國那斯達克100期貨,投信,0,18,0,18,17175
2025-04-14,美國那斯達克100期貨,外資及陸資,344,188,585,-397,-378761
2025-04-14,美國道瓊期貨,自營商,16,1,52,-51,-41406
2025-04-14,美國道瓊期貨,投信,0,3,0,3,2436
2025-04-14,美國道瓊期貨,外資及陸資,148,173,259,-86,-70243
2025-04-14,美國費城半導體期貨,自營商,-35,168,127,41,13291
2025-04-14,美國費城半導體期貨,投信,0,11,0,11,3615
2025-04-14,美國費城半導體期貨,外資及陸資,51,320,683,-363,-119131
2025-04-15,臺股期貨,自營商,-727,6706,8264,-1558,-6146405
2025-04-15,臺股期貨,投信,746,42950,9271,33679,133224083
2025-04-15,臺股期貨,外資及陸資,1279,27727,50125,-22398,-88533421
2025-04-15,電子期貨,自營商,-41,138,343,-205,-871725
2025-04-15,電子期貨,投信,8,190,0,190,808260
2025-04-15,電子期貨,外資及陸資,33,339,407,-68,-289217
2025-04-15,金融期貨,自營商,-14,292,102,190,375616
2025-04-15,金融期貨,投信,0,17,0,17,33561
2025-04-15,金融期貨,外資及陸資,73,234,367,-133,-262165
2025-04-15,股票期貨,自營商,3717,89256,127596,-38340,-3497037
2025-04-15,股票期貨,投信,2,31,429,-398,-2496
2025-04-15,股票期貨,外資及陸資,-5920,109844,274835,-164991,-42162899
2025-04-15,美國標普500期貨,自營商,0,0,33,-33,-35917
2025-04-15,美國標普500期貨,投信,0,2,0,2,2177
2025-04-15,美國標普500期貨,外資及陸資,8,165,248,-83,-90366
2025-04-15,美國那斯達克100期貨,自營商,-120,0,118,-118,-111516
2025-04-15,美國那斯達克100期貨,投信,0,18,0,18,17011
2025-04-15,美國那斯達克100期貨,外資及陸資,-150,146,693,-547,-516725
2025-04-15,美國道瓊期貨,自營商,3,0,48,-48,-39068
2025-04-15,美國道瓊期貨,投信,0,3,0,3,2442
2025-04-15,美國道瓊期貨,外資及陸資,82,280,284,-4,-3647
2025-04-15,美國費城半導體期貨,自營商,43,165,81,84,26841
2025-04-15,美國費城半導體期貨,投信,0,11,0,11,3541
2025-04-15,美國費城半導體期貨,外資及陸資,-63,356,782,-426,-136899
2025-04-16,臺股期貨,自營商,1166,4663,3492,1171,4544624
2025-04-16,臺股期貨,投信,-284,44921,11518,33403,129262930
2025-04-16,臺股期貨,外資及陸資,-972,16129,44854,-28725,-111116857
2025-04-16,電子期貨,自營商,31,42,80,-38,-157335
2025-04-16,電子期貨,投信,-10,180,0,180,745272
2025-04-16,電子期貨,外資及陸資,-49,150,379,-229,-948152
2025-04-16,金融期貨,自營商,20,150,12,138,269956
2025-04-16,金融期貨,投信,0,17,0,17,33255
2025-04-16,金融期貨,外資及陸資,-51,102,344,-242,-473401
2025-04-16,股票期貨,自營商,4837,64212,75091,-10879,3417084
2025-04-16,股票期貨,投信,15,31,414,-383,-1568
2025-04-16,股票期貨,外資及陸資,-9161,70406,229775,-159369,-43240582
2025-04-16,美國標普500期貨,自營商,-2,0,35,-35,-37450
2025-04-16,美國標普500期貨,投信,0,2,0,2,2140
2025-04-16,美國標普500期貨,外資及陸資,8,201,276,-75,-80250
2025-04-16,美國那斯達克100期貨,自營商,-20,0,138,-138,-128078
2025-04-16,美國那斯達克100期貨,投信,0,18,0,18,16706
2025-04-16,美國那斯達克100期貨,外資及陸資,162,188,573,-385,-357168
2025-04-16,美國道瓊期貨,自營商,13,0,35,-35,-28196
2025-04-16,美國道瓊期貨,投信,0,3,0,3,2417
2025-04-16,美國道瓊期貨,外資及陸資,-1,301,306,-5,-4390
2025-04-16,美國費城半導體期貨,自營商,-17,149,82,67,20751
2025-04-16,美國費城半導體期貨,投信,0,11,0,11,3440
2025-04-16,美國費城半導體期貨,外資及陸資,7,327,746,-419,-130825
2025-04-17,臺股期貨,自營商,-174,4595,3586,1009,3922180
2025-04-17,臺股期貨,投信,1152,46079,11524,34555,133845337
2025-04-17,臺股期貨,外資及陸資,-1086,15129,44999,-29870,-115654772
2025-04-17,電子期貨,自營商,5,65,97,-32,-132970
2025-04-17,電子期貨,投信,-11,169,0,169,702094
2025-04-17,電子期貨,外資及陸資,17,180,392,-212,-880733
2025-04-17,金融期貨,自營商,30,213,45,168,325954
2025-04-17,金融期貨,投信,0,17,0,17,32983
2025-04-17,金融期貨,外資及陸資,3,129,368,-239,-463708
2025-04-17,股票期貨,自營商,3658,72077,79298,-7221,4631810
2025-04-17,股票期貨,投信,-271,31,685,-654,-116610
2025-04-17,股票期貨,外資及陸資,-13170,71140,243679,-172539,-47645129
2025-04-17,美國標普500期貨,自營商,-1,0,36,-36,-38513
2025-04-17,美國標普500期貨,投信,0,2,0,2,2140
2025-04-17,美國標普500期貨,外資及陸資,1,223,297,-74,-79181
2025-04-17,美國那斯達克100期貨,自營商,9,0,129,-129,-119802
2025-04-17,美國那斯達克100期貨,投信,0,18,0,18,16717
2025-04-17,美國那斯達克100期貨,外資及陸資,-119,290,794,-504,-467953
2025-04-17,美國道瓊期貨,自營商,3,0,32,-32,-25717
2025-04-17,美國道瓊期貨,投信,0,3,0,3,2411
2025-04-17,美國道瓊期貨,外資及陸資,-134,307,446,-139,-112090
2025-04-17,美國費城半導體期貨,自營商,-1,149,83,66,20564
2025-04-17,美國費城半導體期貨,投信,0,11,0,11,3455
2025-04-17,美國費城半導體期貨,外資及陸資,-14,327,760,-433,-135860
2025-04-18,臺股期貨,自營商,5,4484,3475,1009,3915793
2025-04-18,臺股期貨,投信,1,46229,11673,34556,133621141
2025-04-18,臺股期貨,外資及陸資,846,16261,45323,-29062,-112332940
2025-04-18,電子期貨,自營商,-15,73,120,-47,-194807
2025-04-18,電子期貨,投信,-1,168,0,168,696259
2025-04-18,電子期貨,外資及陸資,36,119,295,-176,-729414
2025-04-18,金融期貨,自營商,1,234,65,169,327751
2025-04-18,金融期貨,投信,0,17,0,17,32970
2025-04-18,金融期貨,外資及陸資,35,117,321,-204,-395637
2025-04-18,股票期貨,自營商,1686,76034,81569,-5535,5418598
2025-04-18,股票期貨,投信,1010,1031,675,356,94456
2025-04-18,股票期貨,外資及陸資,-4222,71908,248669,-176761,-48193104
2025-04-18,美國標普500期貨,自營商,-4,0,40,-40,-42736
2025-04-18,美國標普500期貨,投信,0,2,0,2,2137
2025-04-18,美國標普500期貨,外資及陸資,4,223,293,-70,-74797
2025-04-18,美國那斯達克100期貨,自營商,-6,0,135,-135,-124565
2025-04-18,美國那斯達克100期貨,投信,0,18,0,18,16609
2025-04-18,美國那斯達克100期貨,外資及陸資,-76,277,857,-580,-535011
2025-04-18,美國道瓊期貨,自營商,0,0,32,-32,-25224
2025-04-18,美國道瓊期貨,投信,0,3,0,3,2365
2025-04-18,美國道瓊期貨,外資及陸資,-151,265,555,-290,-229206
2025-04-18,美國費城半導體期貨,自營商,1,149,82,67,20601
2025-04-18,美國費城半導體期貨,投信,0,11,0,11,3411
2025-04-18,美國費城半導體期貨,外資及陸資,-14,319,766,-447,-138458
2025-04-21,臺股期貨,自營商,-424,4583,4009,574,2205324
2025-04-21,臺股期貨,投信,-690,45876,12010,33866,129361347
2025-04-21,臺股期貨,外資及陸資,2549,18650,45220,-26570,-101447126
2025-04-21,電子期貨,自營商,-26,63,136,-73,-298605
2025-04-21,電子期貨,投信,0,168,0,168,687120
2025-04-21,電子期貨,外資及陸資,27,106,255,-149,-609410
2025-04-21,金融期貨,自營商,36,291,86,205,397241
2025-04-21,金融期貨,投信,0,17,0,17,32943
2025-04-21,金融期貨,外資及陸資,37,124,291,-167,-323613
2025-04-21,股票期貨,自營商,7346,84454,82643,1811,7628939
2025-04-21,股票期貨,投信,815,2031,860,1171,253057
2025-04-21,股票期貨,外資及陸資,-4200,73301,254262,-180961,-47946918
2025-04-21,美國標普500期貨,自營商,0,0,40,-40,-42176
2025-04-21,美國標普500期貨,投信,0,2,0,2,2109
2025-04-21,美國標普500期貨,外資及陸資,10,223,283,-60,-63273
2025-04-21,美國那斯達克100期貨,自營商,18,0,117,-117,-106827
2025-04-21,美國那斯達克100期貨,投信,0,18,0,18,16435
2025-04-21,美國那斯達克100期貨,外資及陸資,25,268,823,-555,-506604
2025-04-21,美國道瓊期貨,自營商,14,0,18,-18,-14060
2025-04-21,美國道瓊期貨,投信,0,3,0,3,2343
2025-04-21,美國道瓊期貨,外資及陸資,-8,266,564,-298,-233273
2025-04-21,美國費城半導體期貨,自營商,0,149,82,67,20235
2025-04-21,美國費城半導體期貨,投信,0,11,0,11,3351
2025-04-21,美國費城半導體期貨,外資及陸資,1,319,765,-446,-135704
2025-04-22,臺股期貨,自營商,618,5090,3816,1274,4802501
2025-04-22,臺股期貨,投信,-3647,41910,11691,30219,113641571
2025-04-22,臺股期貨,外資及陸資,566,20010,47141,-27131,-101978395
2025-04-22,電子期貨,自營商,11,78,140,-62,-249077
2025-04-22,電子期貨,投信,0,168,0,168,674822
2025-04-22,電子期貨,外資及陸資,-55,130,334,-204,-819427
2025-04-22,金融期貨,自營商,44,343,94,249,474340
2025-04-22,金融期貨,投信,0,17,0,17,32385
2025-04-22,金融期貨,外資及陸資,13,139,293,-154,-293370
2025-04-22,股票期貨,自營商,2783,87275,82681,4594,8334454
2025-04-22,股票期貨,投信,0,2031,860,1171,235416
2025-04-22,股票期貨,外資及陸資,1334,77413,257040,-179627,-47315047
2025-04-22,美國標普500期貨,自營商,2,0,38,-38,-39562
2025-04-22,美國標普500期貨,投信,0,2,0,2,2082
2025-04-22,美國標普500期貨,外資及陸資,7,233,286,-53,-55256
2025-04-22,美國那斯達克100期貨,自營商,-42,0,159,-159,-143227
2025-04-22,美國那斯達克100期貨,投信,0,18,0,18,16214
2025-04-22,美國那斯達克100期貨,外資及陸資,120,345,780,-435,-391718
2025-04-22,美國道瓊期貨,自營商,9,0,9,-9,-6928
2025-04-22,美國道瓊期貨,投信,0,3,0,3,2309
2025-04-22,美國道瓊期貨,外資及陸資,-111,179,588,-409,-315430
2025-04-22,美國費城半導體期貨,自營商,0,149,82,67,20117
2025-04-22,美國費城半導體期貨,投信,0,11,0,11,3333
2025-04-22,美國費城半導體期貨,外資及陸資,-7,313,766,-453,-137123
2025-04-23,臺股期貨,自營商,-788,5169,4618,551,2162188
2025-04-23,臺股期貨,投信,2897,43496,10380,33116,129536546
2025-04-23,臺股期貨,外資及陸資,-718,21290,49035,-27745,-108464444
2025-04-23,電子期貨,自營商,-53,58,165,-107,-451573
2025-04-23,電子期貨,投信,-7,171,10,161,679356
2025-04-23,電子期貨,外資及陸資,98,123,229,-106,-447277
2025-04-23,金融期貨,自營商,0,351,113,238,460376
2025-04-23,金融期貨,投信,0,17,0,17,32885
2025-04-23,金融期貨,外資及陸資,42,122,234,-112,-216653
2025-04-23,股票期貨,自營商,4878,90664,81192,9472,9419106
2025-04-23,股票期貨,投信,0,2031,860,1171,259681
2025-04-23,股票期貨,外資及陸資,1224,81206,259609,-178403,-48511953
2025-04-23,美國標普500期貨,自營商,-1,0,39,-39,-42081
2025-04-23,美國標普500期貨,投信,0,2,0,2,2158
2025-04-23,美國標普500期貨,外資及陸資,-9,233,295,-62,-66961
2025-04-23,美國那斯達克100期貨,自營商,42,10,127,-117,-109669
2025-04-23,美國那斯達克100期貨,投信,-16,2,0,2,1875
2025-04-23,美國那斯達克100期貨,外資及陸資,115,345,665,-320,-299725
2025-04-23,美國道瓊期貨,自營商,28,19,0,19,15138
2025-04-23,美國道瓊期貨,投信,0,3,0,3,2390
2025-04-23,美國道瓊期貨,外資及陸資,282,265,392,-127,-101689
2025-04-23,美國費城半導體期貨,自營商,0,149,82,67,20907
2025-04-23,美國費城半導體期貨,投信,0,11,0,11,3463
2025-04-23,美國費城半導體期貨,外資及陸資,-1,310,764,-454,-142783
2025-04-24,臺股期貨,自營商,172,4998,4306,692,2700393
2025-04-24,臺股期貨,投信,157,43225,9952,33273,129498516
2025-04-24,臺股期貨,外資及陸資,464,18921,46279,-27358,-106416555
2025-04-24,電子期貨,自營商,20,75,162,-87,-364276
2025-04-24,電子期貨,投信,0,171,10,161,674075
2025-04-24,電子期貨,外資及陸資,-46,133,285,-152,-636394
2025-04-24,金融期貨,自營商,37,391,116,275,528701
2025-04-24,金融期貨,投信,0,17,0,17,32684
2025-04-24,金融期貨,外資及陸資,39,119,192,-73,-140350
2025-04-24,股票期貨,自營商,4632,94001,79897,14104,10499727
2025-04-24,股票期貨,投信,9,2031,851,1180,255799
2025-04-24,股票期貨,外資及陸資,-5413,79891,263707,-183816,-48995591
2025-04-24,美國標普500期貨,自營商,0,0,39,-39,-42063
2025-04-24,美國標普500期貨,投信,0,2,0,2,2157
2025-04-24,美國標普500期貨,外資及陸資,0,246,308,-62,-66923
2025-04-24,美國那斯達克100期貨,自營商,9,10,118,-108,-101412
2025-04-24,美國那斯達克100期貨,投信,0,2,0,2,1878
2025-04-24,美國那斯達克100期貨,外資及陸資,123,367,564,-197,-184595
2025-04-24,美國道瓊期貨,自營商,-12,7,0,7,5555
2025-04-24,美國道瓊期貨,投信,0,3,0,3,2381
2025-04-24,美國道瓊期貨,外資及陸資,19,384,492,-108,-86175
2025-04-24,美國費城半導體期貨,自營商,-5,144,82,62,19685
2025-04-24,美國費城半導體期貨,投信,0,11,0,11,3522
2025-04-24,美國費城半導體期貨,外資及陸資,26,328,756,-428,-136910
2025-04-25,臺股期貨,自營商,-844,4995,5129,-134,-526451
2025-04-25,臺股期貨,投信,871,42775,8631,34144,135708742
2025-04-25,臺股期貨,外資及陸資,1397,20681,44379,-23698,-94126623
2025-04-25,電子期貨,自營商,0,86,173,-87,-374986
2025-04-25,電子期貨,投信,4,175,10,165,711117
2025-04-25,電子期貨,外資及陸資,40,118,230,-112,-482698
2025-04-25,金融期貨,自營商,3,390,112,278,539976
2025-04-25,金融期貨,投信,0,17,0,17,33028
2025-04-25,金融期貨,外資及陸資,40,157,190,-33,-64112
2025-04-25,股票期貨,自營商,-116,93907,79919,13988,10402465
2025-04-25,股票期貨,投信,52,2031,799,1232,265008
2025-04-25,股票期貨,外資及陸資,2401,83442,264857,-181415,-48446879
2025-04-25,美國標普500期貨,自營商,0,0,39,-39,-43212
2025-04-25,美國標普500期貨,投信,0,2,0,2,2216
2025-04-25,美國標普500期貨,外資及陸資,9,258,311,-53,-58780
2025-04-25,美國那斯達克100期貨,自營商,11,21,118,-97,-94207
2025-04-25,美國那斯達克100期貨,投信,0,2,0,2,1942
2025-04-25,美國那斯達克100期貨,外資及陸資,243,487,441,46,45256
2025-04-25,美國道瓊期貨,自營商,-8,0,1,-1,-806
2025-04-25,美國道瓊期貨,投信,0,3,0,3,2419
2025-04-25,美國道瓊期貨,外資及陸資,39,369,438,-69,-56093
2025-04-25,美國費城半導體期貨,自營商,123,253,68,185,62615
2025-04-25,美國費城半導體期貨,投信,0,11,0,11,3731
2025-04-25,美國費城半導體期貨,外資及陸資,166,352,614,-262,-88733
2025-04-28,臺股期貨,自營商,389,5153,4890,263,1053969
2025-04-28,臺股期貨,投信,-138,42526,8520,34006,135785958
2025-04-28,臺股期貨,外資及陸資,-1072,19042,43812,-24770,-98843274
2025-04-28,電子期貨,自營商,-1,96,184,-88,-381229
2025-04-28,電子期貨,投信,0,175,10,165,714780
2025-04-28,電子期貨,外資及陸資,24,110,198,-88,-381216
2025-04-28,金融期貨,自營商,0,392,114,278,541998
2025-04-28,金融期貨,投信,0,17,0,17,33150
2025-04-28,金融期貨,外資及陸資,2,157,188,-31,-60450
2025-04-28,股票期貨,自營商,332,94753,80433,14320,10414846
2025-04-28,股票期貨,投信,-159,2031,958,1073,254343
2025-04-28,股票期貨,外資及陸資,763,85414,266066,-180652,-47945961
2025-04-28,美國標普500期貨,自營商,2,0,37,-37,-40861
2025-04-28,美國標普500期貨,投信,0,2,0,2,2209
2025-04-28,美國標普500期貨,外資及陸資,-1,235,289,-54,-59682
2025-04-28,美國那斯達克100期貨,自營商,-55,25,177,-152,-147637
2025-04-28,美國那斯達克100期貨,投信,0,2,0,2,1943
2025-04-28,美國那斯達克100期貨,外資及陸資,-70,450,474,-24,-22415
2025-04-28,美國道瓊期貨,自營商,-18,0,19,-19,-15234
2025-04-28,美國道瓊期貨,投信,0,3,0,3,2405
2025-04-28,美國道瓊期貨,外資及陸資,-52,277,398,-121,-97469
2025-04-28,美國費城半導體期貨,自營商,-40,203,58,145,48872
2025-04-28,美國費城半導體期貨,投信,0,11,0,11,3718
2025-04-28,美國費城半導體期貨,外資及陸資,-40,334,636,-302,-101925
2025-04-29,臺股期貨,自營商,265,5481,4952,529,2135335
2025-04-29,臺股期貨,投信,430,42764,8328,34436,138811670
2025-04-29,臺股期貨,外資及陸資,-596,19183,44549,-25366,-102187988
2025-04-29,電子期貨,自營商,0,98,186,-88,-383974
2025-04-29,電子期貨,投信,-1,174,10,164,715532
2025-04-29,電子期貨,外資及陸資,-17,134,239,-105,-458115
2025-04-29,金融期貨,自營商,22,438,138,300,594230
2025-04-29,金融期貨,投信,0,17,0,17,33680
2025-04-29,金融期貨,外資及陸資,79,210,162,48,95098
2025-04-29,股票期貨,自營商,31,95415,81064,14351,10689166
2025-04-29,股票期貨,投信,-352,2031,1310,721,209975
2025-04-29,股票期貨,外資及陸資,-2080,85983,268715,-182732,-49004229
2025-04-29,美國標普500期貨,自營商,1,0,36,-36,-40025
2025-04-29,美國標普500期貨,投信,0,2,0,2,2224
2025-04-29,美國標普500期貨,外資及陸資,-22,248,324,-76,-84545
2025-04-29,美國那斯達克100期貨,自營商,2,26,176,-150,-146783
2025-04-29,美國那斯達克100期貨,投信,0,2,0,2,1957
2025-04-29,美國那斯達克100期貨,外資及陸資,-149,421,594,-173,-168420
2025-04-29,美國道瓊期貨,自營商,-5,0,24,-24,-19409
2025-04-29,美國道瓊期貨,投信,0,3,0,3,2426
2025-04-29,美國道瓊期貨,外資及陸資,-28,303,452,-149,-121493
2025-04-29,美國費城半導體期貨,自營商,-39,184,78,106,36002
2025-04-29,美國費城半導體期貨,投信,0,11,0,11,3748
2025-04-29,美國費城半導體期貨,外資及陸資,16,339,625,-286,-97332
2025-04-30,臺股期貨,自營商,-864,4941,5224,-283,-1137059
2025-04-30,臺股期貨,投信,-70,42969,8603,34366,138522631
2025-04-30,臺股期貨,外資及陸資,2550,18881,41611,-22730,-91556929
2025-04-30,電子期貨,自營商,18,113,186,-73,-318020
2025-04-30,電子期貨,投信,4,178,10,168,731741
2025-04-30,電子期貨,外資及陸資,-17,160,282,-122,-531383
2025-04-30,金融期貨,自營商,14,512,172,340,684956
2025-04-30,金融期貨,投信,0,17,0,17,34255
2025-04-30,金融期貨,外資及陸資,78,288,162,126,253890
2025-04-30,股票期貨,自營商,17285,107436,75800,31636,14425435
2025-04-30,股票期貨,投信,-50,2031,1360,671,202806
2025-04-30,股票期貨,外資及陸資,-15369,82824,280925,-198101,-51020654
2025-04-30,美國標普500期貨,自營商,0,0,36,-36,-40248
2025-04-30,美國標普500期貨,投信,0,2,0,2,2236
2025-04-30,美國標普500期貨,外資及陸資,-2,261,339,-78,-87220
2025-04-30,美國那斯達克100期貨,自營商,10,31,171,-140,-136836
2025-04-30,美國那斯達克100期貨,投信,0,2,0,2,1955
2025-04-30,美國那斯達克100期貨,外資及陸資,64,463,572,-109,-105735
2025-04-30,美國道瓊期貨,自營商,-14,0,38,-38,-30848
2025-04-30,美國道瓊期貨,投信,0,3,0,3,2435
2025-04-30,美國道瓊期貨,外資及陸資,140,363,372,-9,-8088
2025-04-30,美國費城半導體期貨,自營商,-6,182,82,100,33399
2025-04-30,美國費城半導體期貨,投信,0,11,0,11,3685
2025-04-30,美國費城半導體期貨,外資及陸資,-110,358,754,-396,-132529
2025-05-02,臺股期貨,自營商,-1322,4977,6582,-1605,-6635832
2025-05-02,臺股期貨,投信,990,43453,8097,35356,146246756
2025-05-02,臺股期貨,外資及陸資,-333,20118,43031,-22913,-94707153
2025-05-02,電子期貨,自營商,23,128,178,-50,-224761
2025-05-02,電子期貨,投信,0,178,10,168,754925
2025-05-02,電子期貨,外資及陸資,13,163,286,-123,-552713
2025-05-02,金融期貨,自營商,35,561,186,375,756959
2025-05-02,金融期貨,投信,-1,16,0,16,32307
2025-05-02,金融期貨,外資及陸資,-7,302,183,119,240284
2025-05-02,股票期貨,自營商,-68,109917,78349,31568,15568651
2025-05-02,股票期貨,投信,-255,2044,1628,416,-47049
2025-05-02,股票期貨,外資及陸資,478,83244,280867,-197623,-53818812
2025-05-02,美國標普500期貨,自營商,1,4,39,-35,-39695
2025-05-02,美國標普500期貨,投信,0,2,0,2,2268
2025-05-02,美國標普500期貨,外資及陸資,2,285,361,-76,-86212
2025-05-02,美國那斯達克100期貨,自營商,61,35,114,-79,-78877
2025-05-02,美國那斯達克100期貨,投信,0,2,0,2,1997
2025-05-02,美國那斯達克100期貨,外資及陸資,75,571,605,-34,-33189
2025-05-02,美國道瓊期貨,自營商,28,0,10,-10,-8236
2025-05-02,美國道瓊期貨,投信,0,3,0,3,2471
2025-05-02,美國道瓊期貨,外資及陸資,188,471,292,179,147105
2025-05-02,美國費城半導體期貨,自營商,-1,179,80,99,34047
2025-05-02,美國費城半導體期貨,投信,0,11,0,11,3798
2025-05-02,美國費城半導體期貨,外資及陸資,65,365,696,-331,-114120
2025-05-05,臺股期貨,自營商,1279,5599,5938,-339,-1391565
2025-05-05,臺股期貨,投信,479,44767,8932,35835,146371869
2025-05-05,臺股期貨,外資及陸資,-3199,17950,44109,-26159,-106756536
2025-05-05,電子期貨,自營商,-17,129,196,-67,-296169
2025-05-05,電子期貨,投信,8,176,0,176,777814
2025-05-05,電子期貨,外資及陸資,-17,204,344,-140,-618716
2025-05-05,金融期貨,自營商,32,621,214,407,803315
2025-05-05,金融期貨,投信,0,16,0,16,31600
2025-05-05,金融期貨,外資及陸資,-54,265,200,65,128375
2025-05-05,股票期貨,自營商,20178,126305,74559,51746,21970814
2025-05-05,股票期貨,投信,683,2644,1545,1099,25614
2025-05-05,股票期貨,外資及陸資,-22175,76155,295953,-219798,-62844207
2025-05-05,美國標普500期貨,自營商,-1,4,40,-36,-40851
2025-05-05,美國標普500期貨,投信,0,2,0,2,2270
2025-05-05,美國標普500期貨,外資及陸資,10,338,404,-66,-74756
2025-05-05,美國那斯達克100期貨,自營商,-28,30,137,-107,-107304
2025-05-05,美國那斯達克100期貨,投信,0,2,0,2,2006
2025-05-05,美國那斯達克100期貨,外資及陸資,360,993,667,326,328208
2025-05-05,美國道瓊期貨,自營商,-28,0,38,-38,-31298
2025-05-05,美國道瓊期貨,投信,0,3,0,3,2471
2025-05-05,美國道瓊期貨,外資及陸資,52,614,383,231,190057
2025-05-05,美國費城半導體期貨,自營商,12,183,72,111,38899
2025-05-05,美國費城半導體期貨,投信,0,11,0,11,3863
2025-05-05,美國費城半導體期貨,外資及陸資,106,371,596,-225,-78934
2025-05-06,臺股期貨,自營商,1238,6549,5607,942,3814704
2025-05-06,臺股期貨,投信,554,45993,9604,36389,148067258
2025-05-06,臺股期貨,外資及陸資,-3187,18527,49684,-31157,-126660159
2025-05-06,電子期貨,自營商,-25,118,210,-92,-404233
2025-05-06,電子期貨,投信,10,186,0,186,816912
2025-05-06,電子期貨,外資及陸資,4,200,336,-136,-597312
2025-05-06,金融期貨,自營商,193,937,337,600,1182218
2025-05-06,金融期貨,投信,-3,13,0,13,25711
2025-05-06,金融期貨,外資及陸資,57,324,202,122,241291
2025-05-06,股票期貨,自營商,12199,140719,76774,63945,27978003
2025-05-06,股票期貨,投信,1513,4244,1632,2612,340141
2025-05-06,股票期貨,外資及陸資,-22140,74790,316728,-241938,-71664963
2025-05-06,美國標普500期貨,自營商,-28,4,68,-64,-72576
2025-05-06,美國標普500期貨,投信,0,2,0,2,2268
2025-05-06,美國標普500期貨,外資及陸資,24,356,398,-42,-47533
2025-05-06,美國那斯達克100期貨,自營商,-82,20,209,-189,-188717
2025-05-06,美國那斯達克100期貨,投信,0,2,0,2,1997
2025-05-06,美國那斯達克100期貨,外資及陸資,143,1107,638,469,469546
2025-05-06,美國道瓊期貨,自營商,-24,0,62,-62,-51260
2025-05-06,美國道瓊期貨,投信,0,3,0,3,2480
2025-05-06,美國道瓊期貨,外資及陸資,122,734,381,353,291727
2025-05-06,美國費城半導體期貨,自營商,-5,180,74,106,36975
2025-05-06,美國費城半導體期貨,投信,0,11,0,11,3846
2025-05-06,美國費城半導體期貨,外資及陸資,1,377,601,-224,-78240
2025-05-07,臺股期貨,自營商,-54,6160,5266,894,3622539
2025-05-07,臺股期貨,投信,24,47116,10703,36413,148398250
2025-05-07,臺股期貨,外資及陸資,514,19556,50199,-30643,-124756182
2025-05-07,電子期貨,自營商,24,127,195,-68,-299546
2025-05-07,電子期貨,投信,-2,184,0,184,810078
2025-05-07,電子期貨,外資及陸資,-36,189,361,-172,-757248
2025-05-07,金融期貨,自營商,42,969,339,630,1242867
2025-05-07,金融期貨,投信,0,13,0,13,25776
2025-05-07,金融期貨,外資及陸資,-21,296,195,101,200263
2025-05-07,股票期貨,自營商,9735,151404,77724,73680,32929298
2025-05-07,股票期貨,投信,69,4426,1745,2681,508351
2025-05-07,股票期貨,外資及陸資,-13101,72735,327774,-255039,-77224811
2025-05-07,美國標普500期貨,自營商,4,4,64,-60,-67944
2025-05-07,美國標普500期貨,投信,0,2,0,2,2265
2025-05-07,美國標普500期貨,外資及陸資,-1,338,381,-43,-48608
2025-05-07,美國那斯達克100期貨,自營商,28,20,181,-161,-160928
2025-05-07,美國那斯達克100期貨,投信,0,2,0,2,1999
2025-05-07,美國那斯達克100期貨,外資及陸資,-94,978,603,375,376019
2025-05-07,美國道瓊期貨,自營商,5,0,57,-57,-46852
2025-05-07,美國道瓊期貨,投信,0,3,0,3,2466
2025-05-07,美國道瓊期貨,外資及陸資,-116,612,375,237,194447
2025-05-07,美國費城半導體期貨,自營商,-16,164,74,90,31280
2025-05-07,美國費城半導體期貨,投信,0,11,0,11,3832
2025-05-07,美國費城半導體期貨,外資及陸資,12,373,585,-212,-73787
2025-05-08,臺股期貨,自營商,-913,6370,6398,-28,-140062
2025-05-08,臺股期貨,投信,1280,48222,10529,37693,155129915
2025-05-08,臺股期貨,外資及陸資,541,21531,51551,-30020,-123415312
2025-05-08,電子期貨,自營商,6,133,195,-62,-276707
2025-05-08,電子期貨,投信,-5,179,0,179,797910
2025-05-08,電子期貨,外資及陸資,23,197,346,-149,-664183
2025-05-08,金融期貨,自營商,11,982,341,641,1272497
2025-05-08,金融期貨,投信,0,13,0,13,25906
2025-05-08,金融期貨,外資及陸資,-33,259,191,68,135510
2025-05-08,股票期貨,自營商,2381,154288,78227,76061,35095569
2025-05-08,股票期貨,投信,693,5144,1770,3374,803305
2025-05-08,股票期貨,外資及陸資,-4494,70024,329557,-259533,-80085365
2025-05-08,美國標普500期貨,自營商,2,4,62,-58,-65925
2025-05-08,美國標普500期貨,投信,0,2,0,2,2273
2025-05-08,美國標普500期貨,外資及陸資,0,390,433,-43,-48791
2025-05-08,美國那斯達克100期貨,自營商,29,35,167,-132,-133102
2025-05-08,美國那斯達克100期貨,投信,0,2,0,2,2017
2025-05-08,美國那斯達克100期貨,外資及陸資,-42,1055,722,333,336878
2025-05-08,美國道瓊期貨,自營商,6,0,51,-51,-42279
2025-05-08,美國道瓊期貨,投信,0,3,0,3,2487
2025-05-08,美國道瓊期貨,外資及陸資,19,628,372,256,211931
2025-05-08,美國費城半導體期貨,自營商,46,198,62,136,48624
2025-05-08,美國費城半導體期貨,投信,0,11,0,11,3940
2025-05-08,美國費城半導體期貨,外資及陸資,-39,356,607,-251,-89823
2025-05-09,臺股期貨,自營商,-922,6757,7725,-968,-4071536
2025-05-09,臺股期貨,投信,1479,49093,9921,39172,163308648
2025-05-09,臺股期貨,外資及陸資,-3319,20668,53939,-33271,-138562455
2025-05-09,電子期貨,自營商,0,146,208,-62,-281216
2025-05-09,電子期貨,投信,-10,169,0,169,765807
2025-05-09,電子期貨,外資及陸資,26,225,348,-123,-557362
2025-05-09,金融期貨,自營商,67,1135,427,708,1413745
2025-05-09,金融期貨,投信,0,13,0,13,26088
2025-05-09,金融期貨,外資及陸資,57,311,186,125,250850
2025-05-09,股票期貨,自營商,779,155418,78578,76840,36468932
2025-05-09,股票期貨,投信,1611,6420,1435,4985,1217500
2025-05-09,股票期貨,外資及陸資,-3182,73203,335918,-262715,-82614745
2025-05-09,美國標普500期貨,自營商,1,4,61,-57,-65043
2025-05-09,美國標普500期貨,投信,0,2,0,2,2282
2025-05-09,美國標普500期貨,外資及陸資,-2,391,436,-45,-51265
2025-05-09,美國那斯達克100期貨,自營商,-2,30,164,-134,-135394
2025-05-09,美國那斯達克100期貨,投信,0,2,0,2,2021
2025-05-09,美國那斯達克100期貨,外資及陸資,-59,1047,773,274,277944
2025-05-09,美國道瓊期貨,自營商,1,0,50,-50,-41510
2025-05-09,美國道瓊期貨,投信,0,3,0,3,2491
2025-05-09,美國道瓊期貨,外資及陸資,-24,637,405,232,192362
2025-05-09,美國費城半導體期貨,自營商,-17,191,72,119,42481
2025-05-09,美國費城半導體期貨,投信,0,11,0,11,3939
2025-05-09,美國費城半導體期貨,外資及陸資,2,355,604,-249,-89079
2025-05-12,臺股期貨,自營商,-84,6867,7947,-1080,-4604511
2025-05-12,臺股期貨,投信,1677,50802,9953,40849,172162347
2025-05-12,臺股期貨,外資及陸資,-3403,20937,57684,-36747,-154687723
2025-05-12,電子期貨,自營商,-29,116,207,-91,-417249
2025-05-12,電子期貨,投信,1,170,0,170,778974
2025-05-12,電子期貨,外資及陸資,-10,213,346,-133,-609432
2025-05-12,金融期貨,自營商,18,1150,424,726,1458088
2025-05-12,金融期貨,投信,0,13,0,13,26247
2025-05-12,金融期貨,外資及陸資,-25,304,204,100,201900
2025-05-12,股票期貨,自營商,892,157227,79495,77732,38781035
2025-05-12,股票期貨,投信,606,6926,1335,5591,1413226
2025-05-12,股票期貨,外資及陸資,-8283,72883,343881,-270998,-87248527
2025-05-12,美國標普500期貨,自營商,-2,4,63,-59,-68024
2025-05-12,美國標普500期貨,投信,0,2,0,2,2306
2025-05-12,美國標普500期貨,外資及陸資,-3,391,439,-48,-55257
2025-05-12,美國那斯達克100期貨,自營商,6,30,158,-128,-131571
2025-05-12,美國那斯達克100期貨,投信,0,2,0,2,2056
2025-05-12,美國那斯達克100期貨,外資及陸資,5,1126,847,279,287687
2025-05-12,美國道瓊期貨,自營商,0,0,50,-50,-41827
2025-05-12,美國道瓊期貨,投信,0,3,0,3,2510
2025-05-12,美國道瓊期貨,外資及陸資,-87,539,394,145,121066
2025-05-12,美國費城半導體期貨,自營商,-5,181,67,114,42006
2025-05-12,美國費城半導體期貨,投信,0,11,0,11,4063
2025-05-12,美國費城半導體期貨,外資及陸資,43,362,568,-206,-76006
2025-05-13,臺股期貨,自營商,-1843,6164,9116,-2952,-12651526
2025-05-13,臺股期貨,投信,1394,51991,9748,42243,180418427
2025-05-13,臺股期貨,外資及陸資,243,19749,56262,-36513,-155754232
2025-05-13,電子期貨,自營商,-8,87,187,-100,-465948
2025-05-13,電子期貨,投信,10,180,0,180,838374
2025-05-13,電子期貨,外資及陸資,30,197,300,-103,-479898
2025-05-13,金融期貨,自營商,30,1173,417,756,1530855
2025-05-13,金融期貨,投信,0,13,0,13,26460
2025-05-13,金融期貨,外資及陸資,-32,262,194,68,138407
2025-05-13,股票期貨,自營商,3852,161205,79621,81584,39522015
2025-05-13,股票期貨,投信,109,7544,1844,5700,1535331
2025-05-13,股票期貨,外資及陸資,-7670,71618,350286,-278668,-90477841
2025-05-13,美國標普500期貨,自營商,4,4,59,-55,-64196
2025-05-13,美國標普500期貨,投信,0,2,0,2,2334
2025-05-13,美國標普500期貨,外資及陸資,1,393,440,-47,-54793
2025-05-13,美國那斯達克100期貨,自營商,-18,10,156,-146,-152358
2025-05-13,美國那斯達克100期貨,投信,0,2,0,2,2087
2025-05-13,美國那斯達克100期貨,外資及陸資,44,1070,747,323,338459
2025-05-13,美國道瓊期貨,自營商,2,0,48,-48,-40724
2025-05-13,美國道瓊期貨,投信,0,3,0,3,2545
2025-05-13,美國道瓊期貨,外資及陸資,60,562,357,205,173885
2025-05-13,美國費城半導體期貨,自營商,-12,163,61,102,38877
2025-05-13,美國費城半導體期貨,投信,0,11,0,11,4202
2025-05-13,美國費城半導體期貨,外資及陸資,62,373,517,-144,-54919
2025-05-14,臺股期貨,自營商,-736,5423,9123,-3700,-16139020
2025-05-14,臺股期貨,投信,945,52736,9548,43188,188054173
2025-05-14,臺股期貨,外資及陸資,11,20967,57250,-36283,-157791683
2025-05-14,電子期貨,自營商,9,97,178,-81,-385649
2025-05-14,電子期貨,投信,15,195,0,195,929249
2025-05-14,電子期貨,外資及陸資,-26,154,283,-129,-615495
2025-05-14,金融期貨,自營商,-1,1179,441,738,1507049
2025-05-14,金融期貨,投信,0,13,0,13,26666
2025-05-14,金融期貨,外資及陸資,-35,217,184,33,67689
2025-05-14,股票期貨,自營商,-7560,154857,80833,74024,36508966
2025-05-14,股票期貨,投信,520,8044,1824,6220,1738497
2025-05-14,股票期貨,外資及陸資,4907,75508,349269,-273761,-90627637
2025-05-14,美國標普500期貨,自營商,3,4,56,-52,-61496
2025-05-14,美國標普500期貨,投信,0,2,0,2,2365
2025-05-14,美國標普500期貨,外資及陸資,-11,395,453,-58,-68525
2025-05-14,美國那斯達克100期貨,自營商,5,40,181,-141,-150475
2025-05-14,美國那斯達克100期貨,投信,0,2,0,2,2134
2025-05-14,美國那斯達克100期貨,外資及陸資,239,1079,517,562,601083
2025-05-14,美國道瓊期貨,自營商,8,0,40,-40,-33858
2025-05-14,美國道瓊期貨,投信,0,3,0,3,2539
2025-05-14,美國道瓊期貨,外資及陸資,-91,492,378,114,96452
2025-05-14,美國費城半導體期貨,自營商,-92,61,51,10,3920
2025-05-14,美國費城半導體期貨,投信,0,11,0,11,4378
2025-05-14,美國費城半導體期貨,外資及陸資,69,364,439,-75,-29762
2025-05-15,臺股期貨,自營商,390,4779,8106,-3327,-14445326
2025-05-15,臺股期貨,投信,-132,52652,9596,43056,186800634
2025-05-15,臺股期貨,外資及陸資,-866,20419,57627,-37208,-161250032
2025-05-15,電子期貨,自營商,-2,97,180,-83,-393185
2025-05-15,電子期貨,投信,0,195,0,195,924294
2025-05-15,電子期貨,外資及陸資,-17,172,318,-146,-692518
2025-05-15,金融期貨,自營商,-27,1174,463,711,1459984
2025-05-15,金融期貨,投信,0,13,0,13,26868
2025-05-15,金融期貨,外資及陸資,68,253,152,101,208746
2025-05-15,股票期貨,自營商,-2063,154233,82272,71961,36510003
2025-05-15,股票期貨,投信,103,8147,1824,6323,1529157
2025-05-15,股票期貨,外資及陸資,-2971,73151,349883,-276732,-91273357
2025-05-15,美國標普500期貨,自營商,-1,6,59,-53,-62540
2025-05-15,美國標普500期貨,投信,0,2,0,2,2360
2025-05-15,美國標普500期貨,外資及陸資,-1,395,454,-59,-69525
2025-05-15,美國那斯達克100期貨,自營商,14,25,152,-127,-135496
2025-05-15,美國那斯達克100期貨,投信,0,2,0,2,2134
2025-05-15,美國那斯達克100期貨,外資及陸資,-3,1055,496,559,597909
2025-05-15,美國道瓊期貨,自營商,-1,0,41,-41,-34386
2025-05-15,美國道瓊期貨,投信,0,3,0,3,2516
2025-05-15,美國道瓊期貨,外資及陸資,-53,490,429,61,51087
2025-05-15,美國費城半導體期貨,自營商,-4,48,42,6,2367
2025-05-15,美國費城半導體期貨,投信,0,11,0,11,4367
2025-05-15,美國費城半導體期貨,外資及陸資,12,353,416,-63,-24950
2025-05-16,臺股期貨,自營商,158,4644,7808,-3164,-13813503
2025-05-16,臺股期貨,投信,-6,52834,9784,43050,187764100
2025-05-16,臺股期貨,外資及陸資,-8,20970,58177,-37207,-162107219
2025-05-16,電子期貨,自營商,16,112,179,-67,-317709
2025-05-16,電子期貨,投信,0,195,0,195,926674
2025-05-16,電子期貨,外資及陸資,-1,171,318,-147,-699706
2025-05-16,金融期貨,自營商,-21,1186,496,690,1435800
2025-05-16,金融期貨,投信,0,13,0,13,27238
2025-05-16,金融期貨,外資及陸資,45,287,141,146,306194
2025-05-16,股票期貨,自營商,-5892,152673,86604,66069,36285120
2025-05-16,股票期貨,投信,100,8247,1824,6423,1325571
2025-05-16,股票期貨,外資及陸資,-2626,73295,352653,-279358,-92624668
2025-05-16,美國標普500期貨,自營商,1,6,58,-52,-61817
2025-05-16,美國標普500期貨,投信,0,2,0,2,2378
2025-05-16,美國標普500期貨,外資及陸資,-1,396,456,-60,-71233
2025-05-16,美國那斯達克100期貨,自營商,-17,0,144,-144,-154015
2025-05-16,美國那斯達克100期貨,投信,0,2,0,2,2139
2025-05-16,美國那斯達克100期貨,外資及陸資,99,1109,451,658,705305
2025-05-16,美國道瓊期貨,自營商,2,0,39,-39,-33071
2025-05-16,美國道瓊期貨,投信,0,3,0,3,2544
2025-05-16,美國道瓊期貨,外資及陸資,29,523,433,90,76237
2025-05-16,美國費城半導體期貨,自營商,1,49,42,7,2751
2025-05-16,美國費城半導體期貨,投信,0,11,0,11,4347
2025-05-16,美國費城半導體期貨,外資及陸資,-19,349,431,-82,-32340
2025-05-19,臺股期貨,自營商,375,4797,7617,-2820,-12135984
2025-05-19,臺股期貨,投信,-591,52569,10110,42459,182377572
2025-05-19,臺股期貨,外資及陸資,-422,23408,61121,-37713,-161808721
2025-05-19,電子期貨,自營商,-16,100,183,-83,-387012
2025-05-19,電子期貨,投信,0,195,0,195,909839
2025-05-19,電子期貨,外資及陸資,-26,177,350,-173,-807673
2025-05-19,金融期貨,自營商,-1,1169,480,689,1424003
2025-05-19,金融期貨,投信,0,13,0,13,26988
2025-05-19,金融期貨,外資及陸資,-5,275,134,141,292412
2025-05-19,股票期貨,自營商,3314,154495,85112,69383,35873736
2025-05-19,股票期貨,投信,23,8247,1801,6446,1311227
2025-05-19,股票期貨,外資及陸資,1603,70575,348330,-277755,-90087959
2025-05-19,美國標普500期貨,自營商,1,6,57,-51,-60381
2025-05-19,美國標普500期貨,投信,0,2,0,2,2368
2025-05-19,美國標普500期貨,外資及陸資,9,413,464,-51,-60256
2025-05-19,美國那斯達克100期貨,自營商,-17,1,162,-161,-171047
2025-05-19,美國那斯達克100期貨,投信,0,2,0,2,2125
2025-05-19,美國那斯達克100期貨,外資及陸資,-30,1064,436,628,668597
2025-05-19,美國道瓊期貨,自營商,7,0,32,-32,-27142
2025-05-19,美國道瓊期貨,投信,0,3,0,3,2545
2025-05-19,美國道瓊期貨,外資及陸資,37,523,396,127,107708
2025-05-19,美國費城半導體期貨,自營商,-23,25,41,-16,-6201
2025-05-19,美國費城半導體期貨,投信,0,11,0,11,4261
2025-05-19,美國費城半導體期貨,外資及陸資,0,349,431,-82,-31753
2025-05-20,臺股期貨,自營商,54,4254,7068,-2814,-12105275
2025-05-20,臺股期貨,投信,749,53323,10115,43208,185449150
2025-05-20,臺股期貨,外資及陸資,-151,31993,69837,-37844,-162265856
2025-05-20,電子期貨,自營商,13,81,149,-68,-316923
2025-05-20,電子期貨,投信,-23,172,0,172,802820
2025-05-20,電子期貨,外資及陸資,18,210,365,-155,-723924
2025-05-20,金融期貨,自營商,-5,1147,463,684,1418621
2025-05-20,金融期貨,投信,0,13,0,13,26985
2025-05-20,金融期貨,外資及陸資,-9,262,130,132,274796
2025-05-20,股票期貨,自營商,2289,156293,84621,71672,35711657
2025-05-20,股票期貨,投信,0,8247,1801,6446,1317474
2025-05-20,股票期貨,外資及陸資,-260,73355,351370,-278015,-90492159
2025-05-20,美國標普500期貨,自營商,3,6,54,-48,-57292
2025-05-20,美國標普500期貨,投信,0,2,0,2,2387
2025-05-20,美國標普500期貨,外資及陸資,5,420,466,-46,-54738
2025-05-20,美國那斯達克100期貨,自營商,0,3,164,-161,-172737
2025-05-20,美國那斯達克100期貨,投信,0,2,0,2,2146
2025-05-20,美國那斯達克100期貨,外資及陸資,136,1161,397,764,821155
2025-05-20,美國道瓊期貨,自營商,9,0,23,-23,-19713
2025-05-20,美國道瓊期貨,投信,0,3,0,3,2571
2025-05-20,美國道瓊期貨,外資及陸資,126,585,332,253,216906
2025-05-20,美國費城半導體期貨,自營商,-2,61,79,-18,-7063
2025-05-20,美國費城半導體期貨,投信,0,11,0,11,4292
2025-05-20,美國費城半導體期貨,外資及陸資,12,368,438,-70,-27272
2025-05-21,臺股期貨,自營商,-1433,2812,4283,-1471,-6371413
2025-05-21,臺股期貨,投信,878,55130,11031,44099,191239723
2025-05-21,臺股期貨,外資及陸資,2303,21562,60408,-38846,-168363922
2025-05-21,電子期貨,自營商,15,22,111,-89,-420204
2025-05-21,電子期貨,投信,5,177,0,177,835688
2025-05-21,電子期貨,外資及陸資,25,143,299,-156,-736539
2025-05-21,金融期貨,自營商,-30,904,66,838,1761308
2025-05-21,金融期貨,投信,0,13,0,13,27323
2025-05-21,金融期貨,外資及陸資,109,282,124,158,332085
2025-05-21,股票期貨,自營商,2052,113724,43092,70632,34458512
2025-05-21,股票期貨,投信,2,847,299,548,90860
2025-05-21,股票期貨,外資及陸資,-4012,48416,298740,-250324,-85379174
2025-05-21,美國標普500期貨,自營商,1,6,53,-47,-55869
2025-05-21,美國標普500期貨,投信,0,2,0,2,2377
2025-05-21,美國標普500期貨,外資及陸資,-9,418,473,-55,-65211
2025-05-21,美國那斯達克100期貨,自營商,-12,5,178,-173,-184868
2025-05-21,美國那斯達克100期貨,投信,0,2,0,2,2137
2025-05-21,美國那斯達克100期貨,外資及陸資,-137,1047,420,627,671559
2025-05-21,美國道瓊期貨,自營商,-21,0,44,-44,-37551
2025-05-21,美國道瓊期貨,投信,0,3,0,3,2560
2025-05-21,美國道瓊期貨,外資及陸資,-38,516,301,215,183584
2025-05-21,美國費城半導體期貨,自營商,-3,64,85,-21,-8240
2025-05-21,美國費城半導體期貨,投信,0,11,0,11,4299
2025-05-21,美國費城半導體期貨,外資及陸資,1,367,436,-69,-26932
2025-05-22,臺股期貨,自營商,525,3741,4706,-965,-4136950
2025-05-22,臺股期貨,投信,-977,54661,11539,43122,185415976
2025-05-22,臺股期貨,外資及陸資,-1666,22266,62922,-40656,-174710080
2025-05-22,電子期貨,自營商,37,45,97,-52,-242497
2025-05-22,電子期貨,投信,-7,170,0,170,792778
2025-05-22,電子期貨,外資及陸資,-88,112,356,-244,-1137869
2025-05-22,金融期貨,自營商,6,947,103,844,1770544
2025-05-22,金融期貨,投信,0,13,0,13,27271
2025-05-22,金融期貨,外資及陸資,24,317,135,182,381800
2025-05-22,股票期貨,自營商,6168,123732,46932,76800,36795567
2025-05-22,股票期貨,投信,-7,847,306,541,88600
2025-05-22,股票期貨,外資及陸資,-21273,52440,324037,-271597,-91892294
2025-05-22,美國標普500期貨,自營商,6,6,47,-41,-48132
2025-05-22,美國標普500期貨,投信,0,2,0,2,2348
2025-05-22,美國標普500期貨,外資及陸資,-8,417,480,-63,-73791
2025-05-22,美國那斯達克100期貨,自營商,-2,6,181,-175,-185491
2025-05-22,美國那斯達克100期貨,投信,0,2,0,2,2120
2025-05-22,美國那斯達克100期貨,外資及陸資,-96,965,434,531,564833
2025-05-22,美國道瓊期貨,自營商,1,0,43,-43,-36098
2025-05-22,美國道瓊期貨,投信,0,3,0,3,2518
2025-05-22,美國道瓊期貨,外資及陸資,-170,483,438,45,37734
2025-05-22,美國費城半導體期貨,自營商,5,70,86,-16,-6204
2025-05-22,美國費城半導體期貨,投信,0,11,0,11,4246
2025-05-22,美國費城半導體期貨,外資及陸資,4,362,427,-65,-25054
2025-05-23,臺股期貨,自營商,317,4111,4769,-658,-2812097
2025-05-23,臺股期貨,投信,-895,53893,11666,42227,181288957
2025-05-23,臺股期貨,外資及陸資,487,21597,61714,-40117,-172125467
2025-05-23,電子期貨,自營商,7,55,100,-45,-209636
2025-05-23,電子期貨,投信,-10,170,10,160,745216
2025-05-23,電子期貨,外資及陸資,13,102,333,-231,-1075906
2025-05-23,金融期貨,自營商,22,976,110,866,1822584
2025-05-23,金融期貨,投信,0,13,0,13,27360
2025-05-23,金融期貨,外資及陸資,-10,315,143,172,361991
2025-05-23,股票期貨,自營商,4318,130746,49628,81118,38547724
2025-05-23,股票期貨,投信,0,847,306,541,88651
2025-05-23,股票期貨,外資及陸資,-10574,56049,338220,-282171,-94890077
2025-05-23,美國標普500期貨,自營商,-1,6,48,-42,-49255
2025-05-23,美國標普500期貨,投信,0,2,0,2,2346
2025-05-23,美國標普500期貨,外資及陸資,1,417,479,-62,-72509
2025-05-23,美國那斯達克100期貨,自營商,38,6,143,-137,-145035
2025-05-23,美國那斯達克100期貨,投信,0,2,0,2,2117
2025-05-23,美國那斯達克100期貨,外資及陸資,86,1040,423,617,654855
2025-05-23,美國道瓊期貨,自營商,2,0,41,-41,-34403
2025-05-23,美國道瓊期貨,投信,0,3,0,3,2517
2025-05-23,美國道瓊期貨,外資及陸資,2,473,426,47,39335
2025-05-23,美國費城半導體期貨,自營商,3,73,86,-13,-5004
2025-05-23,美國費城半導體期貨,投信,0,11,0,11,4211
2025-05-23,美國費城半導體期貨,外資及陸資,-4,359,428,-69,-26378
2025-05-26,臺股期貨,自營商,2114,5784,4202,1582,6760802
2025-05-26,臺股期貨,投信,-418,54270,12461,41809,178783646
2025-05-26,臺股期貨,外資及陸資,-1614,22250,64007,-41757,-178417790
2025-05-26,電子期貨,自營商,11,54,88,-34,-157865
2025-05-26,電子期貨,投信,0,170,10,160,742656
2025-05-26,電子期貨,外資及陸資,0,113,344,-231,-1072209
2025-05-26,金融期貨,自營商,47,1007,94,913,1912370
2025-05-26,金融期貨,投信,0,13,0,13,27230
2025-05-26,金融期貨,外資及陸資,-42,296,166,130,272298
2025-05-26,股票期貨,自營商,18634,152378,52626,99752,43977379
2025-05-26,股票期貨,投信,29,847,277,570,89420
2025-05-26,股票期貨,外資及陸資,-25703,54353,362227,-307874,-101914456
2025-05-26,美國標普500期貨,自營商,11,6,37,-31,-36363
2025-05-26,美國標普500期貨,投信,0,2,0,2,2346
2025-05-26,美國標普500期貨,外資及陸資,-11,420,493,-73,-85375
2025-05-26,美國那斯達克100期貨,自營商,3,5,139,-134,-142094
2025-05-26,美國那斯達克100期貨,投信,0,2,0,2,2121
2025-05-26,美國那斯達克100期貨,外資及陸資,-68,934,385,549,583589
2025-05-26,美國道瓊期貨,自營商,26,0,15,-15,-12611
2025-05-26,美國道瓊期貨,投信,0,3,0,3,2522
2025-05-26,美國道瓊期貨,外資及陸資,-43,459,455,4,3197
2025-05-26,美國費城半導體期貨,自營商,3,73,83,-10,-3857
2025-05-26,美國費城半導體期貨,投信,0,11,0,11,4213
2025-05-26,美國費城半導體期貨,外資及陸資,-33,338,440,-102,-39058
2025-05-27,臺股期貨,自營商,1236,7182,4329,2853,12088744
2025-05-27,臺股期貨,投信,-915,54182,13288,40894,173562314
2025-05-27,臺股期貨,外資及陸資,-1582,22307,65814,-43507,-184469429
2025-05-27,電子期貨,自營商,-1,50,85,-35,-161225
2025-05-27,電子期貨,投信,-1,169,10,159,732195
2025-05-27,電子期貨,外資及陸資,-19,99,349,-250,-1151250
2025-05-27,金融期貨,自營商,45,1064,106,958,1987466
2025-05-27,金融期貨,投信,0,13,0,13,26970
2025-05-27,金融期貨,外資及陸資,-112,225,207,18,37343
2025-05-27,股票期貨,自營商,11435,167405,56218,111187,46524926
2025-05-27,股票期貨,投信,1494,2341,277,2064,637754
2025-05-27,股票期貨,外資及陸資,-15059,53866,376799,-322933,-105300361
2025-05-27,美國標普500期貨,自營商,0,6,37,-31,-36394
2025-05-27,美國標普500期貨,投信,0,2,0,2,2348
2025-05-27,美國標普500期貨,外資及陸資,1,421,493,-72,-84274
2025-05-27,美國那斯達克100期貨,自營商,8,16,142,-126,-133592
2025-05-27,美國那斯達克100期貨,投信,0,2,0,2,2121
2025-05-27,美國那斯達克100期貨,外資及陸資,100,1033,384,649,689311
2025-05-27,美國道瓊期貨,自營商,5,0,10,-10,-8410
2025-05-27,美國道瓊期貨,投信,0,3,0,3,2523
2025-05-27,美國道瓊期貨,外資及陸資,20,478,454,24,20047
2025-05-27,美國費城半導體期貨,自營商,1,73,82,-9,-3460
2025-05-27,美國費城半導體期貨,投信,0,11,0,11,4199
2025-05-27,美國費城半導體期貨,外資及陸資,21,338,419,-81,-30912
2025-05-28,臺股期貨,自營商,-293,7170,4595,2575,10918653
2025-05-28,臺股期貨,投信,202,54393,13297,41096,174658000
2025-05-28,臺股期貨,外資及陸資,1318,22262,65466,-43204,-183413560
2025-05-28,電子期貨,自營商,-16,41,91,-50,-231620
2025-05-28,電子期貨,投信,0,169,10,159,736393
2025-05-28,電子期貨,外資及陸資,55,108,303,-195,-903123
2025-05-28,金融期貨,自營商,17,1066,91,975,2006160
2025-05-28,金融期貨,投信,-3,10,0,10,20576
2025-05-28,金融期貨,外資及陸資,-37,219,238,-19,-39095
2025-05-28,股票期貨,自營商,5616,173471,56668,116803,47692783
2025-05-28,股票期貨,投信,793,3134,277,2857,1282464
2025-05-28,股票期貨,外資及陸資,-473,55834,379240,-323406,-104103950
2025-05-28,美國標普500期貨,自營商,-1,6,38,-32,-38032
2025-05-28,美國標普500期貨,投信,0,2,0,2,2377
2025-05-28,美國標普500期貨,外資及陸資,0,422,494,-72,-85307
2025-05-28,美國那斯達克100期貨,自營商,-1,23,150,-127,-136291
2025-05-28,美國那斯達克100期貨,投信,0,2,0,2,2146
2025-05-28,美國那斯達克100期貨,外資及陸資,121,1101,331,770,827759
2025-05-28,美國道瓊期貨,自營商,3,0,7,-7,-5932
2025-05-28,美國道瓊期貨,投信,0,3,0,3,2542
2025-05-28,美國道瓊期貨,外資及陸資,33,432,375,57,48227
2025-05-28,美國費城半導體期貨,自營商,-12,73,94,-21,-8229
2025-05-28,美國費城半導體期貨,投信,0,11,0,11,4281
2025-05-28,美國費城半導體期貨,外資及陸資,56,341,366,-25,-9702
2025-05-29,臺股期貨,自營商,628,7570,4371,3199,13608409
2025-05-29,臺股期貨,投信,-1276,53104,13284,39820,169768588
2025-05-29,臺股期貨,外資及陸資,-3681,21510,68524,-47014,-200229897
2025-05-29,電子期貨,自營商,11,44,83,-39,-181673
2025-05-29,電子期貨,投信,0,169,10,159,740463
2025-05-29,電子期貨,外資及陸資,-11,102,308,-206,-959342
2025-05-29,金融期貨,自營商,-7,1058,90,968,1989627
2025-05-29,金融期貨,投信,-2,8,0,8,16443
2025-05-29,金融期貨,外資及陸資,25,254,248,6,12333
2025-05-29,股票期貨,自營商,-5293,170311,58801,111510,45543404
2025-05-29,股票期貨,投信,341,3471,273,3198,1972869
2025-05-29,股票期貨,外資及陸資,501,60806,383711,-322905,-105499571
2025-05-29,美國標普500期貨,自營商,0,6,38,-32,-38400
2025-05-29,美國標普500期貨,投信,0,2,0,2,2400
2025-05-29,美國標普500期貨,外資及陸資,-4,424,500,-76,-90935
2025-05-29,美國那斯達克100期貨,自營商,5,32,154,-122,-133023
2025-05-29,美國那斯達克100期貨,投信,0,2,0,2,2181
2025-05-29,美國那斯達克100期貨,外資及陸資,14,1075,291,784,856940
2025-05-29,美國道瓊期貨,自營商,13,10,4,6,5133
2025-05-29,美國道瓊期貨,投信,0,3,0,3,2566
2025-05-29,美國道瓊期貨,外資及陸資,22,422,343,79,67647
2025-05-29,美國費城半導體期貨,自營商,-1,75,97,-22,-8810
2025-05-29,美國費城半導體期貨,投信,0,11,0,11,4370
2025-05-29,美國費城半導體期貨,外資及陸資,25,339,339,0,7
2025-06-02,臺股期貨,自營商,589,8751,4959,3792,15797155
2025-06-02,臺股期貨,投信,-2100,51504,13784,37720,157443280
2025-06-02,臺股期貨,外資及陸資,2568,21144,66537,-45393,-189249701
2025-06-02,電子期貨,自營商,60,87,66,21,95199
2025-06-02,電子期貨,投信,0,169,10,159,721224
2025-06-02,電子期貨,外資及陸資,-150,90,446,-356,-1614816
2025-06-02,金融期貨,自營商,13,1090,109,981,2004183
2025-06-02,金融期貨,投信,0,8,0,8,16344
2025-06-02,金融期貨,外資及陸資,-45,206,245,-39,-79677
2025-06-02,股票期貨,自營商,3346,178864,64008,114856,45397978
2025-06-02,股票期貨,投信,489,3923,236,3687,2022582
2025-06-02,股票期貨,外資及陸資,-9053,64500,396458,-331958,-105215459
2025-06-02,美國標普500期貨,自營商,0,6,38,-32,-37709
2025-06-02,美國標普500期貨,投信,0,2,0,2,2357
2025-06-02,美國標普500期貨,外資及陸資,7,441,510,-69,-80888
2025-06-02,美國那斯達克100期貨,自營商,-15,24,161,-137,-145337
2025-06-02,美國那斯達克100期貨,投信,0,2,0,2,2122
2025-06-02,美國那斯達克100期貨,外資及陸資,21,1032,227,805,856745
2025-06-02,美國道瓊期貨,自營商,-10,0,4,-4,-3369
2025-06-02,美國道瓊期貨,投信,0,3,0,3,2527
2025-06-02,美國道瓊期貨,外資及陸資,-62,353,336,17,14324
2025-06-02,美國費城半導體期貨,自營商,24,99,97,2,660
2025-06-02,美國費城半導體期貨,投信,0,11,0,11,4169
2025-06-02,美國費城半導體期貨,外資及陸資,-25,344,369,-25,-9482
2025-06-03,臺股期貨,自營商,-1208,7268,4584,2684,11215476
2025-06-03,臺股期貨,投信,-1255,50113,13648,36465,152963382
2025-06-03,臺股期貨,外資及陸資,5713,22652,62122,-39470,-165343630
2025-06-03,電子期貨,自營商,1,91,69,22,100554
2025-06-03,電子期貨,投信,12,181,10,171,781573
2025-06-03,電子期貨,外資及陸資,57,100,399,-299,-1366609
2025-06-03,金融期貨,自營商,33,1105,91,1014,2097763
2025-06-03,金融期貨,投信,0,8,0,8,16550
2025-06-03,金融期貨,外資及陸資,15,202,226,-24,-49651
2025-06-03,股票期貨,自營商,-346,180193,65683,114510,45882939
2025-06-03,股票期貨,投信,-44,3879,236,3643,2239832
2025-06-03,股票期貨,外資及陸資,-439,68756,401153,-332397,-105322510
2025-06-03,美國標普500期貨,自營商,-1,6,39,-33,-39108
2025-06-03,美國標普500期貨,投信,0,2,0,2,2370
2025-06-03,美國標普500期貨,外資及陸資,1,445,513,-68,-80118
2025-06-03,美國那斯達克100期貨,自營商,18,27,146,-119,-127645
2025-06-03,美國那斯達克100期貨,投信,0,2,0,2,2145
2025-06-03,美國那斯達克100期貨,外資及陸資,139,1094,150,944,1015422
2025-06-03,美國道瓊期貨,自營商,-3,0,7,-7,-5911
2025-06-03,美國道瓊期貨,投信,0,3,0,3,2533
2025-06-03,美國道瓊期貨,外資及陸資,-6,351,340,11,9348
2025-06-03,美國費城半導體期貨,自營商,3,121,116,5,1845
2025-06-03,美國費城半導體期貨,投信,0,11,0,11,4245
2025-06-03,美國費城半導體期貨,外資及陸資,19,340,346,-6,-2287
2025-06-04,臺股期貨,自營商,-600,6770,4699,2071,8841282
2025-06-04,臺股期貨,投信,1528,51121,13128,37993,163210330
2025-06-04,臺股期貨,外資及陸資,683,25042,62207,-37165,-159426427
2025-06-04,電子期貨,自營商,-4,98,75,23,108070
2025-06-04,電子期貨,投信,0,181,10,171,803871
2025-06-04,電子期貨,外資及陸資,31,151,419,-268,-1259868
2025-06-04,金融期貨,自營商,-16,1098,88,1010,2131302
2025-06-04,金融期貨,投信,0,8,0,8,16882
2025-06-04,金融期貨,外資及陸資,49,243,218,25,52755
2025-06-04,股票期貨,自營商,-6333,175611,67434,108177,44965538
2025-06-04,股票期貨,投信,572,4439,224,4215,2596681
2025-06-04,股票期貨,外資及陸資,9606,77023,399814,-322791,-105075732
2025-06-04,美國標普500期貨,自營商,7,6,32,-26,-31094
2025-06-04,美國標普500期貨,投信,0,2,0,2,2392
2025-06-04,美國標普500期貨,外資及陸資,-1,450,519,-69,-81910
2025-06-04,美國那斯達克100期貨,自營商,-3,13,135,-122,-132339
2025-06-04,美國那斯達克100期貨,投信,0,2,0,2,2170
2025-06-04,美國那斯達克100期貨,外資及陸資,-35,1026,117,909,989022
2025-06-04,美國道瓊期貨,自營商,-7,0,14,-14,-11924
2025-06-04,美國道瓊期貨,投信,0,3,0,3,2555
2025-06-04,美國道瓊期貨,外資及陸資,20,366,335,31,26491
2025-06-04,美國費城半導體期貨,自營商,-9,86,90,-4,-1612
2025-06-04,美國費城半導體期貨,投信,0,11,0,11,4379
2025-06-04,美國費城半導體期貨,外資及陸資,-38,316,360,-44,-17517
2025-06-05,臺股期貨,自營商,-321,6776,5074,1702,7280347
2025-06-05,臺股期貨,投信,1399,52445,13053,39392,169811034
2025-06-05,臺股期貨,外資及陸資,101,23708,60806,-37098,-159673754
2025-06-05,電子期貨,自營商,11,97,63,34,160457
2025-06-05,電子期貨,投信,0,181,10,171,807804
2025-06-05,電子期貨,外資及陸資,-14,143,425,-282,-1332168
2025-06-05,金融期貨,自營商,14,1107,83,1024,2152652
2025-06-05,金融期貨,投信,0,8,0,8,16818
2025-06-05,金融期貨,外資及陸資,-23,220,218,2,4204
2025-06-05,股票期貨,自營商,-881,180496,73200,107296,44751005
2025-06-05,股票期貨,投信,40,4487,232,4255,2637885
2025-06-05,股票期貨,外資及陸資,1845,76027,396973,-320946,-104682912
2025-06-05,美國標普500期貨,自營商,30,6,2,4,4789
2025-06-05,美國標普500期貨,投信,0,2,0,2,2394
2025-06-05,美國標普500期貨,外資及陸資,-29,474,572,-98,-116792
2025-06-05,美國那斯達克100期貨,自營商,23,36,135,-99,-107593
2025-06-05,美國那斯達克100期貨,投信,0,2,0,2,2174
2025-06-05,美國那斯達克100期貨,外資及陸資,-63,966,120,846,922604
2025-06-05,美國道瓊期貨,自營商,-2,0,16,-16,-13598
2025-06-05,美國道瓊期貨,投信,0,3,0,3,2550
2025-06-05,美國道瓊期貨,外資及陸資,2,352,319,33,28204
2025-06-05,美國費城半導體期貨,自營商,-33,67,104,-37,-14914
2025-06-05,美國費城半導體期貨,投信,0,11,0,11,4429
2025-06-05,美國費城半導體期貨,外資及陸資,27,327,344,-17,-6797
2025-06-06,臺股期貨,自營商,191,6896,5027,1869,8007440
2025-06-06,臺股期貨,投信,-1306,51296,13210,38086,164272535
2025-06-06,臺股期貨,外資及陸資,-1363,22585,61126,-38541,-165981533
2025-06-06,電子期貨,自營商,-1,98,65,33,155595
2025-06-06,電子期貨,投信,0,181,10,171,807192
2025-06-06,電子期貨,外資及陸資,-15,115,412,-297,-1402137
2025-06-06,金融期貨,自營商,1,1125,100,1025,2177715
2025-06-06,金融期貨,投信,0,8,0,8,16997
2025-06-06,金融期貨,外資及陸資,64,283,217,66,140224
2025-06-06,股票期貨,自營商,-18,183734,76456,107278,44456105
2025-06-06,股票期貨,投信,125,4591,211,4380,2786190
2025-06-06,股票期貨,外資及陸資,6047,76642,391541,-314899,-102882552
2025-06-06,美國標普500期貨,自營商,-4,6,6,0,0
2025-06-06,美國標普500期貨,投信,0,2,0,2,2385
2025-06-06,美國標普500期貨,外資及陸資,6,477,569,-92,-108923
2025-06-06,美國那斯達克100期貨,自營商,-20,0,119,-119,-128859
2025-06-06,美國那斯達克100期貨,投信,0,2,0,2,2166
2025-06-06,美國那斯達克100期貨,外資及陸資,5,1023,172,851,924516
2025-06-06,美國道瓊期貨,自營商,3,0,13,-13,-11058
2025-06-06,美國道瓊期貨,投信,0,3,0,3,2552
2025-06-06,美國道瓊期貨,外資及陸資,-2,342,311,31,26481
2025-06-06,美國費城半導體期貨,自營商,-54,76,167,-91,-36558
2025-06-06,美國費城半導體期貨,投信,0,11,0,11,4412
2025-06-06,美國費城半導體期貨,外資及陸資,49,333,301,32,12914
2025-06-09,臺股期貨,自營商,267,6919,4841,2078,8970100
2025-06-09,臺股期貨,投信,244,51335,13005,38330,166497854
2025-06-09,臺股期貨,外資及陸資,-10,22939,61526,-38587,-167341987
2025-06-09,電子期貨,自營商,0,99,66,33,157064
2025-06-09,電子期貨,投信,0,181,10,171,814546
2025-06-09,電子期貨,外資及陸資,28,112,381,-269,-1281516
2025-06-09,金融期貨,自營商,7,1145,113,1032,2200430
2025-06-09,金融期貨,投信,0,8,0,8,17058
2025-06-09,金融期貨,外資及陸資,-10,275,219,56,119403
2025-06-09,股票期貨,自營商,756,185773,77739,108034,44602694
2025-06-09,股票期貨,投信,251,4844,213,4631,2739002
2025-06-09,股票期貨,外資及陸資,964,76095,390030,-313935,-103022865
2025-06-09,美國標普500期貨,自營商,-3,6,9,-3,-3599
2025-06-09,美國標普500期貨,投信,0,2,0,2,2399
2025-06-09,美國標普500期貨,外資及陸資,7,484,569,-85,-101193
2025-06-09,美國那斯達克100期貨,自營商,-32,0,151,-151,-164129
2025-06-09,美國那斯達克100期貨,投信,0,2,0,2,2174
2025-06-09,美國那斯達克100期貨,外資及陸資,-21,960,130,830,903937
2025-06-09,美國道瓊期貨,自營商,5,0,8,-8,-6840
2025-06-09,美國道瓊期貨,投信,0,3,0,3,2565
2025-06-09,美國道瓊期貨,外資及陸資,58,366,277,89,76368
2025-06-09,美國費城半導體期貨,自營商,-10,80,181,-101,-40779
2025-06-09,美國費城半導體期貨,投信,0,11,0,11,4433
2025-06-09,美國費城半導體期貨,外資及陸資,-3,334,305,29,11758
2025-06-10,臺股期貨,自營商,-2191,5523,5643,-120,-608394
2025-06-10,臺股期貨,投信,1116,52188,12742,39446,174478891
2025-06-10,臺股期貨,外資及陸資,1387,25901,63032,-37131,-163942815
2025-06-10,電子期貨,自營商,-13,94,74,20,97543
2025-06-10,電子期貨,投信,0,181,10,171,835136
2025-06-10,電子期貨,外資及陸資,61,171,379,-208,-1016101
2025-06-10,金融期貨,自營商,-40,1127,135,992,2110976
2025-06-10,金融期貨,投信,0,8,0,8,17024
2025-06-10,金融期貨,外資及陸資,22,291,213,78,165885
2025-06-10,股票期貨,自營商,-1966,185643,79575,106068,43940563
2025-06-10,股票期貨,投信,96,4941,214,4727,2820480
2025-06-10,股票期貨,外資及陸資,5707,80120,388348,-308228,-102140093
2025-06-10,美國標普500期貨,自營商,-15,6,24,-18,-21662
2025-06-10,美國標普500期貨,投信,0,2,0,2,2407
2025-06-10,美國標普500期貨,外資及陸資,0,482,567,-85,-101454
2025-06-10,美國那斯達克100期貨,自營商,-3,0,154,-154,-168083
2025-06-10,美國那斯達克100期貨,投信,0,2,0,2,2183
2025-06-10,美國那斯達克100期貨,外資及陸資,-80,867,117,750,820474
2025-06-10,美國道瓊期貨,自營商,-4,0,12,-12,-10277
2025-06-10,美國道瓊期貨,投信,0,3,0,3,2569
2025-06-10,美國道瓊期貨,外資及陸資,-38,320,269,51,43992
2025-06-10,美國費城半導體期貨,自營商,-54,83,238,-155,-63945
2025-06-10,美國費城半導體期貨,投信,0,11,0,11,4532
2025-06-10,美國費城半導體期貨,外資及陸資,78,331,224,107,44195
2025-06-11,臺股期貨,自營商,-57,5286,5468,-182,-871273
2025-06-11,臺股期貨,投信,78,51944,12420,39524,176603126
2025-06-11,臺股期貨,外資及陸資,1320,25829,61559,-35730,-159371164
2025-06-11,電子期貨,自營商,-6,89,62,27,133592
2025-06-11,電子期貨,投信,9,190,10,180,891707
2025-06-11,電子期貨,外資及陸資,13,144,339,-195,-966322
2025-06-11,金融期貨,自營商,61,1175,122,1053,2241155
2025-06-11,金融期貨,投信,0,8,0,8,17027
2025-06-11,金融期貨,外資及陸資,-89,217,228,-11,-23487
2025-06-11,股票期貨,自營商,-4802,183343,82077,101266,43365040
2025-06-11,股票期貨,投信,608,5560,225,5335,3032076
2025-06-11,股票期貨,外資及陸資,8923,82790,382095,-299305,-101580894
2025-06-11,美國標普500期貨,自營商,8,6,16,-10,-12046
2025-06-11,美國標普500期貨,投信,0,2,0,2,2409
2025-06-11,美國標普500期貨,外資及陸資,-10,503,598,-95,-113542
2025-06-11,美國那斯達克100期貨,自營商,25,0,129,-129,-141236
2025-06-11,美國那斯達克100期貨,投信,0,2,0,2,2190
2025-06-11,美國那斯達克100期貨,外資及陸資,-58,816,124,692,759362
2025-06-11,美國道瓊期貨,自營商,0,0,12,-12,-10274
2025-06-11,美國道瓊期貨,投信,0,3,0,3,2568
2025-06-11,美國道瓊期貨,外資及陸資,23,338,264,74,63739
2025-06-11,美國費城半導體期貨,自營商,-24,87,266,-179,-75001
2025-06-11,美國費城半導體期貨,投信,0,11,0,11,4605
2025-06-11,美國費城半導體期貨,外資及陸資,39,324,178,146,61242
2025-06-12,臺股期貨,自營商,678,6345,5788,557,2369561
2025-06-12,臺股期貨,投信,458,52263,12281,39982,177890969
2025-06-12,臺股期貨,外資及陸資,-3087,22900,61876,-38976,-173038097
2025-06-12,電子期貨,自營商,4,104,72,32,158019
2025-06-12,電子期貨,投信,5,195,10,185,910646
2025-06-12,電子期貨,外資及陸資,-5,119,319,-200,-985904
2025-06-12,金融期貨,自營商,-20,1168,133,1035,2206491
2025-06-12,金融期貨,投信,0,8,0,8,17043
2025-06-12,金融期貨,外資及陸資,57,308,262,46,97912
2025-06-12,股票期貨,自營商,-7399,182979,88994,93985,41135959
2025-06-12,股票期貨,投信,839,6399,225,6174,3608433
2025-06-12,股票期貨,外資及陸資,1175,81012,377108,-296096,-101260760
2025-06-12,美國標普500期貨,自營商,25,15,0,15,18071
2025-06-12,美國標普500期貨,投信,0,2,0,2,2410
2025-06-12,美國標普500期貨,外資及陸資,-31,476,602,-126,-151146
2025-06-12,美國那斯達克100期貨,自營商,-8,0,137,-137,-149426
2025-06-12,美國那斯達克100期貨,投信,0,2,0,2,2181
2025-06-12,美國那斯達克100期貨,外資及陸資,-102,754,164,590,645321
2025-06-12,美國道瓊期貨,自營商,-7,0,19,-19,-16250
2025-06-12,美國道瓊期貨,投信,0,3,0,3,2566
2025-06-12,美國道瓊期貨,外資及陸資,7,334,253,81,69598
2025-06-12,美國費城半導體期貨,自營商,-16,98,293,-195,-81183
2025-06-12,美國費城半導體期貨,投信,-1,10,0,10,4196
2025-06-12,美國費城半導體期貨,外資及陸資,43,328,139,189,78776
2025-06-13,臺股期貨,自營商,2993,8415,4961,3454,14929481
2025-06-13,臺股期貨,投信,-623,52445,13086,39359,172416016
2025-06-13,臺股期貨,外資及陸資,-2906,23361,65361,-42000,-183419226
2025-06-13,電子期貨,自營商,3,113,78,35,170028
2025-06-13,電子期貨,投信,0,195,10,185,893832
2025-06-13,電子期貨,外資及陸資,-23,123,346,-223,-1080037
2025-06-13,金融期貨,自營商,-43,1160,168,992,2120407
2025-06-13,金融期貨,投信,0,8,0,8,17086
2025-06-13,金融期貨,外資及陸資,20,373,307,66,141594
2025-06-13,股票期貨,自營商,9068,192988,89935,103053,42529747
2025-06-13,股票期貨,投信,4875,11274,225,11049,4431098
2025-06-13,股票期貨,外資及陸資,-11911,81256,389263,-308007,-101937599
2025-06-13,美國標普500期貨,自營商,-2,13,0,13,15491
2025-06-13,美國標普500期貨,投信,0,2,0,2,2383
2025-06-13,美國標普500期貨,外資及陸資,2,478,602,-124,-147117
2025-06-13,美國那斯達克100期貨,自營商,-137,0,274,-274,-295427
2025-06-13,美國那斯達克100期貨,投信,0,2,0,2,2156
2025-06-13,美國那斯達克100期貨,外資及陸資,77,761,94,667,722119
2025-06-13,美國道瓊期貨,自營商,-25,0,44,-44,-37293
2025-06-13,美國道瓊期貨,投信,0,3,0,3,2543
2025-06-13,美國道瓊期貨,外資及陸資,25,328,222,106,90380
2025-06-13,美國費城半導體期貨,自營商,13,93,275,-182,-74877
2025-06-13,美國費城半導體期貨,投信,0,10,0,10,4142
2025-06-13,美國費城半導體期貨,外資及陸資,-6,320,137,183,75392
2025-06-16,臺股期貨,自營商,349,8483,4508,3975,17200221
2025-06-16,臺股期貨,投信,-2569,50018,13228,36790,160558744
2025-06-16,臺股期貨,外資及陸資,942,23505,64541,-41036,-178589836
2025-06-16,電子期貨,自營商,-7,107,80,27,132507
2025-06-16,電子期貨,投信,3,198,10,188,906751
2025-06-16,電子期貨,外資及陸資,-2,143,368,-225,-1088715
2025-06-16,金融期貨,自營商,-16,1228,252,976,2090963
2025-06-16,金融期貨,投信,0,8,0,8,16768
2025-06-16,金融期貨,外資及陸資,-3,439,376,63,142377
2025-06-16,股票期貨,自營商,-1434,195529,93910,101619,42686450
2025-06-16,股票期貨,投信,1199,12470,222,12248,4465332
2025-06-16,股票期貨,外資及陸資,-1425,82613,392045,-309432,-102340064
2025-06-16,美國標普500期貨,自營商,15,28,0,28,33516
2025-06-16,美國標普500期貨,投信,0,2,0,2,2394
2025-06-16,美國標普500期貨,外資及陸資,-16,469,609,-140,-166975
2025-06-16,美國那斯達克100期貨,自營商,96,0,178,-178,-193477
2025-06-16,美國那斯達克100期貨,投信,0,2,0,2,2174
2025-06-16,美國那斯達克100期貨,外資及陸資,-75,652,60,592,645938
2025-06-16,美國道瓊期貨,自營商,39,0,5,-5,-4227
2025-06-16,美國道瓊期貨,投信,0,3,0,3,2536
2025-06-16,美國道瓊期貨,外資及陸資,-77,297,268,29,24763
2025-06-16,美國費城半導體期貨,自營商,-12,103,297,-194,-79749
2025-06-16,美國費城半導體期貨,投信,0,10,0,10,4139
2025-06-16,美國費城半導體期貨,外資及陸資,-33,284,134,150,61763
2025-06-17,臺股期貨,自營商,1048,9090,4139,4951,21551598
2025-06-17,臺股期貨,投信,524,51048,13734,37314,162609227
2025-06-17,臺股期貨,外資及陸資,-385,29056,70457,-41401,-179942747
2025-06-17,電子期貨,自營商,-19,120,112,8,43380
2025-06-17,電子期貨,投信,10,198,0,198,961250
2025-06-17,電子期貨,外資及陸資,18,153,360,-207,-1009819
2025-06-17,金融期貨,自營商,-120,1119,263,856,1820906
2025-06-17,金融期貨,投信,0,8,0,8,16698
2025-06-17,金融期貨,外資及陸資,-316,341,594,-253,-517708
2025-06-17,股票期貨,自營商,8444,203891,93828,110063,44528363
2025-06-17,股票期貨,投信,-91,12375,218,12157,4367658
2025-06-17,股票期貨,外資及陸資,-8072,81884,399388,-317504,-104920977
2025-06-17,美國標普500期貨,自營商,-14,14,0,14,16836
2025-06-17,美國標普500期貨,投信,0,2,0,2,2405
2025-06-17,美國標普500期貨,外資及陸資,14,470,596,-126,-150915
2025-06-17,美國那斯達克100期貨,自營商,4,0,174,-174,-190382
2025-06-17,美國那斯達克100期貨,投信,0,2,0,2,2188
2025-06-17,美國那斯達克100期貨,外資及陸資,111,706,3,703,772999
2025-06-17,美國道瓊期貨,自營商,4,0,1,-1,-848
2025-06-17,美國道瓊期貨,投信,0,3,0,3,2544
2025-06-17,美國道瓊期貨,外資及陸資,41,285,215,70,59883
2025-06-17,美國費城半導體期貨,自營商,-10,93,297,-204,-85597
2025-06-17,美國費城半導體期貨,投信,0,10,0,10,4231
2025-06-17,美國費城半導體期貨,外資及陸資,30,295,115,180,75690
2025-06-18,臺股期貨,自營商,-1173,8189,2889,5300,23237508
2025-06-18,臺股期貨,投信,1010,52201,13877,38324,168096729
2025-06-18,臺股期貨,外資及陸資,-1043,21552,66602,-45050,-197522688
2025-06-18,電子期貨,自營商,-6,11,71,-60,-293256
2025-06-18,電子期貨,投信,0,198,0,198,967745
2025-06-18,電子期貨,外資及陸資,-17,119,290,-171,-835780
2025-06-18,金融期貨,自營商,-2,487,73,414,866420
2025-06-18,金融期貨,投信,0,8,0,8,16742
2025-06-18,金融期貨,外資及陸資,-10,102,585,-483,-1010822
2025-06-18,股票期貨,自營商,-2023,167947,58564,109383,42416150
2025-06-18,股票期貨,投信,57,3227,225,3002,707390
2025-06-18,股票期貨,外資及陸資,-2182,51812,340899,-289087,-98010585
2025-06-18,美國標普500期貨,自營商,10,24,0,24,28811
2025-06-18,美國標普500期貨,投信,0,2,0,2,2395
2025-06-18,美國標普500期貨,外資及陸資,-9,463,598,-135,-161245
2025-06-18,美國那斯達克100期貨,自營商,-6,2,182,-180,-196231
2025-06-18,美國那斯達克100期貨,投信,0,2,0,2,2176
2025-06-18,美國那斯達克100期貨,外資及陸資,-322,440,59,381,419564
2025-06-18,美國道瓊期貨,自營商,-1,0,2,-2,-1690
2025-06-18,美國道瓊期貨,投信,0,3,0,3,2535
2025-06-18,美國道瓊期貨,外資及陸資,-13,289,232,57,48657
2025-06-18,美國費城半導體期貨,自營商,3,49,250,-201,-84417
2025-06-18,美國費城半導體期貨,投信,0,10,0,10,4227
2025-06-18,美國費城半導體期貨,外資及陸資,21,357,156,201,84619
2025-06-19,臺股期貨,自營商,587,9059,3183,5876,25500196
2025-06-19,臺股期貨,投信,-730,51361,13767,37594,163180517
2025-06-19,臺股期貨,外資及陸資,-223,18676,64062,-45386,-196932589
2025-06-19,電子期貨,自營商,-12,14,88,-74,-357257
2025-06-19,電子期貨,投信,1,199,0,199,960732
2025-06-19,電子期貨,外資及陸資,-61,85,317,-232,-1120050
2025-06-19,金融期貨,自營商,-5,513,104,409,851871
2025-06-19,金融期貨,投信,0,8,0,8,16661
2025-06-19,金融期貨,外資及陸資,90,120,513,-393,-818462
2025-06-19,股票期貨,自營商,-1426,173669,65712,107957,43219991
2025-06-19,股票期貨,投信,435,3636,199,3437,1666207
2025-06-19,股票期貨,外資及陸資,-3679,57645,350411,-292766,-98292715
2025-06-19,美國標普500期貨,自營商,-18,6,0,6,7237
2025-06-19,美國標普500期貨,投信,0,2,0,2,2387
2025-06-19,美國標普500期貨,外資及陸資,35,521,621,-100,-119360
2025-06-19,美國那斯達克100期貨,自營商,-28,1,209,-208,-225625
2025-06-19,美國那斯達克100期貨,投信,0,2,0,2,2165
2025-06-19,美國那斯達克100期貨,外資及陸資,81,521,59,462,506184
2025-06-19,美國道瓊期貨,自營商,-4,0,6,-6,-5052
2025-06-19,美國道瓊期貨,投信,0,3,0,3,2526
2025-06-19,美國道瓊期貨,外資及陸資,59,298,182,116,98448
2025-06-19,美國費城半導體期貨,自營商,13,30,218,-188,-78863
2025-06-19,美國費城半導體期貨,投信,0,10,0,10,4213
2025-06-19,美國費城半導體期貨,外資及陸資,-11,339,149,190,79856
2025-06-20,臺股期貨,自營商,211,9464,3376,6088,26366221
2025-06-20,臺股期貨,投信,-142,51439,13987,37452,162167160
2025-06-20,臺股期貨,外資及陸資,1015,19103,63564,-44461,-192449949
2025-06-20,電子期貨,自營商,0,16,90,-74,-357094
2025-06-20,電子期貨,投信,-42,157,0,157,757619
2025-06-20,電子期貨,外資及陸資,-11,99,342,-243,-1172621
2025-06-20,金融期貨,自營商,-24,493,108,385,798654
2025-06-20,金融期貨,投信,0,8,0,8,16594
2025-06-20,金融期貨,外資及陸資,42,128,479,-351,-728044
2025-06-20,股票期貨,自營商,1423,179221,69841,109380,44324170
2025-06-20,股票期貨,投信,909,4530,184,4346,2273346
2025-06-20,股票期貨,外資及陸資,-3092,61386,357244,-295858,-99339163
2025-06-20,美國標普500期貨,自營商,6,6,0,6,7233
2025-06-20,美國標普500期貨,投信,-2,0,0,0,0
2025-06-20,美國標普500期貨,外資及陸資,-1,218,270,-52,-62684
2025-06-20,美國那斯達克100期貨,自營商,64,1,38,-37,-40530
2025-06-20,美國那斯達克100期貨,投信,0,2,0,2,2191
2025-06-20,美國那斯達克100期貨,外資及陸資,-68,452,2,450,492930
2025-06-20,美國道瓊期貨,自營商,1,0,0,0,0
2025-06-20,美國道瓊期貨,投信,-2,1,0,1,848
2025-06-20,美國道瓊期貨,外資及陸資,-25,185,85,100,84844
2025-06-20,美國費城半導體期貨,自營商,-3,15,95,-80,-33715
2025-06-20,美國費城半導體期貨,投信,0,10,0,10,4214
2025-06-20,美國費城半導體期貨,外資及陸資,19,164,0,164,69116
2025-06-23,臺股期貨,自營商,939,10280,3287,6993,30035378
2025-06-23,臺股期貨,投信,1181,52925,14292,38633,165905555
2025-06-23,臺股期貨,外資及陸資,709,20591,64388,-43797,-188007693
2025-06-23,電子期貨,自營商,23,31,82,-51,-243933
2025-06-23,電子期貨,投信,13,170,0,170,813110
2025-06-23,電子期貨,外資及陸資,-66,90,399,-309,-1477947
2025-06-23,金融期貨,自營商,-32,460,107,353,726208
2025-06-23,金融期貨,投信,0,8,0,8,16456
2025-06-23,金融期貨,外資及陸資,22,103,432,-329,-676753
2025-06-23,股票期貨,自營商,-12543,179693,82949,96744,42215779
2025-06-23,股票期貨,投信,-72,4444,170,4274,2151115
2025-06-23,股票期貨,外資及陸資,2127,67986,362723,-294737,-98448256
2025-06-23,美國標普500期貨,自營商,-18,6,18,-12,-14403
2025-06-23,美國標普500期貨,投信,1,1,0,1,1200
2025-06-23,美國標普500期貨,外資及陸資,4,214,259,-45,-54014
2025-06-23,美國那斯達克100期貨,自營商,-54,4,95,-91,-99236
2025-06-23,美國那斯達克100期貨,投信,0,2,0,2,2181
2025-06-23,美國那斯達克100期貨,外資及陸資,58,503,2,501,546341
2025-06-23,美國道瓊期貨,自營商,-10,0,9,-9,-7636
2025-06-23,美國道瓊期貨,投信,0,1,0,1,848
2025-06-23,美國道瓊期貨,外資及陸資,-1,187,86,101,85691
2025-06-23,美國費城半導體期貨,自營商,-13,15,108,-93,-38866
2025-06-23,美國費城半導體期貨,投信,0,10,0,10,4179
2025-06-23,美國費城半導體期貨,外資及陸資,22,184,3,181,75643
2025-06-24,臺股期貨,自營商,-1502,9066,3612,5454,23948706
2025-06-24,臺股期貨,投信,1501,53877,13743,40134,176260502
2025-06-24,臺股期貨,外資及陸資,208,22222,65715,-43493,-190933284
2025-06-24,電子期貨,自營商,-31,16,98,-82,-402325
2025-06-24,電子期貨,投信,18,188,0,188,922403
2025-06-24,電子期貨,外資及陸資,63,125,371,-246,-1206974
2025-06-24,金融期貨,自營商,-70,386,104,282,587580
2025-06-24,金融期貨,投信,0,8,0,8,16664
2025-06-24,金融期貨,外資及陸資,95,217,451,-234,-487422
2025-06-24,股票期貨,自營商,7710,184667,80213,104454,44385754
2025-06-24,股票期貨,投信,1131,5725,320,5405,2642329
2025-06-24,股票期貨,外資及陸資,-4014,71904,370655,-298751,-101927403
2025-06-24,美國標普500期貨,自營商,-10,6,28,-22,-26950
2025-06-24,美國標普500期貨,投信,0,1,0,1,1225
2025-06-24,美國標普500期貨,外資及陸資,19,226,252,-26,-31850
2025-06-24,美國那斯達克100期貨,自營商,12,5,84,-79,-88121
2025-06-24,美國那斯達克100期貨,投信,0,2,0,2,2231
2025-06-24,美國那斯達克100期貨,外資及陸資,157,658,0,658,733966
2025-06-24,美國道瓊期貨,自營商,-4,0,13,-13,-11235
2025-06-24,美國道瓊期貨,投信,0,1,0,1,864
2025-06-24,美國道瓊期貨,外資及陸資,77,251,73,178,153838
2025-06-24,美國費城半導體期貨,自營商,-12,23,128,-105,-44929
2025-06-24,美國費城半導體期貨,投信,0,10,0,10,4278
2025-06-24,美國費城半導體期貨,外資及陸資,9,190,0,190,81292
2025-06-25,臺股期貨,自營商,270,9530,3813,5717,25332789
2025-06-25,臺股期貨,投信,1711,55278,13433,41845,185482147
2025-06-25,臺股期貨,外資及陸資,-2368,22530,68346,-45816,-202992781
2025-06-25,電子期貨,自營商,7,11,84,-73,-362445
2025-06-25,電子期貨,投信,3,191,0,191,948315
2025-06-25,電子期貨,外資及陸資,-11,142,399,-257,-1276005
2025-06-25,金融期貨,自營商,38,437,108,329,689494
2025-06-25,金融期貨,投信,0,8,0,8,16762
2025-06-25,金融期貨,外資及陸資,-24,209,467,-258,-540561
2025-06-25,股票期貨,自營商,3585,188839,80800,108039,45350415
2025-06-25,股票期貨,投信,1351,7199,443,6756,3185351
2025-06-25,股票期貨,外資及陸資,-14531,76143,389425,-313282,-107231771
2025-06-25,美國標普500期貨,自營商,0,6,28,-22,-27061
2025-06-25,美國標普500期貨,投信,0,1,0,1,1230
2025-06-25,美國標普500期貨,外資及陸資,-25,206,257,-51,-62733
2025-06-25,美國那斯達克100期貨,自營商,7,5,77,-72,-80798
2025-06-25,美國那斯達克100期貨,投信,0,2,0,2,2244
2025-06-25,美國那斯達克100期貨,外資及陸資,34,692,0,692,776562
2025-06-25,美國道瓊期貨,自營商,0,0,13,-13,-11307
2025-06-25,美國道瓊期貨,投信,0,1,0,1,870
2025-06-25,美國道瓊期貨,外資及陸資,10,277,89,188,163511
2025-06-25,美國費城半導體期貨,自營商,-5,16,126,-110,-48238
2025-06-25,美國費城半導體期貨,投信,0,10,0,10,4386
2025-06-25,美國費城半導體期貨,外資及陸資,24,214,0,214,93859
2025-06-26,臺股期貨,自營商,1498,10874,3659,7215,31882712
2025-06-26,臺股期貨,投信,127,55757,13785,41972,185642156
2025-06-26,臺股期貨,外資及陸資,-2868,23956,72744,-48788,-215661782
2025-06-26,電子期貨,自營商,-3,13,89,-76,-375987
2025-06-26,電子期貨,投信,0,191,0,191,944915
2025-06-26,電子期貨,外資及陸資,15,140,382,-242,-1197222
2025-06-26,金融期貨,自營商,5,443,109,334,700058
2025-06-26,金融期貨,投信,0,8,0,8,16762
2025-06-26,金融期貨,外資及陸資,-12,197,467,-270,-565704
2025-06-26,股票期貨,自營商,8679,202343,85625,116718,48195878
2025-06-26,股票期貨,投信,306,7505,443,7062,3700206
2025-06-26,股票期貨,外資及陸資,-18622,79254,411158,-331904,-112943635
2025-06-26,美國標普500期貨,自營商,0,6,28,-22,-27091
2025-06-26,美國標普500期貨,投信,0,1,0,1,1231
2025-06-26,美國標普500期貨,外資及陸資,-1,206,258,-52,-64033
2025-06-26,美國那斯達克100期貨,自營商,9,5,68,-63,-70868
2025-06-26,美國那斯達克100期貨,投信,0,2,0,2,2250
2025-06-26,美國那斯達克100期貨,外資及陸資,43,735,0,735,826813
2025-06-26,美國道瓊期貨,自營商,1,0,12,-12,-10400
2025-06-26,美國道瓊期貨,投信,0,1,0,1,867
2025-06-26,美國道瓊期貨,外資及陸資,-63,280,155,125,108330
2025-06-26,美國費城半導體期貨,自營商,-2,20,132,-112,-49603
2025-06-26,美國費城半導體期貨,投信,0,10,0,10,4435
2025-06-26,美國費城半導體期貨,外資及陸資,1,224,9,215,95311
2025-06-27,臺股期貨,自營商,2064,12922,3623,9299,41094632
2025-06-27,臺股期貨,投信,2076,57968,13920,44048,194885971
2025-06-27,臺股期貨,外資及陸資,-3955,22618,75299,-52681,-232919201
2025-06-27,電子期貨,自營商,24,23,75,-52,-257015
2025-06-27,電子期貨,投信,2,193,0,193,953922
2025-06-27,電子期貨,外資及陸資,-7,149,398,-249,-1230708
2025-06-27,金融期貨,自營商,29,472,110,362,761185
2025-06-27,金融期貨,投信,6,14,0,14,29428
2025-06-27,金融期貨,外資及陸資,8,196,458,-262,-550724
2025-06-27,股票期貨,自營商,22342,227127,88067,139060,54110959
2025-06-27,股票期貨,投信,-1680,5778,396,5382,3960782
2025-06-27,股票期貨,外資及陸資,-27785,76835,436524,-359689,-121817992
2025-06-27,美國標普500期貨,自營商,3,6,25,-19,-23575
2025-06-27,美國標普500期貨,投信,0,1,0,1,1241
2025-06-27,美國標普500期貨,外資及陸資,21,208,239,-31,-38442
2025-06-27,美國那斯達克100期貨,自營商,21,5,47,-42,-47698
2025-06-27,美國那斯達克100期貨,投信,0,2,0,2,2271
2025-06-27,美國那斯達克100期貨,外資及陸資,161,902,6,896,1017747
2025-06-27,美國道瓊期貨,自營商,0,0,12,-12,-10509
2025-06-27,美國道瓊期貨,投信,0,1,0,1,876
2025-06-27,美國道瓊期貨,外資及陸資,108,282,49,233,204054
2025-06-27,美國費城半導體期貨,自營商,-6,19,137,-118,-52925
2025-06-27,美國費城半導體期貨,投信,0,10,0,10,4488
2025-06-27,美國費城半導體期貨,外資及陸資,9,224,0,224,100541
2025-06-30,臺股期貨,自營商,-626,12338,3618,8720,38554543
2025-06-30,臺股期貨,投信,1313,59274,13913,45361,200894797
2025-06-30,臺股期貨,外資及陸資,613,23601,75602,-52001,-230123253
2025-06-30,電子期貨,自營商,-13,24,89,-65,-322292
2025-06-30,電子期貨,投信,13,206,0,206,1021348
2025-06-30,電子期貨,外資及陸資,-7,162,418,-256,-1269248
2025-06-30,金融期貨,自營商,-1,479,118,361,755401
2025-06-30,金融期貨,投信,10,24,0,24,50203
2025-06-30,金融期貨,外資及陸資,-36,187,485,-298,-623356
2025-06-30,股票期貨,自營商,10203,239425,90162,149263,55044734
2025-06-30,股票期貨,投信,22,5778,374,5404,3998353
2025-06-30,股票期貨,外資及陸資,-9369,78332,447390,-369058,-122748948
2025-06-30,美國標普500期貨,自營商,10,6,15,-9,-11251
2025-06-30,美國標普500期貨,投信,0,1,0,1,1250
2025-06-30,美國標普500期貨,外資及陸資,13,207,225,-18,-22492
2025-06-30,美國那斯達克100期貨,自營商,40,18,20,-2,-2288
2025-06-30,美國那斯達克100期貨,投信,0,2,0,2,2288
2025-06-30,美國那斯達克100期貨,外資及陸資,1,898,1,897,1026490
2025-06-30,美國道瓊期貨,自營商,0,0,12,-12,-10654
2025-06-30,美國道瓊期貨,投信,0,1,0,1,888
2025-06-30,美國道瓊期貨,外資及陸資,92,325,0,325,288598
2025-06-30,美國費城半導體期貨,自營商,22,11,107,-96,-43116
2025-06-30,美國費城半導體期貨,投信,0,10,0,10,4495
2025-06-30,美國費城半導體期貨,外資及陸資,-43,188,7,181,81346
2025-07-01,臺股期貨,自營商,-1897,10814,3999,6815,30381749
2025-07-01,臺股期貨,投信,1487,60622,13774,46848,209429299
2025-07-01,臺股期貨,外資及陸資,-404,25313,77830,-52517,-234570217
2025-07-01,電子期貨,自營商,-27,15,107,-92,-460243
2025-07-01,電子期貨,投信,18,224,0,224,1120538
2025-07-01,電子期貨,外資及陸資,-3,184,443,-259,-1295621
2025-07-01,金融期貨,自營商,-17,471,127,344,723233
2025-07-01,金融期貨,投信,0,24,0,24,50448
2025-07-01,金融期貨,外資及陸資,14,190,474,-284,-596968
2025-07-01,股票期貨,自營商,1188,242136,91685,150451,57185395
2025-07-01,股票期貨,投信,306,5981,271,5710,4259156
2025-07-01,股票期貨,外資及陸資,3224,83508,449342,-365834,-123617897
2025-07-01,美國標普500期貨,自營商,1,6,14,-8,-10000
2025-07-01,美國標普500期貨,投信,0,1,0,1,1250
2025-07-01,美國標普500期貨,外資及陸資,4,207,221,-14,-17489
2025-07-01,美國那斯達克100期貨,自營商,4,20,18,2,2284
2025-07-01,美國那斯達克100期貨,投信,0,2,0,2,2285
2025-07-01,美國那斯達克100期貨,外資及陸資,-3,897,3,894,1021475
2025-07-01,美國道瓊期貨,自營商,5,0,7,-7,-6207
2025-07-01,美國道瓊期貨,投信,0,1,0,1,887
2025-07-01,美國道瓊期貨,外資及陸資,31,378,22,356,315774
2025-07-01,美國費城半導體期貨,自營商,12,11,95,-84,-37573
2025-07-01,美國費城半導體期貨,投信,0,10,0,10,4477
2025-07-01,美國費城半導體期貨,外資及陸資,-13,190,22,168,75192
2025-07-02,臺股期貨,自營商,660,11348,3886,7462,33336533
2025-07-02,臺股期貨,投信,806,61428,13774,47654,213423205
2025-07-02,臺股期貨,外資及陸資,-2418,21867,76813,-54946,-245875622
2025-07-02,電子期貨,自營商,17,16,80,-64,-320781
2025-07-02,電子期貨,投信,19,243,0,243,1217965
2025-07-02,電子期貨,外資及陸資,-50,171,480,-309,-1548770
2025-07-02,金融期貨,自營商,15,489,127,362,761944
2025-07-02,金融期貨,投信,0,24,0,24,50491
2025-07-02,金融期貨,外資及陸資,-14,172,470,-298,-626932
2025-07-02,股票期貨,自營商,-7586,243055,100190,142865,57366177
2025-07-02,股票期貨,投信,135,6112,267,5845,4000632
2025-07-02,股票期貨,外資及陸資,6306,95303,454831,-359528,-124950143
2025-07-02,美國標普500期貨,自營商,0,6,14,-8,-10027
2025-07-02,美國標普500期貨,投信,0,1,0,1,1253
2025-07-02,美國標普500期貨,外資及陸資,21,207,200,7,8785
2025-07-02,美國那斯達克100期貨,自營商,-20,20,38,-18,-20484
2025-07-02,美國那斯達克100期貨,投信,0,2,0,2,2276
2025-07-02,美國那斯達克100期貨,外資及陸資,-89,822,17,805,916367
2025-07-02,美國道瓊期貨,自營商,0,0,7,-7,-6284
2025-07-02,美國道瓊期貨,投信,0,1,0,1,898
2025-07-02,美國道瓊期貨,外資及陸資,222,610,32,578,518984
2025-07-02,美國費城半導體期貨,自營商,0,10,94,-84,-37448
2025-07-02,美國費城半導體期貨,投信,0,10,0,10,4463
2025-07-02,美國費城半導體期貨,外資及陸資,-18,185,35,150,66903
2025-07-03,臺股期貨,自營商,-1619,10912,5077,5835,26382848
2025-07-03,臺股期貨,投信,1383,62494,13457,49037,222431832
2025-07-03,臺股期貨,外資及陸資,2415,22377,73534,-51157,-231834749
2025-07-03,電子期貨,自營商,16,16,64,-48,-243678
2025-07-03,電子期貨,投信,-3,240,0,240,1218288
2025-07-03,電子期貨,外資及陸資,13,160,456,-296,-1502555
2025-07-03,金融期貨,自營商,5,506,140,366,774910
2025-07-03,金融期貨,投信,0,24,0,24,50779
2025-07-03,金融期貨,外資及陸資,12,169,455,-286,-605119
2025-07-03,股票期貨,自營商,-13798,243793,114726,129067,57183224
2025-07-03,股票期貨,投信,1746,7878,287,7591,4737987
2025-07-03,股票期貨,外資及陸資,6758,100174,452944,-352770,-126501240
2025-07-03,美國標普500期貨,自營商,0,6,14,-8,-10052
2025-07-03,美國標普500期貨,投信,0,1,0,1,1256
2025-07-03,美國標普500期貨,外資及陸資,-10,207,210,-3,-3758
2025-07-03,美國那斯達克100期貨,自營商,0,20,38,-18,-20583
2025-07-03,美國那斯達克100期貨,投信,0,2,0,2,2287
2025-07-03,美國那斯達克100期貨,外資及陸資,48,869,16,853,975694
2025-07-03,美國道瓊期貨,自營商,0,0,7,-7,-6273
2025-07-03,美國道瓊期貨,投信,0,1,0,1,896
2025-07-03,美國道瓊期貨,外資及陸資,-128,498,48,450,403356
2025-07-03,美國費城半導體期貨,自營商,-27,26,137,-111,-50192
2025-07-03,美國費城半導體期貨,投信,0,10,0,10,4531
2025-07-03,美國費城半導體期貨,外資及陸資,44,257,63,194,87745
2025-07-04,臺股期貨,自營商,1622,11492,4060,7432,33271823
2025-07-04,臺股期貨,投信,-526,62185,13674,48511,217678559
2025-07-04,臺股期貨,外資及陸資,-3889,20056,75267,-55211,-247517676
2025-07-04,電子期貨,自營商,10,14,52,-38,-190832
2025-07-04,電子期貨,投信,0,240,0,240,1205136
2025-07-04,電子期貨,外資及陸資,-15,151,462,-311,-1561656
2025-07-04,金融期貨,自營商,15,509,130,379,796627
2025-07-04,金融期貨,投信,0,24,0,24,50414
2025-07-04,金融期貨,外資及陸資,4,127,409,-282,-592369
2025-07-04,股票期貨,自營商,5799,250189,115323,134866,57426772
2025-07-04,股票期貨,投信,724,8517,202,8315,5180328
2025-07-04,股票期貨,外資及陸資,-3958,99027,455755,-356728,-125264774
2025-07-04,美國標普500期貨,自營商,0,6,14,-8,-10097
2025-07-04,美國標普500期貨,投信,0,1,0,1,1262
2025-07-04,美國標普500期貨,外資及陸資,1,219,221,-2,-2513
2025-07-04,美國那斯達克100期貨,自營商,-1,20,39,-19,-21850
2025-07-04,美國那斯達克100期貨,投信,0,2,0,2,2300
2025-07-04,美國那斯達克100期貨,外資及陸資,46,918,19,899,1034240
2025-07-04,美國道瓊期貨,自營商,0,0,7,-7,-6309
2025-07-04,美國道瓊期貨,投信,0,1,0,1,901
2025-07-04,美國道瓊期貨,外資及陸資,17,524,57,467,421049
2025-07-04,美國費城半導體期貨,自營商,-11,30,152,-122,-55146
2025-07-04,美國費城半導體期貨,投信,0,10,0,10,4530
2025-07-04,美國費城半導體期貨,外資及陸資,4,271,73,198,89506
2025-07-07,臺股期貨,自營商,-262,11178,4028,7150,31861885
2025-07-07,臺股期貨,投信,-594,61619,13702,47917,213977896
2025-07-07,臺股期貨,外資及陸資,-1508,18162,74950,-56788,-253379053
2025-07-07,電子期貨,自營商,14,22,46,-24,-119928
2025-07-07,電子期貨,投信,8,248,0,248,1239256
2025-07-07,電子期貨,外資及陸資,-23,153,487,-334,-1668998
2025-07-07,金融期貨,自營商,-23,520,167,353,748068
2025-07-07,金融期貨,投信,0,24,0,24,50818
2025-07-07,金融期貨,外資及陸資,56,151,377,-226,-478533
2025-07-07,股票期貨,自營商,-8543,248831,122508,126323,55038184
2025-07-07,股票期貨,投信,64,8546,167,8379,4911238
2025-07-07,股票期貨,外資及陸資,8974,102378,450132,-347754,-120966003
2025-07-07,美國標普500期貨,自營商,0,6,14,-8,-10076
2025-07-07,美國標普500期貨,投信,0,1,0,1,1260
2025-07-07,美國標普500期貨,外資及陸資,0,224,226,-2,-2508
2025-07-07,美國那斯達克100期貨,自營商,-2,23,44,-21,-24087
2025-07-07,美國那斯達克100期貨,投信,0,2,0,2,2294
2025-07-07,美國那斯達克100期貨,外資及陸資,16,953,38,915,1049849
2025-07-07,美國道瓊期貨,自營商,2,0,5,-5,-4498
2025-07-07,美國道瓊期貨,投信,0,1,0,1,900
2025-07-07,美國道瓊期貨,外資及陸資,-8,527,68,459,413054
2025-07-07,美國費城半導體期貨,自營商,-1,30,153,-123,-55514
2025-07-07,美國費城半導體期貨,投信,0,10,0,10,4522
2025-07-07,美國費城半導體期貨,外資及陸資,4,270,68,202,91191
2025-07-08,臺股期貨,自營商,659,11338,3550,7788,34583088
2025-07-08,臺股期貨,投信,1322,63182,13943,49239,219191988
2025-07-08,臺股期貨,外資及陸資,-693,18043,75573,-57530,-255842522
2025-07-08,電子期貨,自營商,-12,19,55,-36,-179719
2025-07-08,電子期貨,投信,12,260,0,260,1297972
2025-07-08,電子期貨,外資及陸資,-50,155,539,-384,-1917005
2025-07-08,金融期貨,自營商,6,511,152,359,760270
2025-07-08,金融期貨,投信,0,24,0,24,50784
2025-07-08,金融期貨,外資及陸資,-1,146,373,-227,-480332
2025-07-08,股票期貨,自營商,-1739,251079,126495,124584,54488768
2025-07-08,股票期貨,投信,-1767,6779,167,6612,4487367
2025-07-08,股票期貨,外資及陸資,5822,107665,449597,-341932,-118870101
2025-07-08,美國標普500期貨,自營商,-33,6,47,-41,-51641
2025-07-08,美國標普500期貨,投信,0,1,0,1,1256
2025-07-08,美國標普500期貨,外資及陸資,12,235,225,10,12725
2025-07-08,美國那斯達克100期貨,自營商,-8,23,52,-29,-33227
2025-07-08,美國那斯達克100期貨,投信,0,2,0,2,2292
2025-07-08,美國那斯達克100期貨,外資及陸資,-31,940,56,884,1013200
2025-07-08,美國道瓊期貨,自營商,-11,0,16,-16,-14379
2025-07-08,美國道瓊期貨,投信,0,1,0,1,893
2025-07-08,美國道瓊期貨,外資及陸資,-43,479,63,416,371792
2025-07-08,美國費城半導體期貨,自營商,4,89,208,-119,-53043
2025-07-08,美國費城半導體期貨,投信,0,10,0,10,4484
2025-07-08,美國費城半導體期貨,外資及陸資,-14,283,95,188,84021
2025-07-09,臺股期貨,自營商,-759,10906,3990,6916,30948019
2025-07-09,臺股期貨,投信,980,63952,13733,50219,225316662
2025-07-09,臺股期貨,外資及陸資,-400,16670,75381,-58711,-263162263
2025-07-09,電子期貨,自營商,2,16,48,-32,-161620
2025-07-09,電子期貨,投信,-10,250,0,250,1262500
2025-07-09,電子期貨,外資及陸資,26,170,528,-358,-1808065
2025-07-09,金融期貨,自營商,6,476,102,374,787450
2025-07-09,金融期貨,投信,0,24,0,24,50486
2025-07-09,金融期貨,外資及陸資,-38,110,375,-265,-557454
2025-07-09,股票期貨,自營商,1566,252909,126759,126150,56228503
2025-07-09,股票期貨,投信,-743,6026,157,5869,4343183
2025-07-09,股票期貨,外資及陸資,-2850,107678,452460,-344782,-120914523
2025-07-09,美國標普500期貨,自營商,-8,6,55,-49,-61837
2025-07-09,美國標普500期貨,投信,0,1,0,1,1254
2025-07-09,美國標普500期貨,外資及陸資,7,277,260,17,21724
2025-07-09,美國那斯達克100期貨,自營商,12,27,44,-17,-19451
2025-07-09,美國那斯達克100期貨,投信,0,2,0,2,2288
2025-07-09,美國那斯達克100期貨,外資及陸資,-63,875,54,821,939730
2025-07-09,美國道瓊期貨,自營商,-25,0,41,-41,-36705
2025-07-09,美國道瓊期貨,投信,0,1,0,1,890
2025-07-09,美國道瓊期貨,外資及陸資,-19,501,104,397,353539
2025-07-09,美國費城半導體期貨,自營商,2,89,206,-117,-52953
2025-07-09,美國費城半導體期貨,投信,0,10,0,10,4548
2025-07-09,美國費城半導體期貨,外資及陸資,3,289,98,191,86635
2025-07-10,臺股期貨,自營商,-982,10478,4576,5902,26582811
2025-07-10,臺股期貨,投信,159,63963,13585,50378,227768575
2025-07-10,臺股期貨,外資及陸資,2035,16897,73265,-56368,-254544058
2025-07-10,電子期貨,自營商,-6,16,54,-38,-193424
2025-07-10,電子期貨,投信,0,250,0,250,1272650
2025-07-10,電子期貨,外資及陸資,41,184,501,-317,-1614030
2025-07-10,金融期貨,自營商,-4,484,115,369,786536
2025-07-10,金融期貨,投信,4,28,0,28,59634
2025-07-10,金融期貨,外資及陸資,58,122,329,-207,-440100
2025-07-10,股票期貨,自營商,1279,258435,131006,127429,57640763
2025-07-10,股票期貨,投信,-519,5507,157,5350,4903070
2025-07-10,股票期貨,外資及陸資,104,112410,457088,-344678,-123024661
2025-07-10,美國標普500期貨,自營商,-8,6,63,-57,-72241
2025-07-10,美國標普500期貨,投信,0,1,0,1,1259
2025-07-10,美國標普500期貨,外資及陸資,-5,298,286,12,15620
2025-07-10,美國那斯達克100期貨,自營商,-8,23,48,-25,-28728
2025-07-10,美國那斯達克100期貨,投信,0,2,0,2,2298
2025-07-10,美國那斯達克100期貨,外資及陸資,36,911,54,857,985187
2025-07-10,美國道瓊期貨,自營商,-15,0,56,-56,-50211
2025-07-10,美國道瓊期貨,投信,0,1,0,1,892
2025-07-10,美國道瓊期貨,外資及陸資,-2,492,97,395,352920
2025-07-10,美國費城半導體期貨,自營商,-8,89,214,-125,-56687
2025-07-10,美國費城半導體期貨,投信,0,10,0,10,4560
2025-07-10,美國費城半導體期貨,外資及陸資,0,300,109,191,86779
2025-07-11,臺股期貨,自營商,-234,10507,4874,5633,25515429
2025-07-11,臺股期貨,投信,1595,65376,13403,51973,236512888
2025-07-11,臺股期貨,外資及陸資,-1176,16583,74075,-57492,-261296934
2025-07-11,電子期貨,自營商,-32,4,74,-70,-358922
2025-07-11,電子期貨,投信,6,256,0,256,1312563
2025-07-11,電子期貨,外資及陸資,69,187,435,-248,-1271866
2025-07-11,金融期貨,自營商,-36,495,162,333,717443
2025-07-11,金融期貨,投信,8,36,0,36,77573
2025-07-11,金融期貨,外資及陸資,45,153,315,-162,-347177
2025-07-11,股票期貨,自營商,-2285,243907,113480,130427,57714927
2025-07-11,股票期貨,投信,111,5631,170,5461,4945449
2025-07-11,股票期貨,外資及陸資,-6704,114096,447690,-333594,-124274497
2025-07-11,美國標普500期貨,自營商,-9,6,72,-66,-83812
2025-07-11,美國標普500期貨,投信,0,1,0,1,1262
2025-07-11,美國標普500期貨,外資及陸資,4,298,282,16,20713
2025-07-11,美國那斯達克100期貨,自營商,-14,23,62,-39,-44797
2025-07-11,美國那斯達克100期貨,投信,0,2,0,2,2297
2025-07-11,美國那斯達克100期貨,外資及陸資,-51,861,55,806,926195
2025-07-11,美國道瓊期貨,自營商,-26,0,82,-82,-73709
2025-07-11,美國道瓊期貨,投信,0,1,0,1,896
2025-07-11,美國道瓊期貨,外資及陸資,54,500,51,449,402751
2025-07-11,美國費城半導體期貨,自營商,-9,89,223,-134,-61177
2025-07-11,美國費城半導體期貨,投信,0,10,0,10,4586
2025-07-11,美國費城半導體期貨,外資及陸資,7,309,111,198,90527
2025-07-14,臺股期貨,自營商,1064,11210,4504,6706,30112865
2025-07-14,臺股期貨,投信,-662,64969,13658,51311,230562720
2025-07-14,臺股期貨,外資及陸資,-2181,15888,75761,-59873,-268833244
2025-07-14,電子期貨,自營商,-5,79,154,-75,-379331
2025-07-14,電子期貨,投信,-17,239,0,239,1208568
2025-07-14,電子期貨,外資及陸資,26,194,416,-222,-1122531
2025-07-14,金融期貨,自營商,1,544,210,334,718211
2025-07-14,金融期貨,投信,0,36,0,36,77652
2025-07-14,金融期貨,外資及陸資,12,159,309,-150,-316408
2025-07-14,股票期貨,自營商,3407,244447,110613,133834,57549297
2025-07-14,股票期貨,投信,39,5670,170,5500,4848812
2025-07-14,股票期貨,外資及陸資,-4597,117567,455758,-338191,-123441690
2025-07-14,美國標普500期貨,自營商,8,6,64,-58,-73277
2025-07-14,美國標普500期貨,投信,0,1,0,1,1255
2025-07-14,美國標普500期貨,外資及陸資,-2,298,284,14,18083
2025-07-14,美國那斯達克100期貨,自營商,8,23,54,-31,-35422
2025-07-14,美國那斯達克100期貨,投信,0,2,0,2,2285
2025-07-14,美國那斯達克100期貨,外資及陸資,38,900,56,844,964754
2025-07-14,美國道瓊期貨,自營商,24,0,58,-58,-51763
2025-07-14,美國道瓊期貨,投信,0,1,0,1,888
2025-07-14,美國道瓊期貨,外資及陸資,-46,508,105,403,358284
2025-07-14,美國費城半導體期貨,自營商,20,89,203,-114,-51649
2025-07-14,美國費城半導體期貨,投信,0,10,0,10,4562
2025-07-14,美國費城半導體期貨,外資及陸資,-14,283,99,184,83589
2025-07-15,臺股期貨,自營商,-941,10213,4478,5735,26034024
2025-07-15,臺股期貨,投信,162,64883,13410,51473,233414160
2025-07-15,臺股期貨,外資及陸資,4338,20444,75796,-55352,-250930840
2025-07-15,電子期貨,自營商,-1,116,214,-98,-503145
2025-07-15,電子期貨,投信,-13,226,0,226,1160281
2025-07-15,電子期貨,外資及陸資,-2,206,430,-224,-1149979
2025-07-15,金融期貨,自營商,-26,555,248,307,659126
2025-07-15,金融期貨,投信,0,36,0,36,77116
2025-07-15,金融期貨,外資及陸資,-48,119,317,-198,-421463
2025-07-15,股票期貨,自營商,583,248368,113951,134417,57328694
2025-07-15,股票期貨,投信,29,5699,170,5529,5014296
2025-07-15,股票期貨,外資及陸資,-4547,122577,465315,-342738,-123795500
2025-07-15,美國標普500期貨,自營商,-7,6,71,-65,-82661
2025-07-15,美國標普500期貨,投信,0,1,0,1,1264
2025-07-15,美國標普500期貨,外資及陸資,-5,298,289,9,11894
2025-07-15,美國那斯達克100期貨,自營商,-18,23,72,-49,-56701
2025-07-15,美國那斯達克100期貨,投信,0,2,0,2,2314
2025-07-15,美國那斯達克100期貨,外資及陸資,83,984,57,927,1073037
2025-07-15,美國道瓊期貨,自營商,-31,0,89,-89,-79875
2025-07-15,美國道瓊期貨,投信,0,1,0,1,894
2025-07-15,美國道瓊期貨,外資及陸資,24,514,87,427,382295
2025-07-15,美國費城半導體期貨,自營商,10,86,190,-104,-47566
2025-07-15,美國費城半導體期貨,投信,0,10,0,10,4605
2025-07-15,美國費城半導體期貨,外資及陸資,-5,262,83,179,82114
2025-07-16,臺股期貨,自營商,-2585,7231,3440,3791,17382115
2025-07-16,臺股期貨,投信,391,64811,12947,51864,237713457
2025-07-16,臺股期貨,外資及陸資,2296,16792,70188,-53396,-244689761
2025-07-16,電子期貨,自營商,20,0,138,-138,-717655
2025-07-16,電子期貨,投信,-46,180,0,180,936072
2025-07-16,電子期貨,外資及陸資,15,223,249,-26,-135211
2025-07-16,金融期貨,自營商,-27,215,86,129,276395
2025-07-16,金融期貨,投信,0,36,0,36,77134
2025-07-16,金融期貨,外資及陸資,-1,92,255,-163,-349244
2025-07-16,股票期貨,自營商,1738,210527,64467,146060,56720865
2025-07-16,股票期貨,投信,64,521,177,344,32772
2025-07-16,股票期貨,外資及陸資,-7122,67826,412525,-344699,-121686779
2025-07-16,美國標普500期貨,自營商,-6,6,77,-71,-89587
2025-07-16,美國標普500期貨,投信,0,1,0,1,1255
2025-07-16,美國標普500期貨,外資及陸資,14,298,275,23,29358
2025-07-16,美國那斯達克100期貨,自營商,13,23,59,-36,-41436
2025-07-16,美國那斯達克100期貨,投信,0,2,0,2,2302
2025-07-16,美國那斯達克100期貨,外資及陸資,-104,890,67,823,947564
2025-07-16,美國道瓊期貨,自營商,-33,0,122,-122,-108125
2025-07-16,美國道瓊期貨,投信,0,1,0,1,884
2025-07-16,美國道瓊期貨,外資及陸資,-101,516,190,326,288391
2025-07-16,美國費城半導體期貨,自營商,-17,86,207,-121,-55389
2025-07-16,美國費城半導體期貨,投信,0,10,0,10,4603
2025-07-16,美國費城半導體期貨,外資及陸資,10,275,86,189,86698
2025-07-17,臺股期貨,自營商,-133,7292,3673,3619,16751115
2025-07-17,臺股期貨,投信,-1445,62923,12504,50419,233308880
2025-07-17,臺股期貨,外資及陸資,1105,18670,70887,-52217,-241584114
2025-07-17,電子期貨,自營商,16,17,139,-122,-639380
2025-07-17,電子期貨,投信,2,182,0,182,953789
2025-07-17,電子期貨,外資及陸資,-40,216,282,-66,-345879
2025-07-17,金融期貨,自營商,-29,193,93,100,214240
2025-07-17,金融期貨,投信,0,36,0,36,77126
2025-07-17,金融期貨,外資及陸資,34,119,248,-129,-276369
2025-07-17,股票期貨,自營商,-11561,209662,75163,134499,53001277
2025-07-17,股票期貨,投信,165,686,177,509,52220
2025-07-17,股票期貨,外資及陸資,-7565,77383,429647,-352264,-121985408
2025-07-17,美國標普500期貨,自營商,2,6,75,-69,-87367
2025-07-17,美國標普500期貨,投信,0,1,0,1,1259
2025-07-17,美國標普500期貨,外資及陸資,-17,288,282,6,8048
2025-07-17,美國那斯達克100期貨,自營商,10,26,52,-26,-29997
2025-07-17,美國那斯達克100期貨,投信,0,2,0,2,2308
2025-07-17,美國那斯達克100期貨,外資及陸資,-25,867,69,798,920944
2025-07-17,美國道瓊期貨,自營商,11,0,111,-111,-98948
2025-07-17,美國道瓊期貨,投信,0,1,0,1,889
2025-07-17,美國道瓊期貨,外資及陸資,-13,494,181,313,278515
2025-07-17,美國費城半導體期貨,自營商,-6,89,216,-127,-57927
2025-07-17,美國費城半導體期貨,投信,0,10,0,10,4586
2025-07-17,美國費城半導體期貨,外資及陸資,-32,241,84,157,71704
2025-07-18,臺股期貨,自營商,-107,7088,3591,3497,16273535
2025-07-18,臺股期貨,投信,-4864,57751,12196,45555,211921860
2025-07-18,臺股期貨,外資及陸資,4253,19259,67269,-48010,-223299734
2025-07-18,電子期貨,自營商,17,20,125,-105,-554883
2025-07-18,電子期貨,投信,16,198,0,198,1046351
2025-07-18,電子期貨,外資及陸資,-21,225,312,-87,-459760
2025-07-18,金融期貨,自營商,-21,152,73,79,168712
2025-07-18,金融期貨,投信,0,36,0,36,76882
2025-07-18,金融期貨,外資及陸資,-24,120,273,-153,-326747
2025-07-18,股票期貨,自營商,-857,211632,77990,133642,51908423
2025-07-18,股票期貨,投信,-20,686,197,489,51405
2025-07-18,股票期貨,外資及陸資,-11686,81568,445518,-363950,-121798643
2025-07-18,美國標普500期貨,自營商,1,6,74,-68,-86953
2025-07-18,美國標普500期貨,投信,0,1,0,1,1272
2025-07-18,美國標普500期貨,外資及陸資,1,288,281,7,9379
2025-07-18,美國那斯達克100期貨,自營商,33,26,19,7,8155
2025-07-18,美國那斯達克100期貨,投信,0,2,0,2,2330
2025-07-18,美國那斯達克100期貨,外資及陸資,48,908,62,846,985882
2025-07-18,美國道瓊期貨,自營商,54,0,57,-57,-51448
2025-07-18,美國道瓊期貨,投信,0,1,0,1,897
2025-07-18,美國道瓊期貨,外資及陸資,-47,467,201,266,238894
2025-07-18,美國費城半導體期貨,自營商,-1,89,217,-128,-58918
2025-07-18,美國費城半導體期貨,投信,0,10,0,10,4628
2025-07-18,美國費城半導體期貨,外資及陸資,0,272,115,157,72361
2025-07-21,臺股期貨,自營商,800,7659,3350,4309,20017654
2025-07-21,臺股期貨,投信,-1902,55902,12249,43653,202724532
2025-07-21,臺股期貨,外資及陸資,1566,18223,64779,-46556,-216170125
2025-07-21,電子期貨,自營商,38,31,98,-67,-353157
2025-07-21,電子期貨,投信,-9,189,0,189,996257
2025-07-21,電子期貨,外資及陸資,-52,243,382,-139,-732696
2025-07-21,金融期貨,自營商,16,143,48,95,201381
2025-07-21,金融期貨,投信,3,39,0,39,82672
2025-07-21,金融期貨,外資及陸資,-35,127,315,-188,-398522
2025-07-21,股票期貨,自營商,-6703,208187,81248,126939,50806292
2025-07-21,股票期貨,投信,0,686,197,489,51836
2025-07-21,股票期貨,外資及陸資,-2168,85347,451465,-366118,-121747542
2025-07-21,美國標普500期貨,自營商,18,6,56,-50,-63906
2025-07-21,美國標普500期貨,投信,0,1,0,1,1268
2025-07-21,美國標普500期貨,外資及陸資,-17,288,298,-10,-12190
2025-07-21,美國那斯達克100期貨,自營商,9,32,16,16,18621
2025-07-21,美國那斯達克100期貨,投信,0,2,0,2,2328
2025-07-21,美國那斯達克100期貨,外資及陸資,-25,878,57,821,955929
2025-07-21,美國道瓊期貨,自營商,4,0,53,-53,-47572
2025-07-21,美國道瓊期貨,投信,0,1,0,1,892
2025-07-21,美國道瓊期貨,外資及陸資,-47,457,238,219,195510
2025-07-21,美國費城半導體期貨,自營商,1,89,216,-127,-58424
2025-07-21,美國費城半導體期貨,投信,0,10,0,10,4623
2025-07-21,美國費城半導體期貨,外資及陸資,23,285,105,180,82945
2025-07-22,臺股期貨,自營商,-796,7446,3939,3507,16137264
2025-07-22,臺股期貨,投信,-2035,53693,12075,41618,191409506
2025-07-22,臺股期貨,外資及陸資,2068,20179,64773,-44594,-205060916
2025-07-22,電子期貨,自營商,11,46,102,-56,-291973
2025-07-22,電子期貨,投信,-5,192,8,184,959340
2025-07-22,電子期貨,外資及陸資,-16,248,403,-155,-808139
2025-07-22,金融期貨,自營商,6,139,38,101,214079
2025-07-22,金融期貨,投信,0,39,0,39,82664
2025-07-22,金融期貨,外資及陸資,21,132,299,-167,-353973
2025-07-22,股票期貨,自營商,4441,214870,83490,131380,50686993
2025-07-22,股票期貨,投信,0,686,197,489,51162
2025-07-22,股票期貨,外資及陸資,-630,94360,461108,-366748,-117860822
2025-07-22,美國標普500期貨,自營商,-1,6,57,-51,-65174
2025-07-22,美國標普500期貨,投信,0,1,0,1,1268
2025-07-22,美國標普500期貨,外資及陸資,16,288,282,6,8083
2025-07-22,美國那斯達克100期貨,自營商,-15,26,25,1,1165
2025-07-22,美國那斯達克100期貨,投信,0,2,0,2,2330
2025-07-22,美國那斯達克100期貨,外資及陸資,163,1037,53,984,1146824
2025-07-22,美國道瓊期貨,自營商,0,0,53,-53,-47587
2025-07-22,美國道瓊期貨,投信,0,1,0,1,892
2025-07-22,美國道瓊期貨,外資及陸資,46,456,191,265,236606
2025-07-22,美國費城半導體期貨,自營商,-29,89,245,-156,-71152
2025-07-22,美國費城半導體期貨,投信,0,10,0,10,4580
2025-07-22,美國費城半導體期貨,外資及陸資,20,298,98,200,91322
2025-07-23,臺股期貨,自營商,214,7496,3770,3726,17282112
2025-07-23,臺股期貨,投信,-762,52452,11596,40856,189441101
2025-07-23,臺股期貨,外資及陸資,-2116,19143,66984,-47841,-221795642
2025-07-23,電子期貨,自營商,14,54,97,-43,-225595
2025-07-23,電子期貨,投信,-4,195,15,180,944352
2025-07-23,電子期貨,外資及陸資,-32,266,453,-187,-981077
2025-07-23,金融期貨,自營商,-21,125,59,66,140599
2025-07-23,金融期貨,投信,0,39,0,39,83086
2025-07-23,金融期貨,外資及陸資,6,134,295,-161,-342994
2025-07-23,股票期貨,自營商,-7255,215098,90973,124125,49568038
2025-07-23,股票期貨,投信,-8,686,205,481,51491
2025-07-23,股票期貨,外資及陸資,-3225,105087,475060,-369973,-119034377
2025-07-23,美國標普500期貨,自營商,4,6,53,-47,-60298
2025-07-23,美國標普500期貨,投信,0,1,0,1,1273
2025-07-23,美國標普500期貨,外資及陸資,4,288,278,10,13199
2025-07-23,美國那斯達克100期貨,自營商,-29,26,54,-28,-32548
2025-07-23,美國那斯達克100期貨,投信,0,2,0,2,2325
2025-07-23,美國那斯達克100期貨,外資及陸資,-55,990,61,929,1080268
2025-07-23,美國道瓊期貨,自營商,7,0,46,-46,-41587
2025-07-23,美國道瓊期貨,投信,0,1,0,1,897
2025-07-23,美國道瓊期貨,外資及陸資,24,437,148,289,259548
2025-07-23,美國費城半導體期貨,自營商,5,89,240,-151,-67865
2025-07-23,美國費城半導體期貨,投信,0,10,0,10,4514
2025-07-23,美國費城半導體期貨,外資及陸資,-56,241,97,144,64732
2025-07-24,臺股期貨,自營商,683,7541,3269,4272,19912513
2025-07-24,臺股期貨,投信,-372,51768,11284,40484,188679731
2025-07-24,臺股期貨,外資及陸資,-112,19288,67218,-47930,-223339709
2025-07-24,電子期貨,自營商,36,74,81,-7,-37038
2025-07-24,電子期貨,投信,-2,193,15,178,940481
2025-07-24,電子期貨,外資及陸資,-19,283,489,-206,-1088421
2025-07-24,金融期貨,自營商,-2,139,75,64,135609
2025-07-24,金融期貨,投信,0,39,0,39,82641
2025-07-24,金融期貨,外資及陸資,-53,103,317,-214,-453466
2025-07-24,股票期貨,自營商,-729,213137,89741,123396,48993950
2025-07-24,股票期貨,投信,208,894,205,689,318301
2025-07-24,股票期貨,外資及陸資,-18835,89297,478105,-388808,-121851810
2025-07-24,美國標普500期貨,自營商,2,6,51,-45,-58162
2025-07-24,美國標普500期貨,投信,0,1,0,1,1281
2025-07-24,美國標普500期貨,外資及陸資,23,295,262,33,42799
2025-07-24,美國那斯達克100期貨,自營商,13,19,34,-15,-17534
2025-07-24,美國那斯達克100期貨,投信,0,2,0,2,2338
2025-07-24,美國那斯達克100期貨,外資及陸資,-47,940,58,882,1031357
2025-07-24,美國道瓊期貨,自營商,-4,0,50,-50,-45425
2025-07-24,美國道瓊期貨,投信,0,1,0,1,902
2025-07-24,美國道瓊期貨,外資及陸資,58,438,91,347,313351
2025-07-24,美國費城半導體期貨,自營商,-9,89,249,-160,-72643
2025-07-24,美國費城半導體期貨,投信,0,10,0,10,4562
2025-07-24,美國費城半導體期貨,外資及陸資,18,258,96,162,73559
2025-07-25,臺股期貨,自營商,173,7725,3253,4472,20786740
2025-07-25,臺股期貨,投信,-1274,50482,11272,39210,182224554
2025-07-25,臺股期貨,外資及陸資,621,20113,67530,-47417,-220316009
2025-07-25,電子期貨,自營商,5,77,79,-2,-10578
2025-07-25,電子期貨,投信,0,193,15,178,936814
2025-07-25,電子期貨,外資及陸資,-11,277,494,-217,-1142071
2025-07-25,金融期貨,自營商,11,147,72,75,158468
2025-07-25,金融期貨,投信,0,39,0,39,82407
2025-07-25,金融期貨,外資及陸資,-15,100,329,-229,-483877
2025-07-25,股票期貨,自營商,2407,209288,83485,125803,49398494
2025-07-25,股票期貨,投信,158,1052,205,847,367501
2025-07-25,股票期貨,外資及陸資,-15899,77580,482287,-404707,-122719058
2025-07-25,美國標普500期貨,自營商,0,6,51,-45,-58177
2025-07-25,美國標普500期貨,投信,0,1,0,1,1282
2025-07-25,美國標普500期貨,外資及陸資,3,295,259,36,46655
2025-07-25,美國那斯達克100期貨,自營商,-4,20,39,-19,-22231
2025-07-25,美國那斯達克100期貨,投信,0,2,0,2,2340
2025-07-25,美國那斯達克100期貨,外資及陸資,76,1006,48,958,1121255
2025-07-25,美國道瓊期貨,自營商,1,0,49,-49,-44412
2025-07-25,美國道瓊期貨,投信,0,1,0,1,900
2025-07-25,美國道瓊期貨,外資及陸資,-55,443,151,292,263039
2025-07-25,美國費城半導體期貨,自營商,-11,89,260,-171,-77493
2025-07-25,美國費城半導體期貨,投信,0,10,0,10,4548
2025-07-25,美國費城半導體期貨,外資及陸資,1,259,96,163,73858
2025-07-28,臺股期貨,自營商,231,7774,3071,4703,22001321
2025-07-28,臺股期貨,投信,-1650,48754,11194,37560,175668120
2025-07-28,臺股期貨,外資及陸資,2357,21261,66240,-44979,-210318364
2025-07-28,電子期貨,自營商,-1,74,77,-3,-15959
2025-07-28,電子期貨,投信,-5,188,15,173,917315
2025-07-28,電子期貨,外資及陸資,15,278,480,-202,-1071085
2025-07-28,金融期貨,自營商,-24,149,98,51,107413
2025-07-28,金融期貨,投信,0,39,0,39,82142
2025-07-28,金融期貨,外資及陸資,8,97,318,-221,-465471
2025-07-28,股票期貨,自營商,-1876,204675,80748,123927,48732027
2025-07-28,股票期貨,投信,107,1152,198,954,392237
2025-07-28,股票期貨,外資及陸資,4554,81332,481485,-400153,-121690370
2025-07-28,美國標普500期貨,自營商,4,6,47,-41,-53453
2025-07-28,美國標普500期貨,投信,0,1,0,1,1291
2025-07-28,美國標普500期貨,外資及陸資,3,295,256,39,50882
2025-07-28,美國那斯達克100期貨,自營商,0,18,37,-19,-22392
2025-07-28,美國那斯達克100期貨,投信,0,2,0,2,2357
2025-07-28,美國那斯達克100期貨,外資及陸資,36,1041,47,994,1171835
2025-07-28,美國道瓊期貨,自營商,8,3,44,-41,-37464
2025-07-28,美國道瓊期貨,投信,0,1,0,1,906
2025-07-28,美國道瓊期貨,外資及陸資,13,447,142,305,276583
2025-07-28,美國費城半導體期貨,自營商,-1,89,261,-172,-78469
2025-07-28,美國費城半導體期貨,投信,0,10,0,10,4582
2025-07-28,美國費城半導體期貨,外資及陸資,-15,265,117,148,67484
2025-07-29,臺股期貨,自營商,-1108,6998,3414,3584,16600565
2025-07-29,臺股期貨,投信,-2900,45773,11113,34660,160482732
2025-07-29,臺股期貨,外資及陸資,4216,21498,62374,-40876,-189220109
2025-07-29,電子期貨,自營商,-11,68,82,-14,-73612
2025-07-29,電子期貨,投信,10,198,15,183,961738
2025-07-29,電子期貨,外資及陸資,14,294,482,-188,-988015
2025-07-29,金融期貨,自營商,2,148,95,53,110840
2025-07-29,金融期貨,投信,0,39,0,39,81565
2025-07-29,金融期貨,外資及陸資,-9,85,315,-230,-481022
2025-07-29,股票期貨,自營商,-10912,200273,87258,113015,45766448
2025-07-29,股票期貨,投信,100,1252,198,1054,408959
2025-07-29,股票期貨,外資及陸資,7394,83768,476527,-392759,-117436652
2025-07-29,美國標普500期貨,自營商,0,6,47,-41,-53284
2025-07-29,美國標普500期貨,投信,0,1,0,1,1287
2025-07-29,美國標普500期貨,外資及陸資,-4,295,260,35,45573
2025-07-29,美國那斯達克100期貨,自營商,10,24,33,-9,-10597
2025-07-29,美國那斯達克100期貨,投信,0,2,0,2,2355
2025-07-29,美國那斯達克100期貨,外資及陸資,12,1055,49,1006,1184766
2025-07-29,美國道瓊期貨,自營商,-3,0,44,-44,-39993
2025-07-29,美國道瓊期貨,投信,0,1,0,1,901
2025-07-29,美國道瓊期貨,外資及陸資,-37,438,170,268,241909
2025-07-29,美國費城半導體期貨,自營商,2,87,257,-170,-78195
2025-07-29,美國費城半導體期貨,投信,0,10,0,10,4620
2025-07-29,美國費城半導體期貨,外資及陸資,18,279,113,166,76359
2025-07-30,臺股期貨,自營商,-184,7003,3617,3386,15820722
2025-07-30,臺股期貨,投信,-1545,44056,10941,33115,154706657
2025-07-30,臺股期貨,外資及陸資,2926,22950,60781,-37831,-176689976
2025-07-30,電子期貨,自營商,-8,62,93,-31,-164239
2025-07-30,電子期貨,投信,-14,184,15,169,895159
2025-07-30,電子期貨,外資及陸資,18,297,467,-170,-900456
2025-07-30,金融期貨,自營商,-19,122,106,16,33630
2025-07-30,金融期貨,投信,0,39,0,39,81970
2025-07-30,金融期貨,外資及陸資,15,93,308,-215,-451887
2025-07-30,股票期貨,自營商,-13331,195252,95568,99684,45054728
2025-07-30,股票期貨,投信,86,1352,212,1140,422643
2025-07-30,股票期貨,外資及陸資,4157,89799,478401,-388602,-118366722
2025-07-30,美國標普500期貨,自營商,-2,6,49,-43,-55692
2025-07-30,美國標普500期貨,投信,0,1,0,1,1283
2025-07-30,美國標普500期貨,外資及陸資,0,295,260,35,45436
2025-07-30,美國那斯達克100期貨,自營商,-7,14,30,-16,-18803
2025-07-30,美國那斯達克100期貨,投信,0,2,0,2,2350
2025-07-30,美國那斯達克100期貨,外資及陸資,-51,1000,45,955,1122693
2025-07-30,美國道瓊期貨,自營商,2,2,44,-42,-38036
2025-07-30,美國道瓊期貨,投信,0,1,0,1,898
2025-07-30,美國道瓊期貨,外資及陸資,-55,421,208,213,191510
2025-07-30,美國費城半導體期貨,自營商,-22,87,279,-192,-88618
2025-07-30,美國費城半導體期貨,投信,0,10,0,10,4632
2025-07-30,美國費城半導體期貨,外資及陸資,28,318,124,194,89563
2025-07-31,臺股期貨,自營商,-685,6481,3764,2717,12822023
2025-07-31,臺股期貨,投信,-821,43027,10733,32294,152324340
2025-07-31,臺股期貨,外資及陸資,2975,26613,60257,-33644,-158648618
2025-07-31,電子期貨,自營商,5,65,91,-26,-139736
2025-07-31,電子期貨,投信,-8,176,15,161,864956
2025-07-31,電子期貨,外資及陸資,42,324,452,-128,-687667
2025-07-31,金融期貨,自營商,-4,133,121,12,25107
2025-07-31,金融期貨,投信,0,39,0,39,81588
2025-07-31,金融期貨,外資及陸資,3,148,360,-212,-443504
2025-07-31,股票期貨,自營商,-9226,192538,102080,90458,42398931
2025-07-31,股票期貨,投信,92,1439,207,1232,757254
2025-07-31,股票期貨,外資及陸資,1056,88856,476402,-387546,-117816447
2025-07-31,美國標普500期貨,自營商,-6,6,55,-49,-63810
2025-07-31,美國標普500期貨,投信,0,1,0,1,1292
2025-07-31,美國標普500期貨,外資及陸資,2,295,258,37,48311
2025-07-31,美國那斯達克100期貨,自營商,18,29,27,2,2378
2025-07-31,美國那斯達克100期貨,投信,0,2,0,2,2378
2025-07-31,美國那斯達克100期貨,外資及陸資,142,1146,49,1097,1304764
2025-07-31,美國道瓊期貨,自營商,-2,0,44,-44,-39751
2025-07-31,美國道瓊期貨,投信,0,1,0,1,896
2025-07-31,美國道瓊期貨,外資及陸資,-30,402,219,183,164207
2025-07-31,美國費城半導體期貨,自營商,3,87,276,-189,-87546
2025-07-31,美國費城半導體期貨,投信,0,10,0,10,4649
2025-07-31,美國費城半導體期貨,外資及陸資,-9,308,123,185,85737
2025-08-01,臺股期貨,自營商,2011,8083,3434,4649,21709109
2025-08-01,臺股期貨,投信,-608,42435,10749,31686,147941894
2025-08-01,臺股期貨,外資及陸資,-3641,19393,58930,-39537,-184560028
2025-08-01,電子期貨,自營商,-30,50,106,-56,-297424
2025-08-01,電子期貨,投信,-2,174,15,159,844322
2025-08-01,電子期貨,外資及陸資,-67,285,480,-195,-1035489
2025-08-01,金融期貨,自營商,15,133,106,27,56713
2025-08-01,金融期貨,投信,0,39,0,39,81916
2025-08-01,金融期貨,外資及陸資,12,167,367,-200,-420080
2025-08-01,股票期貨,自營商,-4570,191136,105248,85888,40584896
2025-08-01,股票期貨,投信,37,1468,199,1269,913054
2025-08-01,股票期貨,外資及陸資,-104,88688,476338,-387650,-119537451
2025-08-01,美國標普500期貨,自營商,6,6,49,-43,-55203
2025-08-01,美國標普500期貨,投信,0,1,0,1,1273
2025-08-01,美國標普500期貨,外資及陸資,-2,293,258,35,45005
2025-08-01,美國那斯達克100期貨,自營商,-33,18,49,-31,-36119
2025-08-01,美國那斯達克100期貨,投信,0,2,0,2,2330
2025-08-01,美國那斯達克100期貨,外資及陸資,-207,965,75,890,1037391
2025-08-01,美國道瓊期貨,自營商,-5,0,49,-49,-43694
2025-08-01,美國道瓊期貨,投信,0,1,0,1,885
2025-08-01,美國道瓊期貨,外資及陸資,-38,395,250,145,128522
2025-08-01,美國費城半導體期貨,自營商,16,97,270,-173,-77484
2025-08-01,美國費城半導體期貨,投信,0,10,0,10,4501
2025-08-01,美國費城半導體期貨,外資及陸資,-71,315,201,114,51003
2025-08-04,臺股期貨,自營商,-235,8404,4001,4403,20486091
2025-08-04,臺股期貨,投信,1037,43629,10906,32723,152305885
2025-08-04,臺股期貨,外資及陸資,451,19178,58258,-39080,-181836480
2025-08-04,電子期貨,自營商,21,70,105,-35,-184738
2025-08-04,電子期貨,投信,-4,170,15,155,817904
2025-08-04,電子期貨,外資及陸資,-71,273,539,-266,-1403629
2025-08-04,金融期貨,自營商,40,178,111,67,142520
2025-08-04,金融期貨,投信,0,39,0,39,82953
2025-08-04,金融期貨,外資及陸資,7,223,416,-193,-410511
2025-08-04,股票期貨,自營商,5213,194791,103690,91101,42315193
2025-08-04,股票期貨,投信,99,1547,179,1368,769978
2025-08-04,股票期貨,外資及陸資,-3753,84868,476271,-391403,-122285623
2025-08-04,美國標普500期貨,自營商,-1,6,50,-44,-55826
2025-08-04,美國標普500期貨,投信,0,1,0,1,1259
2025-08-04,美國標普500期貨,外資及陸資,16,293,242,51,64657
2025-08-04,美國那斯達克100期貨,自營商,-49,15,95,-80,-91964
2025-08-04,美國那斯達克100期貨,投信,0,2,0,2,2299
2025-08-04,美國那斯達克100期貨,外資及陸資,-98,835,43,792,910600
2025-08-04,美國道瓊期貨,自營商,7,2,44,-42,-37121
2025-08-04,美國道瓊期貨,投信,0,1,0,1,878
2025-08-04,美國道瓊期貨,外資及陸資,-71,344,270,74,64942
2025-08-04,美國費城半導體期貨,自營商,8,97,262,-165,-73241
2025-08-04,美國費城半導體期貨,投信,0,10,0,10,4460
2025-08-04,美國費城半導體期貨,外資及陸資,8,325,203,122,54106
2025-08-05,臺股期貨,自營商,-1471,7895,4953,2942,13860591
2025-08-05,臺股期貨,投信,162,43526,10641,32885,155065880
2025-08-05,臺股期貨,外資及陸資,3531,22761,58090,-35329,-166529373
2025-08-05,電子期貨,自營商,-1,63,99,-36,-193376
2025-08-05,電子期貨,投信,-12,158,15,143,767939
2025-08-05,電子期貨,外資及陸資,71,278,473,-195,-1047189
2025-08-05,金融期貨,自營商,2,171,102,69,147489
2025-08-05,金融期貨,投信,0,39,0,39,83359
2025-08-05,金融期貨,外資及陸資,-7,227,427,-200,-427480
2025-08-05,股票期貨,自營商,329,194639,103209,91430,43660911
2025-08-05,股票期貨,投信,85,1632,179,1453,633272
2025-08-05,股票期貨,外資及陸資,-2066,84671,478140,-393469,-124969642
2025-08-05,美國標普500期貨,自營商,0,6,50,-44,-56475
2025-08-05,美國標普500期貨,投信,0,1,0,1,1273
2025-08-05,美國標普500期貨,外資及陸資,13,293,229,64,81964
2025-08-05,美國那斯達克100期貨,自營商,10,15,85,-70,-81774
2025-08-05,美國那斯達克100期貨,投信,0,2,0,2,2336
2025-08-05,美國那斯達克100期貨,外資及陸資,260,1105,53,1052,1229244
2025-08-05,美國道瓊期貨,自營商,0,2,44,-42,-37577
2025-08-05,美國道瓊期貨,投信,0,1,0,1,888
2025-08-05,美國道瓊期貨,外資及陸資,75,337,188,149,132277
2025-08-05,美國費城半導體期貨,自營商,-8,97,270,-173,-78108
2025-08-05,美國費城半導體期貨,投信,0,10,0,10,4536
2025-08-05,美國費城半導體期貨,外資及陸資,10,325,193,132,59533
2025-08-06,臺股期貨,自營商,1099,8112,4094,4018,18812462
2025-08-06,臺股期貨,投信,-1244,42405,10764,31641,148187419
2025-08-06,臺股期貨,外資及陸資,-930,20044,56424,-36380,-170331294
2025-08-06,電子期貨,自營商,-6,53,105,-52,-275964
2025-08-06,電子期貨,投信,-4,154,15,139,737423
2025-08-06,電子期貨,外資及陸資,-12,269,476,-207,-1098176
2025-08-06,金融期貨,自營商,-7,174,75,99,213151
2025-08-06,金融期貨,投信,0,39,0,39,83967
2025-08-06,金融期貨,外資及陸資,60,243,383,-140,-301420
2025-08-06,股票期貨,自營商,-4602,194710,107882,86828,42183833
2025-08-06,股票期貨,投信,96,1728,179,1549,882942
2025-08-06,股票期貨,外資及陸資,-587,86733,480789,-394056,-124927444
2025-08-06,美國標普500期貨,自營商,0,6,50,-44,-56219
2025-08-06,美國標普500期貨,投信,0,1,0,1,1268
2025-08-06,美國標普500期貨,外資及陸資,-6,293,235,58,73986
2025-08-06,美國那斯達克100期貨,自營商,-21,14,105,-91,-105510
2025-08-06,美國那斯達克100期貨,投信,0,2,0,2,2319
2025-08-06,美國那斯達克100期貨,外資及陸資,-162,972,82,890,1032256
2025-08-06,美國道瓊期貨,自營商,0,2,44,-42,-37603
2025-08-06,美國道瓊期貨,投信,0,1,0,1,889
2025-08-06,美國道瓊期貨,外資及陸資,-6,328,185,143,127039
2025-08-06,美國費城半導體期貨,自營商,4,101,270,-169,-75171
2025-08-06,美國費城半導體期貨,投信,0,10,0,10,4470
2025-08-06,美國費城半導體期貨,外資及陸資,6,324,186,138,61353
2025-08-07,臺股期貨,自營商,-1779,7451,5274,2177,10430560
2025-08-07,臺股期貨,投信,539,42441,10261,32180,154444640
2025-08-07,臺股期貨,外資及陸資,1459,24437,59226,-34789,-166894459
2025-08-07,電子期貨,自營商,-9,32,93,-61,-334941
2025-08-07,電子期貨,投信,-2,152,15,137,751911
2025-08-07,電子期貨,外資及陸資,84,319,442,-123,-675073
2025-08-07,金融期貨,自營商,-21,161,83,78,167715
2025-08-07,金融期貨,投信,3,42,0,42,90308
2025-08-07,金融期貨,外資及陸資,-26,201,367,-166,-356933
2025-08-07,股票期貨,自營商,-2111,194526,109809,84717,41463222
2025-08-07,股票期貨,投信,620,2368,199,2169,1765653
2025-08-07,股票期貨,外資及陸資,-6403,86444,486903,-400459,-129281294
2025-08-07,美國標普500期貨,自營商,-13,6,63,-57,-73370
2025-08-07,美國標普500期貨,投信,0,1,0,1,1279
2025-08-07,美國標普500期貨,外資及陸資,18,293,217,76,97686
2025-08-07,美國那斯達克100期貨,自營商,25,13,79,-66,-77471
2025-08-07,美國那斯達克100期貨,投信,0,2,0,2,2348
2025-08-07,美國那斯達克100期貨,外資及陸資,117,1080,73,1007,1182427
2025-08-07,美國道瓊期貨,自營商,0,2,44,-42,-37539
2025-08-07,美國道瓊期貨,投信,0,1,0,1,886
2025-08-07,美國道瓊期貨,外資及陸資,-35,325,217,108,95780
2025-08-07,美國費城半導體期貨,自營商,2,115,282,-167,-75119
2025-08-07,美國費城半導體期貨,投信,0,10,0,10,4515
2025-08-07,美國費城半導體期貨,外資及陸資,-31,315,208,107,48118
2025-08-08,臺股期貨,自營商,1017,7496,4321,3175,15198453
2025-08-08,臺股期貨,投信,-614,41816,10250,31566,151220033
2025-08-08,臺股期貨,外資及陸資,-2812,21099,58689,-37590,-180011941
2025-08-08,電子期貨,自營商,12,41,90,-49,-268428
2025-08-08,電子期貨,投信,0,152,15,137,750294
2025-08-08,電子期貨,外資及陸資,-13,328,464,-136,-744817
2025-08-08,金融期貨,自營商,18,168,72,96,205959
2025-08-08,金融期貨,投信,0,42,0,42,90107
2025-08-08,金融期貨,外資及陸資,-29,186,381,-195,-418353
2025-08-08,股票期貨,自營商,-4216,193083,112582,80501,40684230
2025-08-08,股票期貨,投信,147,2490,174,2316,1879024
2025-08-08,股票期貨,外資及陸資,-4234,85272,489965,-404693,-131632643
2025-08-08,美國標普500期貨,自營商,18,6,45,-39,-50277
2025-08-08,美國標普500期貨,投信,0,1,0,1,1277
2025-08-08,美國標普500期貨,外資及陸資,-22,292,238,54,69461
2025-08-08,美國那斯達克100期貨,自營商,36,15,45,-30,-35315
2025-08-08,美國那斯達克100期貨,投信,0,2,0,2,2354
2025-08-08,美國那斯達克100期貨,外資及陸資,-103,979,75,904,1064606
2025-08-08,美國道瓊期貨,自營商,-1,1,44,-43,-38290
2025-08-08,美國道瓊期貨,投信,0,1,0,1,883
2025-08-08,美國道瓊期貨,外資及陸資,-52,326,270,56,49492
2025-08-08,美國費城半導體期貨,自營商,12,117,272,-155,-69808
2025-08-08,美國費城半導體期貨,投信,0,10,0,10,4526
2025-08-08,美國費城半導體期貨,外資及陸資,3,315,205,110,49533
2025-08-11,臺股期貨,自營商,2,7688,4525,3163,15269170
2025-08-11,臺股期貨,投信,-1420,40172,10026,30146,145593079
2025-08-11,臺股期貨,外資及陸資,1892,21672,57247,-35575,-171753943
2025-08-11,電子期貨,自營商,7,59,101,-42,-232249
2025-08-11,電子期貨,投信,4,156,15,141,779335
2025-08-11,電子期貨,外資及陸資,-22,292,450,-158,-873298
2025-08-11,金融期貨,自營商,-3,162,69,93,200583
2025-08-11,金融期貨,投信,0,42,0,42,90586
2025-08-11,金融期貨,外資及陸資,13,198,380,-182,-392538
2025-08-11,股票期貨,自營商,-11525,188756,119780,68976,38088999
2025-08-11,股票期貨,投信,53,2553,184,2369,2058027
2025-08-11,股票期貨,外資及陸資,1554,87707,490846,-403139,-132899669
2025-08-11,美國標普500期貨,自營商,-3,6,48,-42,-54460
2025-08-11,美國標普500期貨,投信,0,1,0,1,1285
2025-08-11,美國標普500期貨,外資及陸資,6,291,231,60,77625
2025-08-11,美國那斯達克100期貨,自營商,40,17,7,10,11869
2025-08-11,美國那斯達克100期貨,投信,0,2,0,2,2374
2025-08-11,美國那斯達克100期貨,外資及陸資,112,1083,67,1016,1206448
2025-08-11,美國道瓊期貨,自營商,0,1,44,-43,-38466
2025-08-11,美國道瓊期貨,投信,0,1,0,1,888
2025-08-11,美國道瓊期貨,外資及陸資,11,325,258,67,59531
2025-08-11,美國費城半導體期貨,自營商,0,110,265,-155,-70386
2025-08-11,美國費城半導體期貨,投信,0,10,0,10,4563
2025-08-11,美國費城半導體期貨,外資及陸資,-4,297,191,106,48088
2025-08-12,臺股期貨,自營商,590,7613,3862,3751,18111708
2025-08-12,臺股期貨,投信,-274,39651,9779,29872,144233921
2025-08-12,臺股期貨,外資及陸資,273,21633,56935,-35302,-170395446
2025-08-12,電子期貨,自營商,7,57,93,-36,-198601
2025-08-12,電子期貨,投信,-13,143,15,128,705869
2025-08-12,電子期貨,外資及陸資,-7,278,443,-165,-909909
2025-08-12,金融期貨,自營商,0,167,74,93,201014
2025-08-12,金融期貨,投信,0,42,0,42,90779
2025-08-12,金融期貨,外資及陸資,15,218,385,-167,-360968
2025-08-12,股票期貨,自營商,-4281,185459,120764,64695,36185888
2025-08-12,股票期貨,投信,1087,3637,181,3456,2873700
2025-08-12,股票期貨,外資及陸資,4205,90409,489343,-398934,-132674270
2025-08-12,美國標普500期貨,自營商,-3,6,51,-45,-58141
2025-08-12,美國標普500期貨,投信,0,1,0,1,1281
2025-08-12,美國標普500期貨,外資及陸資,0,291,231,60,77436
2025-08-12,美國那斯達克100期貨,自營商,-5,14,9,5,5902
2025-08-12,美國那斯達克100期貨,投信,0,2,0,2,2361
2025-08-12,美國那斯達克100期貨,外資及陸資,-135,970,89,881,1040285
2025-08-12,美國道瓊期貨,自營商,0,1,44,-43,-38253
2025-08-12,美國道瓊期貨,投信,0,1,0,1,883
2025-08-12,美國道瓊期貨,外資及陸資,-16,312,261,51,45064
2025-08-12,美國費城半導體期貨,自營商,-2,102,259,-157,-71030
2025-08-12,美國費城半導體期貨,投信,0,10,0,10,4552
2025-08-12,美國費城半導體期貨,外資及陸資,10,323,207,116,52423
2025-08-13,臺股期貨,自營商,-613,7490,4322,3168,15421711
2025-08-13,臺股期貨,投信,-538,38802,9468,29334,142815471
2025-08-13,臺股期貨,外資及陸資,1554,22724,56294,-33570,-163385338
2025-08-13,電子期貨,自營商,-1,60,104,-44,-245674
2025-08-13,電子期貨,投信,28,156,0,156,870480
2025-08-13,電子期貨,外資及陸資,-24,274,463,-189,-1054620
2025-08-13,金融期貨,自營商,36,181,51,130,282830
2025-08-13,金融期貨,投信,0,42,0,42,91375
2025-08-13,金融期貨,外資及陸資,-20,224,411,-187,-406852
2025-08-13,股票期貨,自營商,1306,186418,120417,66001,35533263
2025-08-13,股票期貨,投信,1604,5238,178,5060,4525467
2025-08-13,股票期貨,外資及陸資,2904,91285,487315,-396030,-133050471
2025-08-13,美國標普500期貨,自營商,6,6,45,-39,-50971
2025-08-13,美國標普500期貨,投信,0,1,0,1,1294
2025-08-13,美國標普500期貨,外資及陸資,-5,291,236,55,71781
2025-08-13,美國那斯達克100期貨,自營商,3,24,16,8,9582
2025-08-13,美國那斯達克100期貨,投信,0,2,0,2,2396
2025-08-13,美國那斯達克100期貨,外資及陸資,308,1259,70,1189,1424609
2025-08-13,美國道瓊期貨,自營商,1,2,44,-42,-37728
2025-08-13,美國道瓊期貨,投信,0,1,0,1,892
2025-08-13,美國道瓊期貨,外資及陸資,79,307,177,130,116017
2025-08-13,美國費城半導體期貨,自營商,-39,90,286,-196,-91648
2025-08-13,美國費城半導體期貨,投信,0,10,0,10,4692
2025-08-13,美國費城半導體期貨,外資及陸資,88,396,192,204,95441
2025-08-14,臺股期貨,自營商,945,7748,3612,4136,20062668
2025-08-14,臺股期貨,投信,-706,38098,9470,28628,138855186
2025-08-14,臺股期貨,外資及陸資,-679,21900,56279,-34379,-166702723
2025-08-14,電子期貨,自營商,25,61,79,-18,-99601
2025-08-14,電子期貨,投信,-6,150,0,150,828900
2025-08-14,電子期貨,外資及陸資,-44,274,507,-233,-1287573
2025-08-14,金融期貨,自營商,-23,174,67,107,235743
2025-08-14,金融期貨,投信,0,42,0,42,92534
2025-08-14,金融期貨,外資及陸資,72,256,371,-115,-253368
2025-08-14,股票期貨,自營商,-9313,182163,123820,58343,32732431
2025-08-14,股票期貨,投信,-26,5238,204,5034,4544754
2025-08-14,股票期貨,外資及陸資,3628,92539,484236,-391697,-132465667
2025-08-14,美國標普500期貨,自營商,-11,6,56,-50,-65373
2025-08-14,美國標普500期貨,投信,0,1,0,1,1297
2025-08-14,美國標普500期貨,外資及陸資,9,291,227,64,83642
2025-08-14,美國那斯達克100期貨,自營商,1,25,16,9,10762
2025-08-14,美國那斯達克100期貨,投信,0,2,0,2,2392
2025-08-14,美國那斯達克100期貨,外資及陸資,-64,1197,72,1125,1345757
2025-08-14,美國道瓊期貨,自營商,-1,1,44,-43,-39030
2025-08-14,美國道瓊期貨,投信,0,1,0,1,900
2025-08-14,美國道瓊期貨,外資及陸資,63,310,117,193,174069
2025-08-14,美國費城半導體期貨,自營商,-11,92,299,-207,-96957
2025-08-14,美國費城半導體期貨,投信,0,10,0,10,4704
2025-08-14,美國費城半導體期貨,外資及陸資,13,412,195,217,101729
2025-08-15,臺股期貨,自營商,206,7991,3638,4353,21164269
2025-08-15,臺股期貨,投信,-2990,34690,9052,25638,124565859
2025-08-15,臺股期貨,外資及陸資,145,20968,55175,-34207,-166190637
2025-08-15,電子期貨,自營商,5,58,70,-12,-66515
2025-08-15,電子期貨,投信,0,150,0,150,831292
2025-08-15,電子期貨,外資及陸資,-9,284,526,-242,-1341150
2025-08-15,金融期貨,自營商,-7,165,65,100,219303
2025-08-15,金融期貨,投信,0,42,0,42,92102
2025-08-15,金融期貨,外資及陸資,-8,235,358,-123,-269766
2025-08-15,股票期貨,自營商,-11418,180267,133342,46925,29306102
2025-08-15,股票期貨,投信,554,5792,204,5588,5260532
2025-08-15,股票期貨,外資及陸資,4563,90989,478123,-387134,-131422747
2025-08-15,美國標普500期貨,自營商,0,6,56,-50,-65545
2025-08-15,美國標普500期貨,投信,0,1,0,1,1301
2025-08-15,美國標普500期貨,外資及陸資,1,280,215,65,85163
2025-08-15,美國那斯達克100期貨,自營商,-14,16,21,-5,-5985
2025-08-15,美國那斯達克100期貨,投信,0,2,0,2,2394
2025-08-15,美國那斯達克100期貨,外資及陸資,-145,1054,74,980,1173408
2025-08-15,美國道瓊期貨,自營商,17,18,44,-26,-23867
2025-08-15,美國道瓊期貨,投信,0,1,0,1,907
2025-08-15,美國道瓊期貨,外資及陸資,44,320,83,237,215283
2025-08-15,美國費城半導體期貨,自營商,-40,88,335,-247,-115250
2025-08-15,美國費城半導體期貨,投信,0,10,0,10,4681
2025-08-15,美國費城半導體期貨,外資及陸資,11,450,222,228,106377
2025-08-18,臺股期貨,自營商,-833,7404,4007,3397,16605800
2025-08-18,臺股期貨,投信,-18,34564,8944,25620,125072997
2025-08-18,臺股期貨,外資及陸資,4421,26199,55825,-29626,-144631884
2025-08-18,電子期貨,自營商,-28,41,82,-41,-228577
2025-08-18,電子期貨,投信,-2,148,0,148,825088
2025-08-18,電子期貨,外資及陸資,44,318,516,-198,-1103844
2025-08-18,金融期貨,自營商,8,172,64,108,236900
2025-08-18,金融期貨,投信,0,42,0,42,92124
2025-08-18,金融期貨,外資及陸資,-41,217,381,-164,-359683
2025-08-18,股票期貨,自營商,-7514,178493,139082,39411,27411126
2025-08-18,股票期貨,投信,-358,5442,212,5230,4861843
2025-08-18,股票期貨,外資及陸資,-3988,92873,483995,-391122,-132773400
2025-08-18,美國標普500期貨,自營商,2,6,54,-48,-62721
2025-08-18,美國標普500期貨,投信,0,1,0,1,1296
2025-08-18,美國標普500期貨,外資及陸資,-7,280,222,58,75835
2025-08-18,美國那斯達克100期貨,自營商,-4,15,24,-9,-10736
2025-08-18,美國那斯達克100期貨,投信,0,2,0,2,2386
2025-08-18,美國那斯達克100期貨,外資及陸資,-116,951,87,864,1030992
2025-08-18,美國道瓊期貨,自營商,0,18,44,-26,-23772
2025-08-18,美國道瓊期貨,投信,0,1,0,1,902
2025-08-18,美國道瓊期貨,外資及陸資,-100,298,161,137,123640
2025-08-18,美國費城半導體期貨,自營商,-4,104,355,-251,-116009
2025-08-18,美國費城半導體期貨,投信,0,10,0,10,4634
2025-08-18,美國費城半導體期貨,外資及陸資,14,448,206,242,111847
2025-08-19,臺股期貨,自營商,868,8365,4034,4331,21056957
2025-08-19,臺股期貨,投信,-444,34198,9022,25176,122291342
2025-08-19,臺股期貨,外資及陸資,-2794,27019,59652,-32633,-158533778
2025-08-19,電子期貨,自營商,32,106,112,-6,-34113
2025-08-19,電子期貨,投信,-38,110,0,110,611399
2025-08-19,電子期貨,外資及陸資,-20,320,538,-218,-1209550
2025-08-19,金融期貨,自營商,0,189,81,108,236172
2025-08-19,金融期貨,投信,0,42,0,42,91815
2025-08-19,金融期貨,外資及陸資,-21,203,388,-185,-404402
2025-08-19,股票期貨,自營商,3730,178775,135634,43141,27316211
2025-08-19,股票期貨,投信,-5,5442,217,5225,4689076
2025-08-19,股票期貨,外資及陸資,773,97226,487575,-390349,-129962616
2025-08-19,美國標普500期貨,自營商,0,6,54,-48,-62553
2025-08-19,美國標普500期貨,投信,0,1,0,1,1293
2025-08-19,美國標普500期貨,外資及陸資,-2,280,224,56,73047
2025-08-19,美國那斯達克100期貨,自營商,-34,15,58,-43,-51062
2025-08-19,美國那斯達克100期貨,投信,0,2,0,2,2375
2025-08-19,美國那斯達克100期貨,外資及陸資,-7,941,84,857,1017945
2025-08-19,美國道瓊期貨,自營商,-1,17,44,-27,-24568
2025-08-19,美國道瓊期貨,投信,0,1,0,1,899
2025-08-19,美國道瓊期貨,外資及陸資,-7,311,181,130,116876
2025-08-19,美國費城半導體期貨,自營商,-2,112,365,-253,-116553
2025-08-19,美國費城半導體期貨,投信,0,10,0,10,4619
2025-08-19,美國費城半導體期貨,外資及陸資,5,435,188,247,113782
2025-08-20,臺股期貨,自營商,2082,9367,3268,6099,28868390
2025-08-20,臺股期貨,投信,-1426,33256,9506,23750,112389750
2025-08-20,臺股期貨,外資及陸資,-4201,17105,52248,-35143,-166300991
2025-08-20,電子期貨,自營商,65,0,109,-109,-586049
2025-08-20,電子期貨,投信,-5,105,0,105,564543
2025-08-20,電子期貨,外資及陸資,-101,247,245,2,10753
2025-08-20,金融期貨,自營商,48,143,44,99,214473
2025-08-20,金融期貨,投信,0,42,0,42,90989
2025-08-20,金融期貨,外資及陸資,-42,169,318,-149,-322793
2025-08-20,股票期貨,自營商,9400,125236,84744,40492,22784127
2025-08-20,股票期貨,投信,-1711,1558,217,1341,676696
2025-08-20,股票期貨,外資及陸資,6309,51083,374559,-323476,-108130918
2025-08-20,美國標普500期貨,自營商,0,6,54,-48,-62056
2025-08-20,美國標普500期貨,投信,0,1,0,1,1282
2025-08-20,美國標普500期貨,外資及陸資,1,264,207,57,73749
2025-08-20,美國那斯達克100期貨,自營商,-64,21,128,-107,-124960
2025-08-20,美國那斯達克100期貨,投信,0,2,0,2,2336
2025-08-20,美國那斯達克100期貨,外資及陸資,-94,805,42,763,891840
2025-08-20,美國道瓊期貨,自營商,3,20,44,-24,-21870
2025-08-20,美國道瓊期貨,投信,0,1,0,1,898
2025-08-20,美國道瓊期貨,外資及陸資,80,287,77,210,188584
2025-08-20,美國費城半導體期貨,自營商,-5,96,354,-258,-115873
2025-08-20,美國費城半導體期貨,投信,0,10,0,10,4502
2025-08-20,美國費城半導體期貨,外資及陸資,6,428,175,253,113625
2025-08-21,臺股期貨,自營商,-1106,8640,3756,4884,23306289
2025-08-21,臺股期貨,投信,-139,32923,9312,23611,112633914
2025-08-21,臺股期貨,外資及陸資,4609,19173,49560,-30387,-144952320
2025-08-21,電子期貨,自營商,9,24,123,-99,-535907
2025-08-21,電子期貨,投信,0,105,0,105,568386
2025-08-21,電子期貨,外資及陸資,-77,239,314,-75,-405990
2025-08-21,金融期貨,自營商,5,152,48,104,226220
2025-08-21,金融期貨,投信,0,42,0,42,91358
2025-08-21,金融期貨,外資及陸資,1,175,323,-148,-321930
2025-08-21,股票期貨,自營商,-12041,125132,96681,28451,20948045
2025-08-21,股票期貨,投信,552,2110,217,1893,983283
2025-08-21,股票期貨,外資及陸資,-2035,58498,384009,-325511,-110527758
2025-08-21,美國標普500期貨,自營商,0,6,54,-48,-62107
2025-08-21,美國標普500期貨,投信,0,1,0,1,1283
2025-08-21,美國標普500期貨,外資及陸資,9,269,203,66,85359
2025-08-21,美國那斯達克100期貨,自營商,33,21,95,-74,-86277
2025-08-21,美國那斯達克100期貨,投信,0,2,0,2,2332
2025-08-21,美國那斯達克100期貨,外資及陸資,-290,669,196,473,551727
2025-08-21,美國道瓊期貨,自營商,-3,17,44,-27,-24602
2025-08-21,美國道瓊期貨,投信,0,1,0,1,899
2025-08-21,美國道瓊期貨,外資及陸資,28,285,47,238,214229
2025-08-21,美國費城半導體期貨,自營商,-7,110,375,-265,-119542
2025-08-21,美國費城半導體期貨,投信,0,10,0,10,4521
2025-08-21,美國費城半導體期貨,外資及陸資,2,440,185,255,114982
2025-08-22,臺股期貨,自營商,-1309,7778,4274,3504,16650508
2025-08-22,臺股期貨,投信,-406,32582,9377,23205,110223764
2025-08-22,臺股期貨,外資及陸資,3637,21716,48451,-26735,-126986701
2025-08-22,電子期貨,自營商,10,39,128,-89,-478874
2025-08-22,電子期貨,投信,0,105,0,105,564963
2025-08-22,電子期貨,外資及陸資,-25,203,303,-100,-538060
2025-08-22,金融期貨,自營商,22,179,53,126,273017
2025-08-22,金融期貨,投信,0,42,0,42,91006
2025-08-22,金融期貨,外資及陸資,-44,141,333,-192,-416025
2025-08-22,股票期貨,自營商,816,126489,97222,29267,20419184
2025-08-22,股票期貨,投信,424,2534,217,2317,1364129
2025-08-22,股票期貨,外資及陸資,-3804,59200,388515,-329315,-110041360
2025-08-22,美國標普500期貨,自營商,0,6,54,-48,-61865
2025-08-22,美國標普500期貨,投信,0,1,0,1,1278
2025-08-22,美國標普500期貨,外資及陸資,-5,255,194,61,78786
2025-08-22,美國那斯達克100期貨,自營商,-29,14,117,-103,-119460
2025-08-22,美國那斯達克100期貨,投信,0,2,0,2,2320
2025-08-22,美國那斯達克100期貨,外資及陸資,-87,686,300,386,447875
2025-08-22,美國道瓊期貨,自營商,0,17,44,-27,-24559
2025-08-22,美國道瓊期貨,投信,0,1,0,1,897
2025-08-22,美國道瓊期貨,外資及陸資,-17,273,52,221,198339
2025-08-22,美國費城半導體期貨,自營商,2,113,376,-263,-117741
2025-08-22,美國費城半導體期貨,投信,0,10,0,10,4486
2025-08-22,美國費城半導體期貨,外資及陸資,-17,416,178,238,106507
2025-08-25,臺股期貨,自營商,285,7815,4026,3789,18388787
2025-08-25,臺股期貨,投信,306,32658,9147,23511,114051891
2025-08-25,臺股期貨,外資及陸資,-556,21711,47320,-25609,-124223936
2025-08-25,電子期貨,自營商,-15,19,123,-104,-574288
2025-08-25,電子期貨,投信,-7,104,6,98,541156
2025-08-25,電子期貨,外資及陸資,38,232,294,-62,-342364
2025-08-25,金融期貨,自營商,-7,162,43,119,258349
2025-08-25,金融期貨,投信,0,42,0,42,91182
2025-08-25,金融期貨,外資及陸資,-30,128,350,-222,-481962
2025-08-25,股票期貨,自營商,-8026,126235,105133,21102,18692888
2025-08-25,股票期貨,投信,388,2922,217,2705,1726795
2025-08-25,股票期貨,外資及陸資,-5117,62037,397467,-335430,-114667906
2025-08-25,美國標普500期貨,自營商,0,6,54,-48,-62667
2025-08-25,美國標普500期貨,投信,0,1,0,1,1295
2025-08-25,美國標普500期貨,外資及陸資,6,246,179,67,87583
2025-08-25,美國那斯達克100期貨,自營商,29,12,86,-74,-87175
2025-08-25,美國那斯達克100期貨,投信,0,2,0,2,2356
2025-08-25,美國那斯達克100期貨,外資及陸資,161,720,173,547,644799
2025-08-25,美國道瓊期貨,自營商,-12,5,44,-39,-35954
2025-08-25,美國道瓊期貨,投信,0,1,0,1,914
2025-08-25,美國道瓊期貨,外資及陸資,180,431,30,401,366815
2025-08-25,美國費城半導體期貨,自營商,3,117,377,-260,-120010
2025-08-25,美國費城半導體期貨,投信,0,10,0,10,4624
2025-08-25,美國費城半導體期貨,外資及陸資,22,421,161,260,120026
2025-08-26,臺股期貨,自營商,966,8257,3503,4754,23068858
2025-08-26,臺股期貨,投信,-365,32292,9146,23146,112281256
2025-08-26,臺股期貨,外資及陸資,-1423,20592,47724,-27132,-131611432
2025-08-26,電子期貨,自營商,15,32,121,-89,-493559
2025-08-26,電子期貨,投信,-9,104,15,89,493558
2025-08-26,電子期貨,外資及陸資,-34,202,298,-96,-532378
2025-08-26,金融期貨,自營商,-11,165,57,108,231725
2025-08-26,金融期貨,投信,0,42,0,42,90115
2025-08-26,金融期貨,外資及陸資,-39,103,364,-261,-560001
2025-08-26,股票期貨,自營商,-11669,126014,116581,9433,15736678
2025-08-26,股票期貨,投信,674,3597,218,3379,2333635
2025-08-26,股票期貨,外資及陸資,-1384,64189,401003,-336814,-114478292
2025-08-26,美國標普500期貨,自營商,2,6,52,-46,-59836
2025-08-26,美國標普500期貨,投信,0,1,0,1,1290
2025-08-26,美國標普500期貨,外資及陸資,-2,248,183,65,84682
2025-08-26,美國那斯達克100期貨,自營商,-28,12,114,-102,-119743
2025-08-26,美國那斯達克100期貨,投信,0,2,0,2,2348
2025-08-26,美國那斯達克100期貨,外資及陸資,28,722,147,575,675548
2025-08-26,美國道瓊期貨,自營商,2,7,44,-37,-33838
2025-08-26,美國道瓊期貨,投信,0,1,0,1,907
2025-08-26,美國道瓊期貨,外資及陸資,-218,314,131,183,166084
2025-08-26,美國費城半導體期貨,自營商,-44,111,415,-304,-139758
2025-08-26,美國費城半導體期貨,投信,0,10,0,10,4606
2025-08-26,美國費城半導體期貨,外資及陸資,21,452,171,281,129165
2025-08-27,臺股期貨,自營商,-1693,7365,4259,3106,15205152
2025-08-27,臺股期貨,投信,16,32122,8960,23162,113327048
2025-08-27,臺股期貨,外資及陸資,2196,22813,47584,-24771,-121194056
2025-08-27,電子期貨,自營商,-10,30,129,-99,-556043
2025-08-27,電子期貨,投信,0,104,15,89,499877
2025-08-27,電子期貨,外資及陸資,34,259,321,-62,-348230
2025-08-27,金融期貨,自營商,-22,137,86,51,109170
2025-08-27,金融期貨,投信,0,42,0,42,89905
2025-08-27,金融期貨,外資及陸資,7,108,362,-254,-543712
2025-08-27,股票期貨,自營商,-16147,125358,132072,-6714,10958900
2025-08-27,股票期貨,投信,1795,5400,226,5174,3545858
2025-08-27,股票期貨,外資及陸資,6526,68474,398762,-330288,-114385470
2025-08-27,美國標普500期貨,自營商,0,6,52,-46,-60130
2025-08-27,美國標普500期貨,投信,0,1,0,1,1297
2025-08-27,美國標普500期貨,外資及陸資,-4,248,187,61,79904
2025-08-27,美國那斯達克100期貨,自營商,18,12,96,-84,-99204
2025-08-27,美國那斯達克100期貨,投信,0,2,0,2,2362
2025-08-27,美國那斯達克100期貨,外資及陸資,-388,707,520,187,221686
2025-08-27,美國道瓊期貨,自營商,6,13,44,-31,-28536
2025-08-27,美國道瓊期貨,投信,0,1,0,1,910
2025-08-27,美國道瓊期貨,外資及陸資,-24,315,156,159,144719
2025-08-27,美國費城半導體期貨,自營商,1,108,411,-303,-140821
2025-08-27,美國費城半導體期貨,投信,0,10,0,10,4656
2025-08-27,美國費城半導體期貨,外資及陸資,23,449,145,304,141270
2025-08-28,臺股期貨,自營商,1928,8505,3471,5034,24393859
2025-08-28,臺股期貨,投信,-446,31805,9089,22716,110054469
2025-08-28,臺股期貨,外資及陸資,-1217,21168,47255,-26087,-126381566
2025-08-28,電子期貨,自營商,15,31,115,-84,-465595
2025-08-28,電子期貨,投信,1,105,15,90,498852
2025-08-28,電子期貨,外資及陸資,-47,229,338,-109,-604165
2025-08-28,金融期貨,自營商,-8,140,97,43,91865
2025-08-28,金融期貨,投信,0,42,0,42,89729
2025-08-28,金融期貨,外資及陸資,-3,107,364,-257,-549055
2025-08-28,股票期貨,自營商,-2517,127854,137085,-9231,9295960
2025-08-28,股票期貨,投信,264,5686,248,5438,3718486
2025-08-28,股票期貨,外資及陸資,-6088,69607,405983,-336376,-115907891
2025-08-28,美國標普500期貨,自營商,0,6,52,-46,-60213
2025-08-28,美國標普500期貨,投信,0,1,0,1,1299
2025-08-28,美國標普500期貨,外資及陸資,2,248,185,63,82611
2025-08-28,美國那斯達克100期貨,自營商,32,12,64,-52,-61256
2025-08-28,美國那斯達克100期貨,投信,0,2,0,2,2356
2025-08-28,美國那斯達克100期貨,外資及陸資,-14,528,355,173,204789
2025-08-28,美國道瓊期貨,自營商,5,18,44,-26,-24100
2025-08-28,美國道瓊期貨,投信,0,1,0,1,914
2025-08-28,美國道瓊期貨,外資及陸資,89,338,90,248,226663
2025-08-28,美國費城半導體期貨,自營商,-36,81,420,-339,-156628
2025-08-28,美國費城半導體期貨,投信,0,10,0,10,4628
2025-08-28,美國費城半導體期貨,外資及陸資,40,441,97,344,158920
2025-08-29,臺股期貨,自營商,-985,7742,3695,4047,19649371
2025-08-29,臺股期貨,投信,240,32047,9091,22956,111419257
2025-08-29,臺股期貨,外資及陸資,-288,21342,47651,-26309,-127688356
2025-08-29,電子期貨,自營商,41,72,115,-43,-239123
2025-08-29,電子期貨,投信,0,105,15,90,500490
2025-08-29,電子期貨,外資及陸資,-28,208,345,-137,-761857
2025-08-29,金融期貨,自營商,29,165,93,72,152842
2025-08-29,金融期貨,投信,0,42,0,42,89158
2025-08-29,金融期貨,外資及陸資,-46,78,381,-303,-643209
2025-08-29,股票期貨,自營商,-1707,129768,140706,-10938,7868930
2025-08-29,股票期貨,投信,0,5686,248,5438,3788005
2025-08-29,股票期貨,外資及陸資,-8758,72342,417476,-345134,-118370016
2025-08-29,美國標普500期貨,自營商,-2,6,54,-48,-63018
2025-08-29,美國標普500期貨,投信,0,1,0,1,1302
2025-08-29,美國標普500期貨,外資及陸資,3,250,184,66,86825
2025-08-29,美國那斯達克100期貨,自營商,13,12,51,-39,-46254
2025-08-29,美國那斯達克100期貨,投信,0,2,0,2,2372
2025-08-29,美國那斯達克100期貨,外資及陸資,123,514,218,296,352102
2025-08-29,美國道瓊期貨,自營商,-2,16,44,-28,-25859
2025-08-29,美國道瓊期貨,投信,0,1,0,1,913
2025-08-29,美國道瓊期貨,外資及陸資,-34,305,91,214,195376
2025-08-29,美國費城半導體期貨,自營商,2,71,408,-337,-156752
2025-08-29,美國費城半導體期貨,投信,0,10,0,10,4656
2025-08-29,美國費城半導體期貨,外資及陸資,15,444,85,359,166995
2025-09-01,臺股期貨,自營商,2,8280,4231,4049,19444858
2025-09-01,臺股期貨,投信,-523,31754,9321,22433,107709789
2025-09-01,臺股期貨,外資及陸資,-249,21375,48039,-26664,-128022603
2025-09-01,電子期貨,自營商,36,90,97,-7,-38498
2025-09-01,電子期貨,投信,-5,105,20,85,465783
2025-09-01,電子期貨,外資及陸資,-175,133,445,-312,-1709698
2025-09-01,金融期貨,自營商,3,143,68,75,160170
2025-09-01,金融期貨,投信,0,42,0,42,89695
2025-09-01,金融期貨,外資及陸資,-5,50,358,-308,-657765
2025-09-01,股票期貨,自營商,12953,134735,132720,2015,10793037
2025-09-01,股票期貨,投信,202,5853,213,5640,3762032
2025-09-01,股票期貨,外資及陸資,8743,77771,414162,-336391,-113227232
2025-09-01,美國標普500期貨,自營商,1,6,53,-47,-61376
2025-09-01,美國標普500期貨,投信,0,1,0,1,1294
2025-09-01,美國標普500期貨,外資及陸資,7,251,178,73,95424
2025-09-01,美國那斯達克100期貨,自營商,-47,20,106,-86,-100831
2025-09-01,美國那斯達克100期貨,投信,0,2,0,2,2345
2025-09-01,美國那斯達克100期貨,外資及陸資,-48,550,302,248,291835
2025-09-01,美國道瓊期貨,自營商,-5,11,44,-33,-30402
2025-09-01,美國道瓊期貨,投信,0,1,0,1,912
2025-09-01,美國道瓊期貨,外資及陸資,129,423,80,343,313542
2025-09-01,美國費城半導體期貨,自營商,-8,73,418,-345,-156277
2025-09-01,美國費城半導體期貨,投信,0,10,0,10,4535
2025-09-01,美國費城半導體期貨,外資及陸資,14,425,52,373,169012
2025-09-02,臺股期貨,自營商,-954,7781,4681,3100,14867115
2025-09-02,臺股期貨,投信,-300,31495,9362,22133,106114479
2025-09-02,臺股期貨,外資及陸資,2335,23319,47614,-24295,-116476882
2025-09-02,電子期貨,自營商,1,80,86,-6,-32835
2025-09-02,電子期貨,投信,0,105,20,85,465086
2025-09-02,電子期貨,外資及陸資,17,128,423,-295,-1614122
2025-09-02,金融期貨,自營商,6,132,51,81,174831
2025-09-02,金融期貨,投信,0,42,0,42,90653
2025-09-02,金融期貨,外資及陸資,40,76,344,-268,-578452
2025-09-02,股票期貨,自營商,2962,135616,130639,4977,11203688
2025-09-02,股票期貨,投信,-1019,4834,213,4621,3103945
2025-09-02,股票期貨,外資及陸資,8969,80799,408221,-327422,-110508861
2025-09-02,美國標普500期貨,自營商,0,6,53,-47,-61369
2025-09-02,美國標普500期貨,投信,0,1,0,1,1294
2025-09-02,美國標普500期貨,外資及陸資,2,246,171,75,97934
2025-09-02,美國那斯達克100期貨,自營商,1,12,97,-85,-99496
2025-09-02,美國那斯達克100期貨,投信,0,2,0,2,2341
2025-09-02,美國那斯達克100期貨,外資及陸資,21,540,271,269,316083
2025-09-02,美國道瓊期貨,自營商,-1,10,44,-34,-31305
2025-09-02,美國道瓊期貨,投信,0,1,0,1,912
2025-09-02,美國道瓊期貨,外資及陸資,-5,419,81,338,308903
2025-09-02,美國費城半導體期貨,自營商,-2,76,423,-347,-157408
2025-09-02,美國費城半導體期貨,投信,0,10,0,10,4540
2025-09-02,美國費城半導體期貨,外資及陸資,-12,424,63,361,163764
2025-09-03,臺股期貨,自營商,1200,8365,4229,4136,19853475
2025-09-03,臺股期貨,投信,-252,31182,9301,21881,105015660
2025-09-03,臺股期貨,外資及陸資,-491,23273,48061,-24788,-118966656
2025-09-03,電子期貨,自營商,-4,60,70,-10,-54726
2025-09-03,電子期貨,投信,-1,104,20,84,459614
2025-09-03,電子期貨,外資及陸資,0,148,443,-295,-1614122
2025-09-03,金融期貨,自營商,-1,128,48,80,172512
2025-09-03,金融期貨,投信,0,42,0,42,90569
2025-09-03,金融期貨,外資及陸資,12,92,348,-256,-552038
2025-09-03,股票期貨,自營商,-5290,136300,136613,-313,10215064
2025-09-03,股票期貨,投信,-8,4826,213,4613,3088434
2025-09-03,股票期貨,外資及陸資,1866,82265,407821,-325556,-111125525
2025-09-03,美國標普500期貨,自營商,1,6,52,-46,-59745
2025-09-03,美國標普500期貨,投信,0,1,0,1,1286
2025-09-03,美國標普500期貨,外資及陸資,-1,245,171,74,96122
2025-09-03,美國那斯達克100期貨,自營商,25,13,73,-60,-69951
2025-09-03,美國那斯達克100期貨,投信,0,2,0,2,2332
2025-09-03,美國那斯達克100期貨,外資及陸資,-52,542,325,217,254010
2025-09-03,美國道瓊期貨,自營商,-11,0,45,-45,-41032
2025-09-03,美國道瓊期貨,投信,0,1,0,1,904
2025-09-03,美國道瓊期貨,外資及陸資,-72,407,141,266,241388
2025-09-03,美國費城半導體期貨,自營商,-46,75,468,-393,-175953
2025-09-03,美國費城半導體期貨,投信,0,10,0,10,4476
2025-09-03,美國費城半導體期貨,外資及陸資,20,445,64,381,170503
2025-09-04,臺股期貨,自營商,-163,7661,3787,3874,18698851
2025-09-04,臺股期貨,投信,-210,30919,9248,21671,104584250
2025-09-04,臺股期貨,外資及陸資,1287,23910,47413,-23503,-113424619
2025-09-04,電子期貨,自營商,-8,60,78,-18,-98809
2025-09-04,電子期貨,投信,0,104,20,84,461143
2025-09-04,電子期貨,外資及陸資,47,155,403,-248,-1361470
2025-09-04,金融期貨,自營商,11,142,51,91,197579
2025-09-04,金融期貨,投信,0,42,0,42,91190
2025-09-04,金融期貨,外資及陸資,37,120,339,-219,-475493
2025-09-04,股票期貨,自營商,-3979,134681,138973,-4292,10072444
2025-09-04,股票期貨,投信,833,5689,243,5446,3348146
2025-09-04,股票期貨,外資及陸資,-1539,85682,412777,-327095,-112233433
2025-09-04,美國標普500期貨,自營商,-5,6,57,-51,-66420
2025-09-04,美國標普500期貨,投信,0,1,0,1,1294
2025-09-04,美國標普500期貨,外資及陸資,8,245,163,82,106803
2025-09-04,美國那斯達克100期貨,自營商,-24,12,96,-84,-98557
2025-09-04,美國那斯達克100期貨,投信,0,2,0,2,2347
2025-09-04,美國那斯達克100期貨,外資及陸資,109,637,311,326,383947
2025-09-04,美國道瓊期貨,自營商,2,1,44,-43,-39274
2025-09-04,美國道瓊期貨,投信,0,1,0,1,907
2025-09-04,美國道瓊期貨,外資及陸資,-48,405,187,218,198283
2025-09-04,美國費城半導體期貨,自營商,-22,72,487,-415,-186211
2025-09-04,美國費城半導體期貨,投信,0,10,0,10,4486
2025-09-04,美國費城半導體期貨,外資及陸資,2,444,61,383,171787
2025-09-05,臺股期貨,自營商,-735,7545,4465,3080,15048298
2025-09-05,臺股期貨,投信,148,30968,9149,21819,106581475
2025-09-05,臺股期貨,外資及陸資,2067,25250,46554,-21304,-104062945
2025-09-05,電子期貨,自營商,-17,61,96,-35,-195336
2025-09-05,電子期貨,投信,0,104,20,84,468787
2025-09-05,電子期貨,外資及陸資,56,182,374,-192,-1071513
2025-09-05,金融期貨,自營商,-8,153,70,83,180425
2025-09-05,金融期貨,投信,0,42,0,42,91300
2025-09-05,金融期貨,外資及陸資,1,129,347,-218,-473889
2025-09-05,股票期貨,自營商,-3664,137805,145761,-7956,8793709
2025-09-05,股票期貨,投信,139,5828,243,5585,3618033
2025-09-05,股票期貨,外資及陸資,-7370,85207,419672,-334465,-115921309
2025-09-05,美國標普500期貨,自營商,4,0,47,-47,-61784
2025-09-05,美國標普500期貨,投信,0,1,0,1,1305
2025-09-05,美國標普500期貨,外資及陸資,13,249,154,95,124744
2025-09-05,美國那斯達克100期貨,自營商,51,17,50,-33,-39207
2025-09-05,美國那斯達克100期貨,投信,0,2,0,2,2376
2025-09-05,美國那斯達克100期貨,外資及陸資,43,647,278,369,440276
2025-09-05,美國道瓊期貨,自營商,8,9,44,-35,-32324
2025-09-05,美國道瓊期貨,投信,0,1,0,1,915
2025-09-05,美國道瓊期貨,外資及陸資,70,394,106,288,264173
2025-09-05,美國費城半導體期貨,自營商,18,76,473,-397,-181955
2025-09-05,美國費城半導體期貨,投信,0,10,0,10,4582
2025-09-05,美國費城半導體期貨,外資及陸資,3,442,56,386,176837
2025-09-08,臺股期貨,自營商,-255,7334,4607,2727,13395802
2025-09-08,臺股期貨,投信,226,31105,9060,22045,108267448
2025-09-08,臺股期貨,外資及陸資,-748,25384,47383,-21999,-108036441
2025-09-08,電子期貨,自營商,-2,59,96,-37,-208067
2025-09-08,電子期貨,投信,1,105,20,85,477989
2025-09-08,電子期貨,外資及陸資,25,222,389,-167,-939108
2025-09-08,金融期貨,自營商,-12,140,69,71,153915
2025-09-08,金融期貨,投信,0,42,0,42,91048
2025-09-08,金融期貨,外資及陸資,3,132,347,-215,-466077
2025-09-08,股票期貨,自營商,-361,141055,149372,-8317,8918646
2025-09-08,股票期貨,投信,54,5882,243,5639,3906290
2025-09-08,股票期貨,外資及陸資,-1411,86668,422544,-335876,-117140090
2025-09-08,美國標普500期貨,自營商,0,0,47,-47,-61521
2025-09-08,美國標普500期貨,投信,0,1,0,1,1299
2025-09-08,美國標普500期貨,外資及陸資,-8,252,165,87,113851
2025-09-08,美國那斯達克100期貨,自營商,24,12,21,-9,-10676
2025-09-08,美國那斯達克100期貨,投信,0,2,0,2,2373
2025-09-08,美國那斯達克100期貨,外資及陸資,-48,706,385,321,383025
2025-09-08,美國道瓊期貨,自營商,-1,8,44,-36,-33064
2025-09-08,美國道瓊期貨,投信,0,1,0,1,910
2025-09-08,美國道瓊期貨,外資及陸資,-109,385,206,179,163370
2025-09-08,美國費城半導體期貨,自營商,2,86,481,-395,-182284
2025-09-08,美國費城半導體期貨,投信,0,10,0,10,4616
2025-09-08,美國費城半導體期貨,外資及陸資,16,476,74,402,185474
2025-09-09,臺股期貨,自營商,-642,7472,5534,1938,9614569
2025-09-09,臺股期貨,投信,407,31400,8948,22452,111375467
2025-09-09,臺股期貨,外資及陸資,1515,28521,47313,-18792,-93210166
2025-09-09,電子期貨,自營商,12,69,94,-25,-142323
2025-09-09,電子期貨,投信,8,113,20,93,529430
2025-09-09,電子期貨,外資及陸資,-2,217,386,-169,-962083
2025-09-09,金融期貨,自營商,8,136,57,79,172157
2025-09-09,金融期貨,投信,0,42,0,42,91526
2025-09-09,金融期貨,外資及陸資,1,136,350,-214,-466349
2025-09-09,股票期貨,自營商,7088,144873,146102,-1229,8091501
2025-09-09,股票期貨,投信,38,5914,237,5677,4340206
2025-09-09,股票期貨,外資及陸資,-2644,96624,435144,-338520,-118018400
2025-09-09,美國標普500期貨,自營商,-1,0,48,-48,-62971
2025-09-09,美國標普500期貨,投信,0,1,0,1,1302
2025-09-09,美國標普500期貨,外資及陸資,17,252,148,104,136259
2025-09-09,美國那斯達克100期貨,自營商,1,12,20,-8,-9534
2025-09-09,美國那斯達克100期貨,投信,0,2,0,2,2383
2025-09-09,美國那斯達克100期貨,外資及陸資,-52,720,451,269,323187
2025-09-09,美國道瓊期貨,自營商,-4,2,42,-40,-36760
2025-09-09,美國道瓊期貨,投信,0,1,0,1,912
2025-09-09,美國道瓊期貨,外資及陸資,17,387,191,196,179289
2025-09-09,美國費城半導體期貨,自營商,2,84,477,-393,-183145
2025-09-09,美國費城半導體期貨,投信,0,10,0,10,4658
2025-09-09,美國費城半導體期貨,外資及陸資,-8,457,63,394,183545
2025-09-10,臺股期貨,自營商,-830,6631,5681,950,4782570
2025-09-10,臺股期貨,投信,-69,31191,8808,22383,112702977
2025-09-10,臺股期貨,外資及陸資,791,32440,50253,-17813,-89683561
2025-09-10,電子期貨,自營商,-1,80,98,-18,-104516
2025-09-10,電子期貨,投信,20,113,0,113,656101
2025-09-10,電子期貨,外資及陸資,-9,184,362,-178,-1033503
2025-09-10,金融期貨,自營商,-10,138,61,77,168800
2025-09-10,金融期貨,投信,0,42,0,42,92072
2025-09-10,金融期貨,外資及陸資,9,140,345,-205,-449401
2025-09-10,股票期貨,自營商,-4802,146578,152609,-6031,5517338
2025-09-10,股票期貨,投信,-970,4914,207,4707,3980259
2025-09-10,股票期貨,外資及陸資,-3668,98792,440980,-342188,-120939263
2025-09-10,美國標普500期貨,自營商,-3,0,51,-51,-67193
2025-09-10,美國標普500期貨,投信,0,1,0,1,1308
2025-09-10,美國標普500期貨,外資及陸資,1,274,169,105,138455
2025-09-10,美國那斯達克100期貨,自營商,16,14,6,8,9510
2025-09-10,美國那斯達克100期貨,投信,0,2,0,2,2393
2025-09-10,美國那斯達克100期貨,外資及陸資,-40,680,451,229,277100
2025-09-10,美國道瓊期貨,自營商,0,2,42,-40,-36860
2025-09-10,美國道瓊期貨,投信,0,1,0,1,915
2025-09-10,美國道瓊期貨,外資及陸資,47,390,147,243,222899
2025-09-10,美國費城半導體期貨,自營商,1,77,469,-392,-184258
2025-09-10,美國費城半導體期貨,投信,0,10,0,10,4700
2025-09-10,美國費城半導體期貨,外資及陸資,2,455,59,396,186126
2025-09-11,臺股期貨,自營商,92,6169,5165,1004,5069809
2025-09-11,臺股期貨,投信,-238,30782,8637,22145,111756829
2025-09-11,臺股期貨,外資及陸資,405,35061,51378,-16317,-82341581
2025-09-11,電子期貨,自營商,7,76,87,-11,-64327
2025-09-11,電子期貨,投信,8,121,0,121,707735
2025-09-11,電子期貨,外資及陸資,-41,174,393,-219,-1280931
2025-09-11,金融期貨,自營商,-2,141,66,75,164343
2025-09-11,金融期貨,投信,0,42,0,42,92039
2025-09-11,金融期貨,外資及陸資,-25,121,351,-230,-504022
2025-09-11,股票期貨,自營商,8281,147566,145316,2250,7704709
2025-09-11,股票期貨,投信,399,5310,204,5106,3965515
2025-09-11,股票期貨,外資及陸資,9099,103360,436449,-333089,-118242038
2025-09-11,美國標普500期貨,自營商,-11,0,62,-62,-81615
2025-09-11,美國標普500期貨,投信,0,1,0,1,1308
2025-09-11,美國標普500期貨,外資及陸資,11,288,172,116,153062
2025-09-11,美國那斯達克100期貨,自營商,-86,12,90,-78,-93259
2025-09-11,美國那斯達克100期貨,投信,0,2,0,2,2390
2025-09-11,美國那斯達克100期貨,外資及陸資,55,675,391,284,342594
2025-09-11,美國道瓊期貨,自營商,2,4,42,-38,-34918
2025-09-11,美國道瓊期貨,投信,0,1,0,1,911
2025-09-11,美國道瓊期貨,外資及陸資,-84,286,127,159,145372
2025-09-11,美國費城半導體期貨,自營商,11,87,468,-381,-181021
2025-09-11,美國費城半導體期貨,投信,0,10,0,10,4752
2025-09-11,美國費城半導體期貨,外資及陸資,40,484,48,436,207237
2025-09-12,臺股期貨,自營商,1248,6546,4502,2044,10409986
2025-09-12,臺股期貨,投信,-291,30388,8534,21854,111278251
2025-09-12,臺股期貨,外資及陸資,-2279,33002,51560,-18558,-94485593
2025-09-12,電子期貨,自營商,-36,42,89,-47,-277454
2025-09-12,電子期貨,投信,3,124,0,124,731981
2025-09-12,電子期貨,外資及陸資,26,200,393,-193,-1139279
2025-09-12,金融期貨,自營商,-4,165,94,71,157119
2025-09-12,金融期貨,投信,0,42,0,42,92946
2025-09-12,金融期貨,外資及陸資,-3,107,340,-233,-515643
2025-09-12,股票期貨,自營商,-4108,150142,152000,-1858,7152815
2025-09-12,股票期貨,投信,-37,5293,224,5069,3887910
2025-09-12,股票期貨,外資及陸資,4304,109366,438151,-328785,-118522037
2025-09-12,美國標普500期貨,自營商,-1,0,63,-63,-83583
2025-09-12,美國標普500期貨,投信,0,1,0,1,1319
2025-09-12,美國標普500期貨,外資及陸資,-15,290,189,101,134483
2025-09-12,美國那斯達克100期貨,自營商,-11,12,101,-89,-107050
2025-09-12,美國那斯達克100期貨,投信,0,2,0,2,2403
2025-09-12,美國那斯達克100期貨,外資及陸資,7,627,336,291,351981
2025-09-12,美國道瓊期貨,自營商,-1,3,42,-39,-36283
2025-09-12,美國道瓊期貨,投信,0,1,0,1,923
2025-09-12,美國道瓊期貨,外資及陸資,111,384,114,270,249828
2025-09-12,美國費城半導體期貨,自營商,-8,86,475,-389,-186403
2025-09-12,美國費城半導體期貨,投信,0,10,0,10,4791
2025-09-12,美國費城半導體期貨,外資及陸資,-4,481,49,432,207027
2025-09-15,臺股期貨,自營商,1197,6356,3228,3128,15861583
2025-09-15,臺股期貨,投信,-1690,28752,8588,20164,102249471
2025-09-15,臺股期貨,外資及陸資,-267,31187,50083,-18896,-95815591
2025-09-15,電子期貨,自營商,-21,51,119,-68,-399524
2025-09-15,電子期貨,投信,-31,93,0,93,546530
2025-09-15,電子期貨,外資及陸資,20,338,511,-173,-1016924
2025-09-15,金融期貨,自營商,-9,173,111,62,136764
2025-09-15,金融期貨,投信,0,42,0,42,92694
2025-09-15,金融期貨,外資及陸資,-13,100,346,-246,-543089
2025-09-15,股票期貨,自營商,-951,152314,155123,-2809,8389161
2025-09-15,股票期貨,投信,-684,4609,224,4385,3217129
2025-09-15,股票期貨,外資及陸資,4946,118148,441987,-323839,-115809862
2025-09-15,美國標普500期貨,自營商,1,0,62,-62,-82269
2025-09-15,美國標普500期貨,投信,0,1,0,1,1318
2025-09-15,美國標普500期貨,外資及陸資,-1,290,190,100,133252
2025-09-15,美國那斯達克100期貨,自營商,7,12,94,-82,-99079
2025-09-15,美國那斯達克100期貨,投信,0,2,0,2,2414
2025-09-15,美國那斯達克100期貨,外資及陸資,33,658,334,324,394062
2025-09-15,美國道瓊期貨,自營商,-8,0,47,-47,-43446
2025-09-15,美國道瓊期貨,投信,0,1,0,1,918
2025-09-15,美國道瓊期貨,外資及陸資,-76,335,141,194,178553
2025-09-15,美國費城半導體期貨,自營商,2,91,478,-387,-185617
2025-09-15,美國費城半導體期貨,投信,0,10,0,10,4795
2025-09-15,美國費城半導體期貨,外資及陸資,-10,504,82,422,202482
2025-09-16,臺股期貨,自營商,4,6871,3748,3123,16008009
2025-09-16,臺股期貨,投信,321,28873,8388,20485,105026461
2025-09-16,臺股期貨,外資及陸資,667,30363,48607,-18244,-93527523
2025-09-16,電子期貨,自營商,1,39,127,-88,-525507
2025-09-16,電子期貨,投信,5,98,0,98,585338
2025-09-16,電子期貨,外資及陸資,6,199,366,-167,-996195
2025-09-16,金融期貨,自營商,-21,153,112,41,90447
2025-09-16,金融期貨,投信,0,42,0,42,92636
2025-09-16,金融期貨,外資及陸資,11,122,357,-235,-518356
2025-09-16,股票期貨,自營商,39,157238,160008,-2770,10992526
2025-09-16,股票期貨,投信,-1576,3033,224,2809,2166116
2025-09-16,股票期貨,外資及陸資,-2875,121746,448460,-326714,-117389573
2025-09-16,美國標普500期貨,自營商,30,11,43,-32,-42910
2025-09-16,美國標普500期貨,投信,0,1,0,1,1325
2025-09-16,美國標普500期貨,外資及陸資,-35,290,225,65,87489
2025-09-16,美國那斯達克100期貨,自營商,-22,12,116,-104,-127363
2025-09-16,美國那斯達克100期貨,投信,0,2,0,2,2435
2025-09-16,美國那斯達克100期貨,外資及陸資,43,798,431,367,452102
2025-09-16,美國道瓊期貨,自營商,10,2,39,-37,-34277
2025-09-16,美國道瓊期貨,投信,0,1,0,1,919
2025-09-16,美國道瓊期貨,外資及陸資,-45,287,138,149,137310
2025-09-16,美國費城半導體期貨,自營商,8,93,472,-379,-184173
2025-09-16,美國費城半導體期貨,投信,-2,8,0,8,3920
2025-09-16,美國費城半導體期貨,外資及陸資,14,480,44,436,212182
2025-09-17,臺股期貨,自營商,1045,4350,2661,1689,8605447
2025-09-17,臺股期貨,投信,-210,28773,8498,20275,103293015
2025-09-17,臺股期貨,外資及陸資,-3375,24198,43060,-18862,-96088058
2025-09-17,電子期貨,自營商,-6,9,67,-58,-343429
2025-09-17,電子期貨,投信,-1,97,0,97,574356
2025-09-17,電子期貨,外資及陸資,-2,211,285,-74,-438169
2025-09-17,金融期貨,自營商,10,139,12,127,278562
2025-09-17,金融期貨,投信,0,42,0,42,92123
2025-09-17,金融期貨,外資及陸資,-5,95,330,-235,-515449
2025-09-17,股票期貨,自營商,304,110944,106311,4633,12660406
2025-09-17,股票期貨,投信,-1994,448,247,201,44124
2025-09-17,股票期貨,外資及陸資,1276,70175,365055,-294880,-105193676
2025-09-17,美國標普500期貨,自營商,-1,10,43,-33,-44206
2025-09-17,美國標普500期貨,投信,0,1,0,1,1321
2025-09-17,美國標普500期貨,外資及陸資,1,290,224,66,88802
2025-09-17,美國那斯達克100期貨,自營商,4,12,112,-100,-122110
2025-09-17,美國那斯達克100期貨,投信,0,2,0,2,2428
2025-09-17,美國那斯達克100期貨,外資及陸資,-84,771,488,283,348214
2025-09-17,美國道瓊期貨,自營商,1,2,38,-36,-33217
2025-09-17,美國道瓊期貨,投信,0,1,0,1,915
2025-09-17,美國道瓊期貨,外資及陸資,-36,257,144,113,103680
2025-09-17,美國費城半導體期貨,自營商,1,100,478,-378,-183480
2025-09-17,美國費城半導體期貨,投信,0,8,0,8,3912
2025-09-17,美國費城半導體期貨,外資及陸資,20,472,16,456,221722
2025-09-18,臺股期貨,自營商,189,4454,2576,1878,9658962
2025-09-18,臺股期貨,投信,-291,28339,8355,19984,102765722
2025-09-18,臺股期貨,外資及陸資,203,25411,43963,-18552,-95394937
2025-09-18,電子期貨,自營商,7,28,79,-51,-306269
2025-09-18,電子期貨,投信,0,97,0,97,582504
2025-09-18,電子期貨,外資及陸資,-9,223,306,-83,-498431
2025-09-18,金融期貨,自營商,-26,130,29,101,222033
2025-09-18,金融期貨,投信,0,42,0,42,92316
2025-09-18,金融期貨,外資及陸資,16,99,318,-219,-481362
2025-09-18,股票期貨,自營商,-22538,112608,130513,-17905,6885605
2025-09-18,股票期貨,投信,6736,7184,247,6937,1512495
2025-09-18,股票期貨,外資及陸資,-10120,79871,384871,-305000,-108857954
2025-09-18,美國標普500期貨,自營商,1,11,43,-32,-42934
2025-09-18,美國標普500期貨,投信,0,1,0,1,1326
2025-09-18,美國標普500期貨,外資及陸資,-16,274,224,50,67529
2025-09-18,美國那斯達克100期貨,自營商,-5,12,117,-105,-128856
2025-09-18,美國那斯達克100期貨,投信,0,2,0,2,2437
2025-09-18,美國那斯達克100期貨,外資及陸資,-99,737,553,184,229338
2025-09-18,美國道瓊期貨,自營商,18,17,35,-18,-16865
2025-09-18,美國道瓊期貨,投信,0,1,0,1,923
2025-09-18,美國道瓊期貨,外資及陸資,64,289,112,177,163909
2025-09-18,美國費城半導體期貨,自營商,-4,97,479,-382,-186882
2025-09-18,美國費城半導體期貨,投信,-2,6,0,6,2964
2025-09-18,美國費城半導體期貨,外資及陸資,-15,475,34,441,216316
2025-09-19,臺股期貨,自營商,171,4840,2802,2038,10464825
2025-09-19,臺股期貨,投信,-520,27674,8210,19464,99928176
2025-09-19,臺股期貨,外資及陸資,832,26660,44263,-17603,-90367888
2025-09-19,電子期貨,自營商,-17,25,93,-68,-406694
2025-09-19,電子期貨,投信,0,97,0,97,580138
2025-09-19,電子期貨,外資及陸資,-25,231,339,-108,-645926
2025-09-19,金融期貨,自營商,-19,119,37,82,180504
2025-09-19,金融期貨,投信,0,42,0,42,92442
2025-09-19,金融期貨,外資及陸資,4,103,318,-215,-473215
2025-09-19,股票期貨,自營商,-14853,111903,144661,-32758,4214100
2025-09-19,股票期貨,投信,8263,15433,233,15200,3212509
2025-09-19,股票期貨,外資及陸資,-481,86034,391515,-305481,-110804957
2025-09-19,美國標普500期貨,自營商,0,3,43,-40,-53576
2025-09-19,美國標普500期貨,投信,0,1,0,1,1339
2025-09-19,美國標普500期貨,外資及陸資,2,99,1,98,131262
2025-09-19,美國那斯達克100期貨,自營商,10,0,55,-55,-67925
2025-09-19,美國那斯達克100期貨,投信,0,2,0,2,2470
2025-09-19,美國那斯達克100期貨,外資及陸資,101,595,0,595,734825
2025-09-19,美國道瓊期貨,自營商,1,0,35,-35,-32573
2025-09-19,美國道瓊期貨,投信,0,1,0,1,931
2025-09-19,美國道瓊期貨,外資及陸資,21,158,51,107,99580
2025-09-19,美國費城半導體期貨,自營商,6,109,112,-3,-1519
2025-09-19,美國費城半導體期貨,投信,0,6,0,6,3037
2025-09-19,美國費城半導體期貨,外資及陸資,58,182,29,153,77455
2025-09-22,臺股期貨,自營商,-600,5084,3653,1431,7411889
2025-09-22,臺股期貨,投信,83,27417,7870,19547,101226094
2025-09-22,臺股期貨,外資及陸資,294,25588,42827,-17239,-89267816
2025-09-22,電子期貨,自營商,30,41,79,-38,-229640
2025-09-22,電子期貨,投信,0,97,0,97,586190
2025-09-22,電子期貨,外資及陸資,6,244,346,-102,-616406
2025-09-22,金融期貨,自營商,2,139,55,84,186015
2025-09-22,金融期貨,投信,0,42,0,42,92996
2025-09-22,金融期貨,外資及陸資,13,98,300,-202,-447268
2025-09-22,股票期貨,自營商,-13584,112663,159005,-46342,-499362
2025-09-22,股票期貨,投信,235,15663,228,15435,3612546
2025-09-22,股票期貨,外資及陸資,-1644,90671,397796,-307125,-112155022
2025-09-22,美國標普500期貨,自營商,22,3,21,-18,-24185
2025-09-22,美國標普500期貨,投信,0,1,0,1,1344
2025-09-22,美國標普500期貨,外資及陸資,-25,76,2,74,99427
2025-09-22,美國那斯達克100期貨,自營商,0,0,55,-55,-68340
2025-09-22,美國那斯達克100期貨,投信,0,2,0,2,2485
2025-09-22,美國那斯達克100期貨,外資及陸資,204,814,3,811,1007708
2025-09-22,美國道瓊期貨,自營商,11,0,24,-24,-22369
2025-09-22,美國道瓊期貨,投信,0,1,0,1,932
2025-09-22,美國道瓊期貨,外資及陸資,34,234,99,135,125813
2025-09-22,美國費城半導體期貨,自營商,-27,108,139,-31,-15606
2025-09-22,美國費城半導體期貨,投信,0,6,0,6,3021
2025-09-22,美國費城半導體期貨,外資及陸資,10,187,29,158,79543
2025-09-23,臺股期貨,自營商,-221,5298,4098,1200,6302581
2025-09-23,臺股期貨,投信,332,27500,7621,19879,104416435
2025-09-23,臺股期貨,外資及陸資,922,26491,42691,-16200,-85085066
2025-09-23,電子期貨,自營商,-14,43,95,-52,-320789
2025-09-23,電子期貨,投信,0,97,0,97,598393
2025-09-23,電子期貨,外資及陸資,41,183,244,-61,-376309
2025-09-23,金融期貨,自營商,-19,138,73,65,144022
2025-09-23,金融期貨,投信,0,42,0,42,93047
2025-09-23,金融期貨,外資及陸資,17,94,279,-185,-409849
2025-09-23,股票期貨,自營商,-14937,114429,175708,-61279,-1911932
2025-09-23,股票期貨,投信,6522,22185,228,21957,4499527
2025-09-23,股票期貨,外資及陸資,-1367,95876,404368,-308492,-114448777
2025-09-23,美國標普500期貨,自營商,8,3,13,-10,-13496
2025-09-23,美國標普500期貨,投信,0,1,0,1,1350
2025-09-23,美國標普500期貨,外資及陸資,-39,59,24,35,47236
2025-09-23,美國那斯達克100期貨,自營商,4,0,51,-51,-63791
2025-09-23,美國那斯達克100期貨,投信,0,2,0,2,2502
2025-09-23,美國那斯達克100期貨,外資及陸資,-50,768,7,761,951872
2025-09-23,美國道瓊期貨,自營商,0,0,24,-24,-22441
2025-09-23,美國道瓊期貨,投信,0,1,0,1,935
2025-09-23,美國道瓊期貨,外資及陸資,21,240,84,156,145907
2025-09-23,美國費城半導體期貨,自營商,-38,89,158,-69,-35203
2025-09-23,美國費城半導體期貨,投信,0,6,0,6,3060
2025-09-23,美國費城半導體期貨,外資及陸資,-7,180,29,151,77014
2025-09-24,臺股期貨,自營商,880,5104,3031,2073,10876282
2025-09-24,臺股期貨,投信,18,27520,7623,19897,104395580
2025-09-24,臺股期貨,外資及陸資,-3522,23983,43900,-19917,-104493806
2025-09-24,電子期貨,自營商,-35,34,121,-87,-534980
2025-09-24,電子期貨,投信,0,97,0,97,596472
2025-09-24,電子期貨,外資及陸資,-23,195,279,-84,-516533
2025-09-24,金融期貨,自營商,-9,135,79,56,124329
2025-09-24,金融期貨,投信,0,42,0,42,93248
2025-09-24,金融期貨,外資及陸資,-13,84,282,-198,-439599
2025-09-24,股票期貨,自營商,-1091,118701,181071,-62370,-2486366
2025-09-24,股票期貨,投信,-645,21540,228,21312,4107052
2025-09-24,股票期貨,外資及陸資,1105,98463,405850,-307387,-115653497
2025-09-24,美國標普500期貨,自營商,0,3,13,-10,-13446
2025-09-24,美國標普500期貨,投信,0,1,0,1,1345
2025-09-24,美國標普500期貨,外資及陸資,-10,59,34,25,33615
2025-09-24,美國那斯達克100期貨,自營商,30,0,21,-21,-26101
2025-09-24,美國那斯達克100期貨,投信,0,2,0,2,2486
2025-09-24,美國那斯達克100期貨,外資及陸資,-187,587,13,574,713329
2025-09-24,美國道瓊期貨,自營商,0,0,24,-24,-22407
2025-09-24,美國道瓊期貨,投信,0,1,0,1,934
2025-09-24,美國道瓊期貨,外資及陸資,86,259,17,242,225990
2025-09-24,美國費城半導體期貨,自營商,93,238,214,24,12459
2025-09-24,美國費城半導體期貨,投信,0,6,0,6,3063
2025-09-24,美國費城半導體期貨,外資及陸資,-77,122,48,74,37668
2025-09-25,臺股期貨,自營商,661,5422,2658,2764,14425487
2025-09-25,臺股期貨,投信,-156,27428,7687,19741,103028279
2025-09-25,臺股期貨,外資及陸資,-785,22398,44177,-21779,-113659793
2025-09-25,電子期貨,自營商,-6,27,120,-93,-568214
2025-09-25,電子期貨,投信,9,106,0,106,647639
2025-09-25,電子期貨,外資及陸資,8,201,277,-76,-464345
2025-09-25,金融期貨,自營商,-10,129,83,46,101528
2025-09-25,金融期貨,投信,-1,41,0,41,90495
2025-09-25,金融期貨,外資及陸資,20,90,268,-178,-392882
2025-09-25,股票期貨,自營商,-6031,117080,185291,-68211,-5575767
2025-09-25,股票期貨,投信,300,21840,228,21612,4163000
2025-09-25,股票期貨,外資及陸資,4986,103059,404611,-301552,-113822772
2025-09-25,美國標普500期貨,自營商,0,3,13,-10,-13410
2025-09-25,美國標普500期貨,投信,0,1,0,1,1341
2025-09-25,美國標普500期貨,外資及陸資,11,59,23,36,48276
2025-09-25,美國那斯達克100期貨,自營商,-4,0,25,-25,-30935
2025-09-25,美國那斯達克100期貨,投信,0,2,0,2,2475
2025-09-25,美國那斯達克100期貨,外資及陸資,16,610,20,590,729797
2025-09-25,美國道瓊期貨,自營商,0,0,24,-24,-22320
2025-09-25,美國道瓊期貨,投信,0,1,0,1,930
2025-09-25,美國道瓊期貨,外資及陸資,-54,241,53,188,174907
2025-09-25,美國費城半導體期貨,自營商,4,228,200,28,14509
2025-09-25,美國費城半導體期貨,投信,0,6,0,6,3045
2025-09-25,美國費城半導體期貨,外資及陸資,-26,145,97,48,24159
2025-09-26,臺股期貨,自營商,1050,6877,2970,3907,20051564
2025-09-26,臺股期貨,投信,-325,27298,7882,19416,99642912
2025-09-26,臺股期貨,外資及陸資,-3305,20928,46047,-25119,-128909458
2025-09-26,電子期貨,自營商,26,13,80,-67,-400695
2025-09-26,電子期貨,投信,2,108,0,108,645905
2025-09-26,電子期貨,外資及陸資,-67,184,327,-143,-855220
2025-09-26,金融期貨,自營商,12,135,77,58,127748
2025-09-26,金融期貨,投信,0,41,0,41,90307
2025-09-26,金融期貨,外資及陸資,12,98,264,-166,-365631
2025-09-26,股票期貨,自營商,11563,121878,178526,-56648,-4584280
2025-09-26,股票期貨,投信,200,22040,228,21812,4008204
2025-09-26,股票期貨,外資及陸資,4617,105009,401944,-296935,-108933834
2025-09-26,美國標普500期貨,自營商,0,3,13,-10,-13320
2025-09-26,美國標普500期貨,投信,0,1,0,1,1332
2025-09-26,美國標普500期貨,外資及陸資,19,59,4,55,73260
2025-09-26,美國那斯達克100期貨,自營商,-35,2,62,-60,-73827
2025-09-26,美國那斯達克100期貨,投信,0,2,0,2,2461
2025-09-26,美國那斯達克100期貨,外資及陸資,8,613,15,598,735631
2025-09-26,美國道瓊期貨,自營商,0,0,24,-24,-22219
2025-09-26,美國道瓊期貨,投信,0,1,0,1,926
2025-09-26,美國道瓊期貨,外資及陸資,-18,235,65,170,157431
2025-09-26,美國費城半導體期貨,自營商,-14,229,215,14,7240
2025-09-26,美國費城半導體期貨,投信,0,6,0,6,3043
2025-09-26,美國費城半導體期貨,外資及陸資,63,206,95,111,56208
2025-09-30,臺股期貨,自營商,-1396,5287,2778,2509,13023841
2025-09-30,臺股期貨,投信,451,27671,7804,19867,103121651
2025-09-30,臺股期貨,外資及陸資,3030,22485,44415,-21930,-113826133
2025-09-30,電子期貨,自營商,-3,22,92,-70,-424526
2025-09-30,電子期貨,投信,0,108,0,108,654977
2025-09-30,電子期貨,外資及陸資,24,180,299,-119,-721688
2025-09-30,金融期貨,自營商,-19,140,101,39,86845
2025-09-30,金融期貨,投信,0,41,0,41,91307
2025-09-30,金融期貨,外資及陸資,21,102,247,-145,-322915
2025-09-30,股票期貨,自營商,-2017,122378,181043,-58665,-6121929
2025-09-30,股票期貨,投信,-3500,18540,228,18312,3756194
2025-09-30,股票期貨,外資及陸資,479,106396,402852,-296456,-109518625
2025-09-30,美國標普500期貨,自營商,0,3,13,-10,-13426
2025-09-30,美國標普500期貨,投信,0,1,0,1,1343
2025-09-30,美國標普500期貨,外資及陸資,-1,70,16,54,72501
2025-09-30,美國那斯達克100期貨,自營商,-24,0,84,-84,-104273
2025-09-30,美國那斯達克100期貨,投信,0,2,0,2,2483
2025-09-30,美國那斯達克100期貨,外資及陸資,79,697,20,677,840266
2025-09-30,美國道瓊期貨,自營商,-1,0,25,-25,-23290
2025-09-30,美國道瓊期貨,投信,0,1,0,1,932
2025-09-30,美國道瓊期貨,外資及陸資,54,250,26,224,208753
2025-09-30,美國費城半導體期貨,自營商,-1,215,202,13,6861
2025-09-30,美國費城半導體期貨,投信,0,6,0,6,3059
2025-09-30,美國費城半導體期貨,外資及陸資,-18,242,149,93,47137
2025-10-01,臺股期貨,自營商,-235,5048,2814,2234,11636768
2025-10-01,臺股期貨,投信,176,27883,7840,20043,104395970
2025-10-01,臺股期貨,外資及陸資,-444,21328,43677,-22349,-116405317
2025-10-01,電子期貨,自營商,7,37,100,-63,-383880
2025-10-01,電子期貨,投信,-11,97,0,97,591079
2025-10-01,電子期貨,外資及陸資,5,150,264,-114,-694667
2025-10-01,金融期貨,自營商,16,137,82,55,122310
2025-10-01,金融期貨,投信,0,41,0,41,91184
2025-10-01,金融期貨,外資及陸資,-18,97,260,-163,-362512
2025-10-01,股票期貨,自營商,-7890,121559,188114,-66555,-9501810
2025-10-01,股票期貨,投信,0,18540,228,18312,3825039
2025-10-01,股票期貨,外資及陸資,-149,109312,405917,-296605,-109671833
2025-10-01,美國標普500期貨,自營商,0,9,19,-10,-13552
2025-10-01,美國標普500期貨,投信,0,1,0,1,1341
2025-10-01,美國標普500期貨,外資及陸資,0,70,16,54,72575
2025-10-01,美國那斯達克100期貨,自營商,7,6,83,-77,-95254
2025-10-01,美國那斯達克100期貨,投信,0,2,0,2,2476
2025-10-01,美國那斯達克100期貨,外資及陸資,-55,659,37,622,769805
2025-10-01,美國道瓊期貨,自營商,-19,0,44,-44,-40943
2025-10-01,美國道瓊期貨,投信,0,1,0,1,929
2025-10-01,美國道瓊期貨,外資及陸資,-17,263,56,207,192484
2025-10-01,美國費城半導體期貨,自營商,20,204,171,33,17253
2025-10-01,美國費城半導體期貨,投信,0,6,0,6,3059
2025-10-01,美國費城半導體期貨,外資及陸資,-5,229,141,88,44477
2025-10-02,臺股期貨,自營商,31,5220,2934,2286,12082712
2025-10-02,臺股期貨,投信,211,27993,7739,20254,107038339
2025-10-02,臺股期貨,外資及陸資,-950,21563,44750,-23187,-122536309
2025-10-02,電子期貨,自營商,1,34,95,-61,-379414
2025-10-02,電子期貨,投信,-20,77,0,77,478940
2025-10-02,電子期貨,外資及陸資,55,184,243,-59,-366979
2025-10-02,金融期貨,自營商,-23,120,88,32,71223
2025-10-02,金融期貨,投信,0,41,0,41,91291
2025-10-02,金融期貨,外資及陸資,-2,104,269,-165,-367389
2025-10-02,股票期貨,自營商,-8910,122511,197976,-75465,-13858972
2025-10-02,股票期貨,投信,0,18540,228,18312,4055614
2025-10-02,股票期貨,外資及陸資,-2528,107900,407033,-299133,-111403886
2025-10-02,美國標普500期貨,自營商,-4,8,22,-14,-19087
2025-10-02,美國標普500期貨,投信,0,1,0,1,1354
2025-10-02,美國標普500期貨,外資及陸資,4,74,16,58,78645
2025-10-02,美國那斯達克100期貨,自營商,33,10,54,-44,-55004
2025-10-02,美國那斯達克100期貨,投信,0,2,0,2,2506
2025-10-02,美國那斯達克100期貨,外資及陸資,-26,630,34,596,746532
2025-10-02,美國道瓊期貨,自營商,-21,0,65,-65,-60882
2025-10-02,美國道瓊期貨,投信,0,1,0,1,935
2025-10-02,美國道瓊期貨,外資及陸資,33,294,54,240,224445
2025-10-02,美國費城半導體期貨,自營商,-16,193,176,17,9384
2025-10-02,美國費城半導體期貨,投信,0,6,0,6,3154
2025-10-02,美國費城半導體期貨,外資及陸資,-3,222,137,85,44266
2025-10-03,臺股期貨,自營商,-599,4782,3062,1720,9199888
2025-10-03,臺股期貨,投信,-361,27497,7604,19893,106371849
2025-10-03,臺股期貨,外資及陸資,2268,23773,44625,-20852,-111497715
2025-10-03,電子期貨,自營商,-7,34,102,-68,-430122
2025-10-03,電子期貨,投信,0,77,0,77,487117
2025-10-03,電子期貨,外資及陸資,7,198,250,-52,-328958
2025-10-03,金融期貨,自營商,14,115,69,46,101644
2025-10-03,金融期貨,投信,-3,38,0,38,84003
2025-10-03,金融期貨,外資及陸資,-42,82,289,-207,-457594
2025-10-03,股票期貨,自營商,-14195,122684,212344,-89660,-18239830
2025-10-03,股票期貨,投信,0,18540,228,18312,4220365
2025-10-03,股票期貨,外資及陸資,1501,112118,409750,-297632,-112472466
2025-10-03,美國標普500期貨,自營商,-2,7,23,-16,-21843
2025-10-03,美國標普500期貨,投信,0,1,0,1,1357
2025-10-03,美國標普500期貨,外資及陸資,-3,74,19,55,74750
2025-10-03,美國那斯達克100期貨,自營商,-11,9,64,-55,-69173
2025-10-03,美國那斯達克100期貨,投信,0,2,0,2,2519
2025-10-03,美國那斯達克100期貨,外資及陸資,-45,569,18,551,693983
2025-10-03,美國道瓊期貨,自營商,-2,0,67,-67,-62983
2025-10-03,美國道瓊期貨,投信,0,1,0,1,938
2025-10-03,美國道瓊期貨,外資及陸資,8,300,52,248,232862
2025-10-03,美國費城半導體期貨,自營商,132,319,170,149,80379
2025-10-03,美國費城半導體期貨,投信,0,6,0,6,3216
2025-10-03,美國費城半導體期貨,外資及陸資,-100,234,249,-15,-8550
2025-10-07,臺股期貨,自營商,-318,4640,3042,1598,8734615
2025-10-07,臺股期貨,投信,623,27798,7282,20516,112087114
2025-10-07,臺股期貨,外資及陸資,-2752,23925,47626,-23701,-129490172
2025-10-07,電子期貨,自營商,-4,26,98,-72,-467219
2025-10-07,電子期貨,投信,0,77,0,77,499699
2025-10-07,電子期貨,外資及陸資,-2,187,241,-54,-350436
2025-10-07,金融期貨,自營商,-20,117,91,26,57667
2025-10-07,金融期貨,投信,0,38,0,38,84322
2025-10-07,金融期貨,外資及陸資,22,83,268,-185,-410515
2025-10-07,股票期貨,自營商,-19345,122588,231783,-109195,-22659200
2025-10-07,股票期貨,投信,-1,18540,229,18311,4554275
2025-10-07,股票期貨,外資及陸資,6344,115834,407971,-292137,-115709364
2025-10-07,美國標普500期貨,自營商,-24,3,43,-40,-54395
2025-10-07,美國標普500期貨,投信,0,1,0,1,1356
2025-10-07,美國標普500期貨,外資及陸資,20,77,2,75,101871
2025-10-07,美國那斯達克100期貨,自營商,5,6,56,-50,-63277
2025-10-07,美國那斯達克100期貨,投信,0,2,0,2,2520
2025-10-07,美國那斯達克100期貨,外資及陸資,-169,582,200,382,481503
2025-10-07,美國道瓊期貨,自營商,16,0,51,-51,-47981
2025-10-07,美國道瓊期貨,投信,0,1,0,1,938
2025-10-07,美國道瓊期貨,外資及陸資,48,314,18,296,277913
2025-10-07,美國費城半導體期貨,自營商,3,325,173,152,83620
2025-10-07,美國費城半導體期貨,投信,0,6,0,6,3283
2025-10-07,美國費城半導體期貨,外資及陸資,-41,189,245,-56,-31121
2025-10-08,臺股期貨,自營商,1804,6214,2866,3348,18147570
2025-10-08,臺股期貨,投信,-211,27676,7371,20305,110024938
2025-10-08,臺股期貨,外資及陸資,-5692,19719,50124,-30405,-164765288
2025-10-08,電子期貨,自營商,11,19,74,-55,-352744
2025-10-08,電子期貨,投信,-3,74,0,74,474606
2025-10-08,電子期貨,外資及陸資,-43,172,269,-97,-622119
2025-10-08,金融期貨,自營商,-8,111,93,18,39984
2025-10-08,金融期貨,投信,0,38,0,38,84444
2025-10-08,金融期貨,外資及陸資,16,98,267,-169,-375551
2025-10-08,股票期貨,自營商,-13645,122406,245246,-122840,-24861356
2025-10-08,股票期貨,投信,-405,18135,229,17906,4239949
2025-10-08,股票期貨,外資及陸資,-588,114811,407536,-292725,-115384418
2025-10-08,美國標普500期貨,自營商,6,3,37,-34,-46188
2025-10-08,美國標普500期貨,投信,0,1,0,1,1354
2025-10-08,美國標普500期貨,外資及陸資,-9,89,23,66,89512
2025-10-08,美國那斯達克100期貨,自營商,-6,13,69,-56,-70797
2025-10-08,美國那斯達克100期貨,投信,0,2,0,2,2507
2025-10-08,美國那斯達克100期貨,外資及陸資,80,625,163,462,579783
2025-10-08,美國道瓊期貨,自營商,9,3,45,-42,-39615
2025-10-08,美國道瓊期貨,投信,0,1,0,1,938
2025-10-08,美國道瓊期貨,外資及陸資,-31,306,41,265,248841
2025-10-08,美國費城半導體期貨,自營商,-11,299,158,141,76124
2025-10-08,美國費城半導體期貨,投信,0,6,0,6,3214
2025-10-08,美國費城半導體期貨,外資及陸資,2,220,274,-54,-29506
2025-10-09,臺股期貨,自營商,-1200,4754,2601,2153,11771382
2025-10-09,臺股期貨,投信,249,27754,7200,20554,112383853
2025-10-09,臺股期貨,外資及陸資,1489,23216,51968,-28752,-157206254
2025-10-09,電子期貨,自營商,1,28,82,-54,-350616
2025-10-09,電子期貨,投信,-3,71,0,71,461003
2025-10-09,電子期貨,外資及陸資,13,180,264,-84,-545415
2025-10-09,金融期貨,自營商,-10,120,112,8,17829
2025-10-09,金融期貨,投信,0,38,0,38,84862
2025-10-09,金融期貨,外資及陸資,30,126,265,-139,-310412
2025-10-09,股票期貨,自營商,-7535,122550,252925,-130375,-27422095
2025-10-09,股票期貨,投信,0,18135,229,17906,4398415
2025-10-09,股票期貨,外資及陸資,-5477,113530,411732,-298202,-116356971
2025-10-09,美國標普500期貨,自營商,5,3,32,-29,-39626
2025-10-09,美國標普500期貨,投信,0,1,0,1,1361
2025-10-09,美國標普500期貨,外資及陸資,-5,123,62,61,83180
2025-10-09,美國那斯達克100期貨,自營商,-19,10,85,-75,-95750
2025-10-09,美國那斯達克100期貨,投信,0,2,0,2,2536
2025-10-09,美國那斯達克100期貨,外資及陸資,60,655,133,522,662615
2025-10-09,美國道瓊期貨,自營商,11,3,34,-31,-29182
2025-10-09,美國道瓊期貨,投信,0,1,0,1,937
2025-10-09,美國道瓊期貨,外資及陸資,-32,292,59,233,218647
2025-10-09,美國費城半導體期貨,自營商,79,291,71,220,122655
2025-10-09,美國費城半導體期貨,投信,0,6,0,6,3335
2025-10-09,美國費城半導體期貨,外資及陸資,-60,172,286,-114,-63745
2025-10-13,臺股期貨,自營商,1635,6750,2525,4225,22754876
2025-10-13,臺股期貨,投信,761,28615,7300,21315,114908253
2025-10-13,臺股期貨,外資及陸資,-4093,19592,52653,-33061,-178165607
2025-10-13,電子期貨,自營商,17,18,55,-37,-235935
2025-10-13,電子期貨,投信,-4,67,0,67,427106
2025-10-13,電子期貨,外資及陸資,-59,165,308,-143,-911937
2025-10-13,金融期貨,自營商,13,127,106,21,46534
2025-10-13,金融期貨,投信,0,38,0,38,84261
2025-10-13,金融期貨,外資及陸資,-44,163,346,-183,-405856
2025-10-13,股票期貨,自營商,14898,126124,241601,-115477,-24629510
2025-10-13,股票期貨,投信,-2750,15385,229,15156,3606828
2025-10-13,股票期貨,外資及陸資,1834,112846,409214,-296368,-115570526
2025-10-13,美國標普500期貨,自營商,-24,3,56,-53,-71081
2025-10-13,美國標普500期貨,投信,0,1,0,1,1336
2025-10-13,美國標普500期貨,外資及陸資,5,134,68,66,88413
2025-10-13,美國那斯達克100期貨,自營商,-51,1,127,-126,-157338
2025-10-13,美國那斯達克100期貨,投信,0,2,0,2,2484
2025-10-13,美國那斯達克100期貨,外資及陸資,28,671,121,550,683873
2025-10-13,美國道瓊期貨,自營商,-15,0,46,-46,-42643
2025-10-13,美國道瓊期貨,投信,0,1,0,1,923
2025-10-13,美國道瓊期貨,外資及陸資,-2,289,58,231,213455
2025-10-13,美國費城半導體期貨,自營商,-4,298,82,216,115776
2025-10-13,美國費城半導體期貨,投信,0,6,0,6,3200
2025-10-13,美國費城半導體期貨,外資及陸資,-38,207,359,-152,-81587
2025-10-14,臺股期貨,自營商,-2979,5168,3579,1589,8495552
2025-10-14,臺股期貨,投信,39,28688,7334,21354,114327566
2025-10-14,臺股期貨,外資及陸資,5562,20750,48194,-27444,-146899906
2025-10-14,電子期貨,自營商,-11,72,120,-48,-304483
2025-10-14,電子期貨,投信,0,67,0,67,423572
2025-10-14,電子期貨,外資及陸資,12,161,292,-131,-826805
2025-10-14,金融期貨,自營商,-14,188,181,7,15655
2025-10-14,金融期貨,投信,0,38,0,38,84922
2025-10-14,金融期貨,外資及陸資,71,202,314,-112,-250292
2025-10-14,股票期貨,自營商,43177,133771,206071,-72300,-16406740
2025-10-14,股票期貨,投信,-173,15212,229,14983,3186079
2025-10-14,股票期貨,外資及陸資,9036,119969,407301,-287332,-109774085
2025-10-14,美國標普500期貨,自營商,-18,3,74,-71,-95000
2025-10-14,美國標普500期貨,投信,0,1,0,1,1334
2025-10-14,美國標普500期貨,外資及陸資,11,155,78,77,102942
2025-10-14,美國那斯達克100期貨,自營商,57,1,70,-69,-85797
2025-10-14,美國那斯達克100期貨,投信,0,2,0,2,2467
2025-10-14,美國那斯達克100期貨,外資及陸資,-13,618,81,537,663185
2025-10-14,美國道瓊期貨,自營商,38,11,19,-8,-7295
2025-10-14,美國道瓊期貨,投信,0,1,0,1,921
2025-10-14,美國道瓊期貨,外資及陸資,-48,232,49,183,168532
2025-10-14,美國費城半導體期貨,自營商,-2,312,98,214,114883
2025-10-14,美國費城半導體期貨,投信,0,6,0,6,3207
2025-10-14,美國費城半導體期貨,外資及陸資,16,217,353,-136,-73157
2025-10-15,臺股期貨,自營商,-449,2156,2699,-543,-2962211
2025-10-15,臺股期貨,投信,497,28809,6958,21851,119258389
2025-10-15,臺股期貨,外資及陸資,2715,19516,41187,-21671,-118276764
2025-10-15,電子期貨,自營商,8,10,89,-79,-512773
2025-10-15,電子期貨,投信,0,67,0,67,434884
2025-10-15,電子期貨,外資及陸資,-8,189,202,-13,-84381
2025-10-15,金融期貨,自營商,-36,84,82,2,4507
2025-10-15,金融期貨,投信,0,38,0,38,85622
2025-10-15,金融期貨,外資及陸資,30,146,251,-105,-236586
2025-10-15,股票期貨,自營商,4318,87310,146146,-58836,-21517053
2025-10-15,股票期貨,投信,110,8305,229,8076,1438947
2025-10-15,股票期貨,外資及陸資,-2012,79125,323698,-244573,-104258912
2025-10-15,美國標普500期貨,自營商,-6,3,80,-77,-103629
2025-10-15,美國標普500期貨,投信,0,1,0,1,1342
2025-10-15,美國標普500期貨,外資及陸資,-1,151,75,76,102228
2025-10-15,美國那斯達克100期貨,自營商,-26,5,100,-95,-119317
2025-10-15,美國那斯達克100期貨,投信,0,2,0,2,2490
2025-10-15,美國那斯達克100期貨,外資及陸資,-90,653,206,447,557516
2025-10-15,美國道瓊期貨,自營商,-5,9,22,-13,-12063
2025-10-15,美國道瓊期貨,投信,0,1,0,1,933
2025-10-15,美國道瓊期貨,外資及陸資,36,249,30,219,204243
2025-10-15,美國費城半導體期貨,自營商,-36,284,106,178,95988
2025-10-15,美國費城半導體期貨,投信,0,6,0,6,3221
2025-10-15,美國費城半導體期貨,外資及陸資,36,247,347,-100,-54126
2025-10-16,臺股期貨,自營商,272,2909,3215,-306,-1701220
2025-10-16,臺股期貨,投信,31,28664,6782,21882,121742694
2025-10-16,臺股期貨,外資及陸資,-343,19964,41999,-22035,-122594479
2025-10-16,電子期貨,自營商,-2,16,101,-85,-564264
2025-10-16,電子期貨,投信,11,78,0,78,517795
2025-10-16,電子期貨,外資及陸資,-47,123,183,-60,-398304
2025-10-16,金融期貨,自營商,11,76,63,13,29278
2025-10-16,金融期貨,投信,0,38,0,38,85584
2025-10-16,金融期貨,外資及陸資,-22,158,285,-127,-286029
2025-10-16,股票期貨,自營商,-19057,86489,164382,-77893,-27211335
2025-10-16,股票期貨,投信,602,8907,229,8678,2188340
2025-10-16,股票期貨,外資及陸資,-7014,90521,342108,-251587,-111101779
2025-10-16,美國標普500期貨,自營商,13,3,67,-64,-86285
2025-10-16,美國標普500期貨,投信,0,1,0,1,1343
2025-10-16,美國標普500期貨,外資及陸資,-20,127,71,56,75479
2025-10-16,美國那斯達克100期貨,自營商,-43,1,139,-138,-173338
2025-10-16,美國那斯達克100期貨,投信,0,2,0,2,2498
2025-10-16,美國那斯達克100期貨,外資及陸資,-247,537,337,200,250616
2025-10-16,美國道瓊期貨,自營商,-15,7,35,-28,-26002
2025-10-16,美國道瓊期貨,投信,0,1,0,1,930
2025-10-16,美國道瓊期貨,外資及陸資,-51,217,49,168,156220
2025-10-16,美國費城半導體期貨,自營商,12,288,98,190,104271
2025-10-16,美國費城半導體期貨,投信,0,6,0,6,3278
2025-10-16,美國費城半導體期貨,外資及陸資,-31,203,334,-131,-71999
2025-10-17,臺股期貨,自營商,1371,4018,2935,1083,5921037
2025-10-17,臺股期貨,投信,-78,28775,6971,21804,119171948
2025-10-17,臺股期貨,外資及陸資,-2013,16979,42565,-25586,-139846653
2025-10-17,電子期貨,自營商,-16,15,116,-101,-655793
2025-10-17,電子期貨,投信,-1,77,0,77,499961
2025-10-17,電子期貨,外資及陸資,-27,110,197,-87,-564891
2025-10-17,金融期貨,自營商,-28,59,74,-15,-33573
2025-10-17,金融期貨,投信,40,78,0,78,174580
2025-10-17,金融期貨,外資及陸資,-5,130,262,-132,-295442
2025-10-17,股票期貨,自營商,-5114,87881,170888,-83007,-27370564
2025-10-17,股票期貨,投信,433,9345,234,9111,2936352
2025-10-17,股票期貨,外資及陸資,-3584,95044,350215,-255171,-107528842
2025-10-17,美國標普500期貨,自營商,21,5,48,-43,-57299
2025-10-17,美國標普500期貨,投信,0,1,0,1,1325
2025-10-17,美國標普500期貨,外資及陸資,-42,123,109,14,18803
2025-10-17,美國那斯達克100期貨,自營商,26,2,114,-112,-139171
2025-10-17,美國那斯達克100期貨,投信,0,2,0,2,2464
2025-10-17,美國那斯達克100期貨,外資及陸資,79,566,287,279,344662
2025-10-17,美國道瓊期貨,自營商,47,40,21,19,17776
2025-10-17,美國道瓊期貨,投信,0,1,0,1,919
2025-10-17,美國道瓊期貨,外資及陸資,-43,232,107,125,114465
2025-10-17,美國費城半導體期貨,自營商,-45,276,131,145,78924
2025-10-17,美國費城半導體期貨,投信,0,6,0,6,3247
2025-10-17,美國費城半導體期貨,外資及陸資,51,222,302,-80,-43722
2025-10-20,臺股期貨,自營商,-1109,3395,3434,-39,-216280
2025-10-20,臺股期貨,投信,505,29123,6814,22309,123948804
2025-10-20,臺股期貨,外資及陸資,285,17104,42355,-25251,-140295469
2025-10-20,電子期貨,自營商,-27,5,133,-128,-848618
2025-10-20,電子期貨,投信,0,77,0,77,510495
2025-10-20,電子期貨,外資及陸資,62,176,201,-25,-165745
2025-10-20,金融期貨,自營商,-24,60,99,-39,-87360
2025-10-20,金融期貨,投信,0,78,0,78,174720
2025-10-20,金融期貨,外資及陸資,-14,128,274,-146,-327040
2025-10-20,股票期貨,自營商,-13494,86391,182892,-96501,-30826728
2025-10-20,股票期貨,投信,294,9639,234,9405,3013369
2025-10-20,股票期貨,外資及陸資,-5569,99688,360428,-260740,-110998264
2025-10-20,美國標普500期貨,自營商,-6,3,52,-49,-66224
2025-10-20,美國標普500期貨,投信,0,1,0,1,1345
2025-10-20,美國標普500期貨,外資及陸資,15,112,83,29,39260
2025-10-20,美國那斯達克100期貨,自營商,7,0,105,-105,-132664
2025-10-20,美國那斯達克100期貨,投信,0,2,0,2,2512
2025-10-20,美國那斯達克100期貨,外資及陸資,100,616,237,379,476677
2025-10-20,美國道瓊期貨,自營商,-21,29,31,-2,-1668
2025-10-20,美國道瓊期貨,投信,0,1,0,1,931
2025-10-20,美國道瓊期貨,外資及陸資,101,292,66,226,210089
2025-10-20,美國費城半導體期貨,自營商,4,265,116,149,82533
2025-10-20,美國費城半導體期貨,投信,0,6,0,6,3305
2025-10-20,美國費城半導體期貨,外資及陸資,8,213,285,-72,-40153
2025-10-21,臺股期貨,自營商,-979,2830,3872,-1042,-5799168
2025-10-21,臺股期貨,投信,-5,29085,6781,22304,124148530
2025-10-21,臺股期貨,外資及陸資,1969,18684,41966,-23282,-129594671
2025-10-21,電子期貨,自營商,-9,6,143,-137,-910343
2025-10-21,電子期貨,投信,-11,66,0,66,438557
2025-10-21,電子期貨,外資及陸資,-6,172,203,-31,-205988
2025-10-21,金融期貨,自營商,-10,70,119,-49,-110034
2025-10-21,金融期貨,投信,0,78,0,78,175157
2025-10-21,金融期貨,外資及陸資,1,125,270,-145,-325612
2025-10-21,股票期貨,自營商,-19740,85045,201286,-116241,-34438680
2025-10-21,股票期貨,投信,3738,13389,246,13143,3731282
2025-10-21,股票期貨,外資及陸資,-6062,102374,369176,-266802,-112635506
2025-10-21,美國標普500期貨,自營商,-1,3,53,-50,-68084
2025-10-21,美國標普500期貨,投信,0,1,0,1,1356
2025-10-21,美國標普500期貨,外資及陸資,-7,113,91,22,30082
2025-10-21,美國那斯達克100期貨,自營商,-1,0,106,-106,-134922
2025-10-21,美國那斯達克100期貨,投信,0,2,0,2,2530
2025-10-21,美國那斯達克100期貨,外資及陸資,-11,606,238,368,466241
2025-10-21,美國道瓊期貨,自營商,-9,20,31,-11,-10165
2025-10-21,美國道瓊期貨,投信,0,1,0,1,937
2025-10-21,美國道瓊期貨,外資及陸資,69,327,32,295,276480
2025-10-21,美國費城半導體期貨,自營商,5,255,101,154,85885
2025-10-21,美國費城半導體期貨,投信,0,6,0,6,3325
2025-10-21,美國費城半導體期貨,外資及陸資,-13,207,292,-85,-47631
2025-10-22,臺股期貨,自營商,1659,3569,2973,596,3303129
2025-10-22,臺股期貨,投信,-2027,27062,6785,20277,112367023
2025-10-22,臺股期貨,外資及陸資,-2727,16010,42105,-26095,-144608914
2025-10-22,電子期貨,自營商,7,11,137,-126,-830897
2025-10-22,電子期貨,投信,0,66,0,66,435230
2025-10-22,電子期貨,外資及陸資,-40,148,219,-71,-468203
2025-10-22,金融期貨,自營商,-20,48,128,-80,-180571
2025-10-22,金融期貨,投信,0,78,0,78,176062
2025-10-22,金融期貨,外資及陸資,11,133,267,-134,-302464
2025-10-22,股票期貨,自營商,-8349,86113,210703,-124590,-36143097
2025-10-22,股票期貨,投信,2658,16047,246,15801,3989282
2025-10-22,股票期貨,外資及陸資,-4273,103634,374709,-271075,-114561170
2025-10-22,美國標普500期貨,自營商,1,3,52,-49,-66655
2025-10-22,美國標普500期貨,投信,0,1,0,1,1354
2025-10-22,美國標普500期貨,外資及陸資,-4,111,93,18,24639
2025-10-22,美國那斯達克100期貨,自營商,24,12,94,-82,-104563
2025-10-22,美國那斯達克100期貨,投信,0,2,0,2,2531
2025-10-22,美國那斯達克100期貨,外資及陸資,-76,607,315,292,370102
2025-10-22,美國道瓊期貨,自營商,55,63,19,44,41636
2025-10-22,美國道瓊期貨,投信,0,1,0,1,944
2025-10-22,美國道瓊期貨,外資及陸資,56,372,21,351,331295
2025-10-22,美國費城半導體期貨,自營商,-33,250,129,121,66860
2025-10-22,美國費城半導體期貨,投信,0,6,0,6,3289
2025-10-22,美國費城半導體期貨,外資及陸資,27,256,314,-58,-32303
2025-10-23,臺股期貨,自營商,425,3771,2789,982,5412556
2025-10-23,臺股期貨,投信,-566,26593,6882,19711,108631265
2025-10-23,臺股期貨,外資及陸資,1789,16016,40323,-24307,-133962589
2025-10-23,電子期貨,自營商,8,14,132,-118,-772872
2025-10-23,電子期貨,投信,-1,65,0,65,425737
2025-10-23,電子期貨,外資及陸資,-15,140,226,-86,-563283
2025-10-23,金融期貨,自營商,3,44,121,-77,-173399
2025-10-23,金融期貨,投信,0,78,0,78,175656
2025-10-23,金融期貨,外資及陸資,1,134,267,-133,-299516
2025-10-23,股票期貨,自營商,-3238,86803,214631,-127828,-37425535
2025-10-23,股票期貨,投信,1436,17483,246,17237,4452889
2025-10-23,股票期貨,外資及陸資,1312,107361,377124,-269763,-113076917
2025-10-23,美國標普500期貨,自營商,-4,3,56,-53,-71817
2025-10-23,美國標普500期貨,投信,0,1,0,1,1349
2025-10-23,美國標普500期貨,外資及陸資,-2,112,96,16,21846
2025-10-23,美國那斯達克100期貨,自營商,-17,1,100,-99,-124988
2025-10-23,美國那斯達克100期貨,投信,0,2,0,2,2508
2025-10-23,美國那斯達克100期貨,外資及陸資,-14,553,275,278,349218
2025-10-23,美國道瓊期貨,自營商,-40,23,19,4,3871
2025-10-23,美國道瓊期貨,投信,0,1,0,1,935
2025-10-23,美國道瓊期貨,外資及陸資,-102,279,30,249,232779
2025-10-23,美國費城半導體期貨,自營商,10,233,102,131,71207
2025-10-23,美國費城半導體期貨,投信,0,6,0,6,3234
2025-10-23,美國費城半導體期貨,外資及陸資,-51,243,352,-109,-59306
2025-10-27,臺股期貨,自營商,-1838,3470,4319,-849,-4791096
2025-10-27,臺股期貨,投信,784,27071,6576,20495,115669685
2025-10-27,臺股期貨,外資及陸資,-44,17910,42121,-24211,-136644184
2025-10-27,電子期貨,自營商,-23,8,149,-141,-951809
2025-10-27,電子期貨,投信,-3,62,0,62,418525
2025-10-27,電子期貨,外資及陸資,17,148,217,-69,-465778
2025-10-27,金融期貨,自營商,-42,40,159,-119,-267864
2025-10-27,金融期貨,投信,0,78,0,78,175578
2025-10-27,金融期貨,外資及陸資,-24,122,279,-157,-353407
2025-10-27,股票期貨,自營商,-12856,87746,228430,-140684,-42645323
2025-10-27,股票期貨,投信,207,17690,246,17444,4832237
2025-10-27,股票期貨,外資及陸資,3296,109630,376097,-266467,-115846327
2025-10-27,美國標普500期貨,自營商,1,3,55,-52,-71840
2025-10-27,美國標普500期貨,投信,0,1,0,1,1376
2025-10-27,美國標普500期貨,外資及陸資,2,112,94,18,25019
2025-10-27,美國那斯達克100期貨,自營商,9,0,90,-90,-116748
2025-10-27,美國那斯達克100期貨,投信,0,2,0,2,2578
2025-10-27,美國那斯達克100期貨,外資及陸資,40,563,245,318,410570
2025-10-27,美國道瓊期貨,自營商,16,39,19,20,19232
2025-10-27,美國道瓊期貨,投信,0,1,0,1,954
2025-10-27,美國道瓊期貨,外資及陸資,-24,257,32,225,214640
2025-10-27,美國費城半導體期貨,自營商,11,242,100,142,81537
2025-10-27,美國費城半導體期貨,投信,0,6,0,6,3423
2025-10-27,美國費城半導體期貨,外資及陸資,54,278,333,-55,-31842
2025-10-28,臺股期貨,自營商,1367,4233,3728,505,2828668
2025-10-28,臺股期貨,投信,-274,26863,6642,20221,113257825
2025-10-28,臺股期貨,外資及陸資,-3243,16317,43771,-27454,-153772214
2025-10-28,電子期貨,自營商,-4,8,153,-145,-973008
2025-10-28,電子期貨,投信,-2,60,0,60,402624
2025-10-28,電子期貨,外資及陸資,-13,146,228,-82,-550253
2025-10-28,金融期貨,自營商,4,60,175,-115,-255940
2025-10-28,金融期貨,投信,0,78,0,78,173597
2025-10-28,金融期貨,外資及陸資,-43,122,322,-200,-445120
2025-10-28,股票期貨,自營商,-9956,87920,238560,-150640,-46930847
2025-10-28,股票期貨,投信,1731,19421,246,19175,5317956
2025-10-28,股票期貨,外資及陸資,-3979,108546,378992,-270446,-115815762
2025-10-28,美國標普500期貨,自營商,-1,3,56,-53,-73558
2025-10-28,美國標普500期貨,投信,0,1,0,1,1382
2025-10-28,美國標普500期貨,外資及陸資,2,113,93,20,27911
2025-10-28,美國那斯達克100期貨,自營商,24,22,88,-66,-86410
2025-10-28,美國那斯達克100期貨,投信,0,2,0,2,2596
2025-10-28,美國那斯達克100期貨,外資及陸資,139,562,105,457,593954
2025-10-28,美國道瓊期貨,自營商,-15,24,19,5,4925
2025-10-28,美國道瓊期貨,投信,0,1,0,1,954
2025-10-28,美國道瓊期貨,外資及陸資,26,284,33,251,239463
2025-10-28,美國費城半導體期貨,自營商,-18,234,110,124,71825
2025-10-28,美國費城半導體期貨,投信,0,6,0,6,3448
2025-10-28,美國費城半導體期貨,外資及陸資,10,282,327,-45,-26395
2025-10-29,臺股期貨,自營商,-1169,3461,4146,-685,-3892146
2025-10-29,臺股期貨,投信,666,27363,6476,20887,118696648
2025-10-29,臺股期貨,外資及陸資,2933,18655,43076,-24421,-138782210
2025-10-29,電子期貨,自營商,17,11,139,-128,-875251
2025-10-29,電子期貨,投信,0,60,0,60,410280
2025-10-29,電子期貨,外資及陸資,10,151,223,-72,-492336
2025-10-29,金融期貨,自營商,-6,59,180,-121,-269657
2025-10-29,金融期貨,投信,0,78,0,78,173831
2025-10-29,金融期貨,外資及陸資,-6,128,334,-206,-459091
2025-10-29,股票期貨,自營商,-11522,87714,249876,-162162,-51234193
2025-10-29,股票期貨,投信,766,20187,246,19941,5794050
2025-10-29,股票期貨,外資及陸資,734,112362,382074,-269712,-116317848
2025-10-29,美國標普500期貨,自營商,-1,3,57,-54,-75254
2025-10-29,美國標普500期貨,投信,0,1,0,1,1388
2025-10-29,美國標普500期貨,外資及陸資,1,113,92,21,29422
2025-10-29,美國那斯達克100期貨,自營商,-77,0,143,-143,-188604
2025-10-29,美國那斯達克100期貨,投信,0,2,0,2,2627
2025-10-29,美國那斯達克100期貨,外資及陸資,39,603,107,496,652252
2025-10-29,美國道瓊期貨,自營商,-32,19,46,-27,-25706
2025-10-29,美國道瓊期貨,投信,0,1,0,1,957
2025-10-29,美國道瓊期貨,外資及陸資,24,308,33,275,263297
2025-10-29,美國費城半導體期貨,自營商,-19,232,127,105,61976
2025-10-29,美國費城半導體期貨,投信,0,6,0,6,3512
2025-10-29,美國費城半導體期貨,外資及陸資,28,294,311,-17,-10380
2025-10-30,臺股期貨,自營商,-65,3179,3930,-751,-4264948
2025-10-30,臺股期貨,投信,46,27413,6480,20933,118895255
2025-10-30,臺股期貨,外資及陸資,-290,18258,43004,-24746,-140554195
2025-10-30,電子期貨,自營商,10,7,125,-118,-806139
2025-10-30,電子期貨,投信,0,60,0,60,409908
2025-10-30,電子期貨,外資及陸資,-51,135,258,-123,-840311
2025-10-30,金融期貨,自營商,5,77,193,-116,-257375
2025-10-30,金融期貨,投信,0,78,0,78,173066
2025-10-30,金融期貨,外資及陸資,-12,119,337,-218,-483699
2025-10-30,股票期貨,自營商,-2504,90426,255092,-164666,-52381447
2025-10-30,股票期貨,投信,500,20687,246,20441,6165931
2025-10-30,股票期貨,外資及陸資,4089,117118,382741,-265623,-113308785
2025-10-30,美國標普500期貨,自營商,-11,3,68,-65,-90436
2025-10-30,美國標普500期貨,投信,0,1,0,1,1385
2025-10-30,美國標普500期貨,外資及陸資,10,113,82,31,43344
2025-10-30,美國那斯達克100期貨,自營商,53,0,90,-90,-118860
2025-10-30,美國那斯達克100期貨,投信,0,2,0,2,2628
2025-10-30,美國那斯達克100期貨,外資及陸資,-96,571,171,400,526400
2025-10-30,美國道瓊期貨,自營商,-15,8,50,-42,-40119
2025-10-30,美國道瓊期貨,投信,0,1,0,1,957
2025-10-30,美國道瓊期貨,外資及陸資,-27,287,39,248,237338
2025-10-30,美國費城半導體期貨,自營商,-12,242,149,93,55257
2025-10-30,美國費城半導體期貨,投信,0,6,0,6,3549
2025-10-30,美國費城半導體期貨,外資及陸資,11,267,273,-6,-3761
2025-10-31,臺股期貨,自營商,-652,3461,4848,-1387,-7884466
2025-10-31,臺股期貨,投信,186,27595,6476,21119,120082639
2025-10-31,臺股期貨,外資及陸資,1818,19663,42599,-22936,-130417491
2025-10-31,電子期貨,自營商,-8,14,140,-126,-862990
2025-10-31,電子期貨,投信,0,60,0,60,410952
2025-10-31,電子期貨,外資及陸資,12,148,259,-111,-760261
2025-10-31,金融期貨,自營商,6,84,194,-110,-242830
2025-10-31,金融期貨,投信,0,78,0,78,172193
2025-10-31,金融期貨,外資及陸資,-10,120,348,-228,-503333
2025-10-31,股票期貨,自營商,-12994,92310,269970,-177660,-57640709
2025-10-31,股票期貨,投信,487,21162,234,20928,6531438
2025-10-31,股票期貨,外資及陸資,1162,120836,385297,-264461,-113209641
2025-10-31,美國標普500期貨,自營商,-11,3,79,-76,-105375
2025-10-31,美國標普500期貨,投信,0,1,0,1,1381
2025-10-31,美國標普500期貨,外資及陸資,8,121,82,39,54278
2025-10-31,美國那斯達克100期貨,自營商,12,1,79,-78,-102788
2025-10-31,美國那斯達克100期貨,投信,0,2,0,2,2618
2025-10-31,美國那斯達克100期貨,外資及陸資,-223,565,388,177,232365
2025-10-31,美國道瓊期貨,自營商,4,8,46,-38,-36176
2025-10-31,美國道瓊期貨,投信,0,1,0,1,954
2025-10-31,美國道瓊期貨,外資及陸資,-8,299,59,240,229149
2025-10-31,美國費城半導體期貨,自營商,-16,218,141,77,45581
2025-10-31,美國費城半導體期貨,投信,0,6,0,6,3510
2025-10-31,美國費城半導體期貨,外資及陸資,-29,217,252,-35,-20904
2025-11-03,臺股期貨,自營商,1857,4437,3883,554,3142329
2025-11-03,臺股期貨,投信,-116,27556,6553,21003,119049213
2025-11-03,臺股期貨,外資及陸資,-3351,17236,45116,-27880,-158035500
2025-11-03,電子期貨,自營商,13,14,127,-113,-770337
2025-11-03,電子期貨,投信,0,60,0,60,409032
2025-11-03,電子期貨,外資及陸資,-28,148,287,-139,-947590
2025-11-03,金融期貨,自營商,9,89,190,-101,-224153
2025-11-03,金融期貨,投信,0,78,0,78,173113
2025-11-03,金融期貨,外資及陸資,9,119,338,-219,-486048
2025-11-03,股票期貨,自營商,-6411,90449,274520,-184071,-61275214
2025-11-03,股票期貨,投信,-1459,19703,234,19469,6745021
2025-11-03,股票期貨,外資及陸資,-1944,120201,386606,-266405,-113754647
2025-11-03,美國標普500期貨,自營商,0,3,79,-76,-105163
2025-11-03,美國標普500期貨,投信,0,1,0,1,1379
2025-11-03,美國標普500期貨,外資及陸資,1,111,71,40,55529
2025-11-03,美國那斯達克100期貨,自營商,-45,0,123,-123,-161198
2025-11-03,美國那斯達克100期貨,投信,0,2,0,2,2609
2025-11-03,美國那斯達克100期貨,外資及陸資,69,529,283,246,321559
2025-11-03,美國道瓊期貨,自營商,20,8,26,-18,-17147
2025-11-03,美國道瓊期貨,投信,0,1,0,1,956
2025-11-03,美國道瓊期貨,外資及陸資,-30,280,70,210,200946
2025-11-03,美國費城半導體期貨,自營商,12,224,135,89,52642
2025-11-03,美國費城半導體期貨,投信,0,6,0,6,3513
2025-11-03,美國費城半導體期貨,外資及陸資,4,222,253,-31,-18652
2025-11-04,臺股期貨,自營商,-212,4496,4116,380,2138398
2025-11-04,臺股期貨,投信,-384,27259,6640,20619,115957145
2025-11-04,臺股期貨,外資及陸資,-33,16846,44688,-27842,-156586112
2025-11-04,電子期貨,自營商,0,10,123,-113,-762865
2025-11-04,電子期貨,投信,-2,58,0,58,391570
2025-11-04,電子期貨,外資及陸資,19,144,264,-120,-810144
2025-11-04,金融期貨,自營商,-20,68,189,-121,-269122
2025-11-04,金融期貨,投信,0,78,0,78,173488
2025-11-04,金融期貨,外資及陸資,34,132,317,-185,-411487
2025-11-04,股票期貨,自營商,8288,91989,267772,-175783,-59201708
2025-11-04,股票期貨,投信,659,20362,234,20128,6687182
2025-11-04,股票期貨,外資及陸資,7813,123856,382448,-258592,-109312886
2025-11-04,美國標普500期貨,自營商,33,3,46,-43,-59105
2025-11-04,美國標普500期貨,投信,0,1,0,1,1368
2025-11-04,美國標普500期貨,外資及陸資,-36,80,76,4,5775
2025-11-04,美國那斯達克100期貨,自營商,47,0,76,-76,-98615
2025-11-04,美國那斯達克100期貨,投信,0,2,0,2,2584
2025-11-04,美國那斯達克100期貨,外資及陸資,-4,571,329,242,313335
2025-11-04,美國道瓊期貨,自營商,25,20,13,7,6784
2025-11-04,美國道瓊期貨,投信,0,1,0,1,945
2025-11-04,美國道瓊期貨,外資及陸資,-89,265,144,121,114403
2025-11-04,美國費城半導體期貨,自營商,-81,150,142,8,5260
2025-11-04,美國費城半導體期貨,投信,0,6,0,6,3458
2025-11-04,美國費城半導體期貨,外資及陸資,65,246,212,34,18989
2025-11-05,臺股期貨,自營商,2283,6368,3651,2717,15112871
2025-11-05,臺股期貨,投信,250,27620,6751,20869,116065043
2025-11-05,臺股期貨,外資及陸資,-4282,15145,47233,-32088,-178470711
2025-11-05,電子期貨,自營商,59,26,87,-61,-406204
2025-11-05,電子期貨,投信,0,58,0,58,386222
2025-11-05,電子期貨,外資及陸資,-109,161,390,-229,-1524911
2025-11-05,金融期貨,自營商,2,34,187,-153,-339806
2025-11-05,金融期貨,投信,0,78,0,78,173238
2025-11-05,金融期貨,外資及陸資,-2,130,317,-187,-415337
2025-11-05,股票期貨,自營商,5396,93741,264128,-170387,-58706160
2025-11-05,股票期貨,投信,509,20871,234,20637,6904031
2025-11-05,股票期貨,外資及陸資,4389,126152,380355,-254203,-106862192
2025-11-05,美國標普500期貨,自營商,-45,3,91,-88,-119844
2025-11-05,美國標普500期貨,投信,0,1,0,1,1359
2025-11-05,美國標普500期貨,外資及陸資,14,79,61,18,24757
2025-11-05,美國那斯達克100期貨,自營商,-49,0,125,-125,-159877
2025-11-05,美國那斯達克100期貨,投信,0,2,0,2,2552
2025-11-05,美國那斯達克100期貨,外資及陸資,-231,590,579,11,15139
2025-11-05,美國道瓊期貨,自營商,4,23,12,11,10547
2025-11-05,美國道瓊期貨,投信,0,1,0,1,946
2025-11-05,美國道瓊期貨,外資及陸資,-25,247,151,96,90750
2025-11-05,美國費城半導體期貨,自營商,-6,138,136,2,1722
2025-11-05,美國費城半導體期貨,投信,0,6,0,6,3350
2025-11-05,美國費城半導體期貨,外資及陸資,-5,222,193,29,15683
2025-11-06,臺股期貨,自營商,-2395,4953,4555,398,2236318
2025-11-06,臺股期貨,投信,304,27823,6650,21173,118712789
2025-11-06,臺股期貨,外資及陸資,2051,17162,47079,-29917,-167751498
2025-11-06,電子期貨,自營商,-17,25,103,-78,-522991
2025-11-06,電子期貨,投信,0,58,0,58,388902
2025-11-06,電子期貨,外資及陸資,18,157,368,-211,-1414798
2025-11-06,金融期貨,自營商,-11,44,208,-164,-365877
2025-11-06,金融期貨,投信,0,78,0,78,174018
2025-11-06,金融期貨,外資及陸資,36,143,294,-151,-336891
2025-11-06,股票期貨,自營商,-7149,96450,273986,-177536,-60604564
2025-11-06,股票期貨,投信,1,20871,233,20638,7139554
2025-11-06,股票期貨,外資及陸資,-7503,122716,384422,-261706,-110066892
2025-11-06,美國標普500期貨,自營商,0,0,88,-88,-120398
2025-11-06,美國標普500期貨,投信,0,1,0,1,1365
2025-11-06,美國標普500期貨,外資及陸資,21,79,40,39,53533
2025-11-06,美國那斯達克100期貨,自營商,-79,0,204,-204,-263545
2025-11-06,美國那斯達克100期貨,投信,0,2,0,2,2571
2025-11-06,美國那斯達克100期貨,外資及陸資,177,496,308,188,242920
2025-11-06,美國道瓊期貨,自營商,-9,20,18,2,2041
2025-11-06,美國道瓊期貨,投信,0,1,0,1,949
2025-11-06,美國道瓊期貨,外資及陸資,40,232,96,136,128961
2025-11-06,美國費城半導體期貨,自營商,-18,136,152,-16,-8670
2025-11-06,美國費城半導體期貨,投信,0,6,0,6,3467
2025-11-06,美國費城半導體期貨,外資及陸資,24,256,203,53,30087
2025-11-07,臺股期貨,自營商,1225,5547,4035,1512,8385999
2025-11-07,臺股期貨,投信,-334,27680,6841,20839,115535594
2025-11-07,臺股期貨,外資及陸資,-881,16556,47376,-30820,-170884343
2025-11-07,電子期貨,自營商,11,32,99,-67,-443887
2025-11-07,電子期貨,投信,0,58,0,58,384273
2025-11-07,電子期貨,外資及陸資,-2,151,364,-213,-1411211
2025-11-07,金融期貨,自營商,16,45,193,-148,-327995
2025-11-07,金融期貨,投信,0,78,0,78,172864
2025-11-07,金融期貨,外資及陸資,-8,139,298,-159,-352385
2025-11-07,股票期貨,自營商,5735,98692,270493,-171801,-58959020
2025-11-07,股票期貨,投信,0,20871,233,20638,7070916
2025-11-07,股票期貨,外資及陸資,-3142,121069,385917,-264848,-109847257
2025-11-07,美國標普500期貨,自營商,-6,0,94,-94,-127385
2025-11-07,美國標普500期貨,投信,0,1,0,1,1352
2025-11-07,美國標普500期貨,外資及陸資,5,85,41,44,59791
2025-11-07,美國那斯達克100期貨,自營商,73,0,131,-131,-166963
2025-11-07,美國那斯達克100期貨,投信,0,2,0,2,2532
2025-11-07,美國那斯達克100期貨,外資及陸資,-127,361,300,61,78223
2025-11-07,美國道瓊期貨,自營商,25,39,12,27,25612
2025-11-07,美國道瓊期貨,投信,0,1,0,1,942
2025-11-07,美國道瓊期貨,外資及陸資,-65,242,171,71,66723
2025-11-07,美國費城半導體期貨,自營商,-29,132,177,-45,-24947
2025-11-07,美國費城半導體期貨,投信,0,6,0,6,3385
2025-11-07,美國費城半導體期貨,外資及陸資,22,278,203,75,41888
2025-11-10,臺股期貨,自營商,-544,5219,4267,952,5337867
2025-11-10,臺股期貨,投信,575,28107,6693,21414,119986934
2025-11-10,臺股期貨,外資及陸資,-21,17333,47922,-30589,-171406708
2025-11-10,電子期貨,自營商,-16,13,96,-83,-558691
2025-11-10,電子期貨,投信,0,58,0,58,390421
2025-11-10,電子期貨,外資及陸資,41,147,319,-172,-1157801
2025-11-10,金融期貨,自營商,52,63,159,-96,-212868
2025-11-10,金融期貨,投信,0,78,0,78,172957
2025-11-10,金融期貨,外資及陸資,-20,135,314,-179,-396924
2025-11-10,股票期貨,自營商,-8793,101173,281767,-180594,-63673621
2025-11-10,股票期貨,投信,0,20871,233,20638,7495371
2025-11-10,股票期貨,外資及陸資,-2935,123797,391580,-267783,-111354033
2025-11-10,美國標普500期貨,自營商,0,0,94,-94,-128226
2025-11-10,美國標普500期貨,投信,0,1,0,1,1361
2025-11-10,美國標普500期貨,外資及陸資,4,71,23,48,65620
2025-11-10,美國那斯達克100期貨,自營商,74,15,72,-57,-73257
2025-11-10,美國那斯達克100期貨,投信,0,2,0,2,2549
2025-11-10,美國那斯達克100期貨,外資及陸資,-225,308,472,-164,-208500
2025-11-10,美國道瓊期貨,自營商,3,42,12,30,28530
2025-11-10,美國道瓊期貨,投信,0,1,0,1,944
2025-11-10,美國道瓊期貨,外資及陸資,3,239,165,74,69603
2025-11-10,美國費城半導體期貨,自營商,-17,129,191,-62,-34701
2025-11-10,美國費城半導體期貨,投信,0,6,0,6,3411
2025-11-10,美國費城半導體期貨,外資及陸資,-27,254,206,48,26836
2025-11-11,臺股期貨,自營商,918,6028,4140,1888,10493934
2025-11-11,臺股期貨,投信,-193,28001,6780,21221,117904138
2025-11-11,臺股期貨,外資及陸資,-910,17165,48695,-31530,-175193940
2025-11-11,電子期貨,自營商,10,16,89,-73,-485120
2025-11-11,電子期貨,投信,3,61,0,61,405284
2025-11-11,電子期貨,外資及陸資,-57,146,375,-229,-1521476
2025-11-11,金融期貨,自營商,-43,21,160,-139,-310442
2025-11-11,金融期貨,投信,0,78,0,78,174205
2025-11-11,金融期貨,外資及陸資,24,145,300,-155,-346187
2025-11-11,股票期貨,自營商,-5676,102234,288504,-186270,-63113623
2025-11-11,股票期貨,投信,1821,22682,223,22459,8090550
2025-11-11,股票期貨,外資及陸資,2212,127826,393397,-265571,-110077832
2025-11-11,美國標普500期貨,自營商,-3,0,97,-97,-133400
2025-11-11,美國標普500期貨,投信,0,1,0,1,1370
2025-11-11,美國標普500期貨,外資及陸資,3,74,23,51,70364
2025-11-11,美國那斯達克100期貨,自營商,0,32,89,-57,-73929
2025-11-11,美國那斯達克100期貨,投信,0,2,0,2,2567
2025-11-11,美國那斯達克100期貨,外資及陸資,311,339,192,147,189445
2025-11-11,美國道瓊期貨,自營商,-5,37,12,25,23954
2025-11-11,美國道瓊期貨,投信,0,1,0,1,949
2025-11-11,美國道瓊期貨,外資及陸資,84,238,80,158,149869
2025-11-11,美國費城半導體期貨,自營商,-11,132,205,-73,-41073
2025-11-11,美國費城半導體期貨,投信,0,6,0,6,3429
2025-11-11,美國費城半導體期貨,外資及陸資,24,306,234,72,40631
2025-11-12,臺股期貨,自營商,-1667,4316,4039,277,1554933
2025-11-12,臺股期貨,投信,457,28348,6670,21678,121652527
2025-11-12,臺股期貨,外資及陸資,1378,19241,49205,-29964,-168150281
2025-11-12,電子期貨,自營商,-36,11,120,-109,-731465
2025-11-12,電子期貨,投信,0,61,0,61,409371
2025-11-12,電子期貨,外資及陸資,-3,179,411,-232,-1556952
2025-11-12,金融期貨,自營商,-27,22,188,-166,-371997
2025-11-12,金融期貨,投信,0,78,0,78,174798
2025-11-12,金融期貨,外資及陸資,16,170,309,-139,-311508
2025-11-12,股票期貨,自營商,-6144,104231,296645,-192414,-63829403
2025-11-12,股票期貨,投信,-1156,21526,223,21303,7544337
2025-11-12,股票期貨,外資及陸資,-5970,126241,397782,-271541,-112602750
2025-11-12,美國標普500期貨,自營商,4,0,93,-93,-128597
2025-11-12,美國標普500期貨,投信,0,1,0,1,1378
2025-11-12,美國標普500期貨,外資及陸資,0,74,23,51,70736
2025-11-12,美國那斯達克100期貨,自營商,-9,13,79,-66,-85533
2025-11-12,美國那斯達克100期貨,投信,0,2,0,2,2576
2025-11-12,美國那斯達克100期貨,外資及陸資,-202,331,386,-55,-70431
2025-11-12,美國道瓊期貨,自營商,-5,32,12,20,19430
2025-11-12,美國道瓊期貨,投信,0,1,0,1,962
2025-11-12,美國道瓊期貨,外資及陸資,126,328,44,284,273114
2025-11-12,美國費城半導體期貨,自營商,10,133,196,-63,-35130
2025-11-12,美國費城半導體期貨,投信,0,6,0,6,3393
2025-11-12,美國費城半導體期貨,外資及陸資,-55,278,261,17,9199
2025-11-13,臺股期貨,自營商,1532,5738,3925,1813,10145146
2025-11-13,臺股期貨,投信,46,28397,6673,21724,121559582
2025-11-13,臺股期貨,外資及陸資,-1550,18387,49901,-31514,-176345096
2025-11-13,電子期貨,自營商,3,15,121,-106,-707748
2025-11-13,電子期貨,投信,0,61,0,61,407297
2025-11-13,電子期貨,外資及陸資,5,183,410,-227,-1515679
2025-11-13,金融期貨,自營商,-7,26,199,-173,-388125
2025-11-13,金融期貨,投信,0,78,0,78,175001
2025-11-13,金融期貨,外資及陸資,0,173,312,-139,-311869
2025-11-13,股票期貨,自營商,-546,104695,297655,-192960,-63103123
2025-11-13,股票期貨,投信,-1192,20312,201,20111,7254013
2025-11-13,股票期貨,外資及陸資,-5263,126395,403199,-276804,-112626537
2025-11-13,美國標普500期貨,自營商,4,0,89,-89,-123264
2025-11-13,美國標普500期貨,投信,0,1,0,1,1378
2025-11-13,美國標普500期貨,外資及陸資,-8,69,26,43,59867
2025-11-13,美國那斯達克100期貨,自營商,18,33,81,-48,-62194
2025-11-13,美國那斯達克100期貨,投信,0,2,0,2,2571
2025-11-13,美國那斯達克100期貨,外資及陸資,25,335,365,-30,-38247
2025-11-13,美國道瓊期貨,自營商,2,34,12,22,21376
2025-11-13,美國道瓊期貨,投信,0,1,0,1,970
2025-11-13,美國道瓊期貨,外資及陸資,103,399,12,387,375718
2025-11-13,美國費城半導體期貨,自營商,2,127,188,-61,-34205
2025-11-13,美國費城半導體期貨,投信,0,6,0,6,3418
2025-11-13,美國費城半導體期貨,外資及陸資,74,320,229,91,51344
2025-11-14,臺股期貨,自營商,649,6820,4190,2630,14416864
2025-11-14,臺股期貨,投信,639,29312,6949,22363,122569449
2025-11-14,臺股期貨,外資及陸資,-1149,18329,52924,-34595,-189623192
2025-11-14,電子期貨,自營商,44,38,100,-62,-403444
2025-11-14,電子期貨,投信,-1,60,0,60,390432
2025-11-14,電子期貨,外資及陸資,-18,191,436,-245,-1594265
2025-11-14,金融期貨,自營商,28,34,179,-145,-324583
2025-11-14,金融期貨,投信,0,78,0,78,174683
2025-11-14,金融期貨,外資及陸資,16,202,325,-123,-275420
2025-11-14,股票期貨,自營商,18269,111398,286089,-174691,-54850596
2025-11-14,股票期貨,投信,-4333,15979,201,15778,5505648
2025-11-14,股票期貨,外資及陸資,486,126893,403211,-276318,-107916270
2025-11-14,美國標普500期貨,自營商,1,0,88,-88,-119527
2025-11-14,美國標普500期貨,投信,0,1,0,1,1351
2025-11-14,美國標普500期貨,外資及陸資,-6,82,45,37,50595
2025-11-14,美國那斯達克100期貨,自營商,-22,0,70,-70,-87938
2025-11-14,美國那斯達克100期貨,投信,0,2,0,2,2510
2025-11-14,美國那斯達克100期貨,外資及陸資,-275,313,618,-305,-382802
2025-11-14,美國道瓊期貨,自營商,-68,0,46,-46,-43943
2025-11-14,美國道瓊期貨,投信,0,1,0,1,952
2025-11-14,美國道瓊期貨,外資及陸資,-140,286,39,247,235522
2025-11-14,美國費城半導體期貨,自營商,114,141,88,53,29354
2025-11-14,美國費城半導體期貨,投信,0,6,0,6,3269
2025-11-14,美國費城半導體期貨,外資及陸資,-360,135,404,-269,-147031
2025-11-17,臺股期貨,自營商,-1971,4997,4218,779,4270807
2025-11-17,臺股期貨,投信,-428,28879,6944,21935,120472667
2025-11-17,臺股期貨,外資及陸資,3015,19298,50824,-31526,-173141590
2025-11-17,電子期貨,自營商,-13,85,160,-75,-492593
2025-11-17,電子期貨,投信,0,60,0,60,392420
2025-11-17,電子期貨,外資及陸資,9,161,397,-236,-1540634
2025-11-17,金融期貨,自營商,45,112,212,-100,-221956
2025-11-17,金融期貨,投信,0,78,0,78,173172
2025-11-17,金融期貨,外資及陸資,-52,174,349,-175,-388335
2025-11-17,股票期貨,自營商,11116,120637,284212,-163575,-50703664
2025-11-17,股票期貨,投信,-3238,12726,186,12540,4848428
2025-11-17,股票期貨,外資及陸資,-6617,126140,409075,-282935,-110928872
2025-11-17,美國標普500期貨,自營商,0,0,88,-88,-119888
2025-11-17,美國標普500期貨,投信,0,1,0,1,1356
2025-11-17,美國標普500期貨,外資及陸資,2,102,63,39,53447
2025-11-17,美國那斯達克100期貨,自營商,23,0,47,-47,-59435
2025-11-17,美國那斯達克100期貨,投信,0,2,0,2,2527
2025-11-17,美國那斯達克100期貨,外資及陸資,167,270,408,-138,-173701
2025-11-17,美國道瓊期貨,自營商,-44,0,90,-90,-85466
2025-11-17,美國道瓊期貨,投信,0,1,0,1,946
2025-11-17,美國道瓊期貨,外資及陸資,-53,301,107,194,184016
2025-11-17,美國費城半導體期貨,自營商,15,142,74,68,37978
2025-11-17,美國費城半導體期貨,投信,0,6,0,6,3305
2025-11-17,美國費城半導體期貨,外資及陸資,-18,106,393,-287,-158581
2025-11-18,臺股期貨,自營商,2868,7064,3338,3726,19985251
2025-11-18,臺股期貨,投信,572,29787,7280,22507,120735732
2025-11-18,臺股期貨,外資及陸資,-3461,16232,51279,-35047,-187999052
2025-11-18,電子期貨,自營商,74,121,105,16,102019
2025-11-18,電子期貨,投信,0,60,0,60,381827
2025-11-18,電子期貨,外資及陸資,-69,156,461,-305,-1941416
2025-11-18,金融期貨,自營商,45,130,185,-55,-120970
2025-11-18,金融期貨,投信,0,78,0,78,171680
2025-11-18,金融期貨,外資及陸資,-12,134,321,-187,-411569
2025-11-18,股票期貨,自營商,35964,136363,263974,-127611,-42936007
2025-11-18,股票期貨,投信,-400,12326,186,12140,3968116
2025-11-18,股票期貨,外資及陸資,-1310,123350,407595,-284245,-108238612
2025-11-18,美國標普500期貨,自營商,19,1,70,-69,-92405
2025-11-18,美國標普500期貨,投信,0,1,0,1,1333
2025-11-18,美國標普500期貨,外資及陸資,-21,125,107,18,24413
2025-11-18,美國那斯達克100期貨,自營商,39,22,30,-8,-9888
2025-11-18,美國那斯達克100期貨,投信,0,2,0,2,2475
2025-11-18,美國那斯達克100期貨,外資及陸資,5,250,383,-133,-163964
2025-11-18,美國道瓊期貨,自營商,11,0,79,-79,-73739
2025-11-18,美國道瓊期貨,投信,0,1,0,1,931
2025-11-18,美國道瓊期貨,外資及陸資,-57,269,132,137,127795
2025-11-18,美國費城半導體期貨,自營商,-4,142,78,64,34872
2025-11-18,美國費城半導體期貨,投信,0,6,0,6,3192
2025-11-18,美國費城半導體期貨,外資及陸資,146,156,297,-141,-75777
2025-11-19,臺股期貨,自營商,-584,5043,3196,1847,9828152
2025-11-19,臺股期貨,投信,684,30535,7344,23191,123403949
2025-11-19,臺股期貨,外資及陸資,238,15392,46439,-31047,-165208467
2025-11-19,電子期貨,自營商,7,7,62,-55,-347127
2025-11-19,電子期貨,投信,0,60,0,60,378684
2025-11-19,電子期貨,外資及陸資,-26,121,266,-145,-915153
2025-11-19,金融期貨,自營商,94,56,58,-2,-4379
2025-11-19,金融期貨,投信,0,78,0,78,170804
2025-11-19,金融期貨,外資及陸資,-14,125,238,-113,-247447
2025-11-19,股票期貨,自營商,8118,80438,166939,-86501,-34523225
2025-11-19,股票期貨,投信,-981,6598,186,6412,1448573
2025-11-19,股票期貨,外資及陸資,-3280,78153,348871,-270718,-100899023
2025-11-19,美國標普500期貨,自營商,-7,5,81,-76,-101261
2025-11-19,美國標普500期貨,投信,0,1,0,1,1325
2025-11-19,美國標普500期貨,外資及陸資,9,139,112,27,36288
2025-11-19,美國那斯達克100期貨,自營商,-149,0,157,-157,-192266
2025-11-19,美國那斯達克100期貨,投信,0,2,0,2,2447
2025-11-19,美國那斯達克100期貨,外資及陸資,-57,188,378,-190,-231624
2025-11-19,美國道瓊期貨,自營商,-2,0,81,-81,-74916
2025-11-19,美國道瓊期貨,投信,0,1,0,1,922
2025-11-19,美國道瓊期貨,外資及陸資,-64,214,141,73,67552
2025-11-19,美國費城半導體期貨,自營商,16,149,69,80,42415
2025-11-19,美國費城半導體期貨,投信,0,6,0,6,3141
2025-11-19,美國費城半導體期貨,外資及陸資,-61,122,324,-202,-106285
2025-11-20,臺股期貨,自營商,-2216,3854,4318,-464,-2549983
2025-11-20,臺股期貨,投信,911,31283,7181,24102,132483873
2025-11-20,臺股期貨,外資及陸資,5709,18243,42410,-24167,-132841572
2025-11-20,電子期貨,自營商,-35,5,95,-90,-590390
2025-11-20,電子期貨,投信,-1,59,0,59,387040
2025-11-20,電子期貨,外資及陸資,48,140,237,-97,-636320
2025-11-20,金融期貨,自營商,-9,57,68,-11,-24380
2025-11-20,金融期貨,投信,-26,52,0,52,115253
2025-11-20,金融期貨,外資及陸資,12,151,252,-101,-223857
2025-11-20,股票期貨,自營商,-9114,83320,178935,-95615,-37082285
2025-11-20,股票期貨,投信,1327,7925,186,7739,2372864
2025-11-20,股票期貨,外資及陸資,-1201,92996,364915,-271919,-106258504
2025-11-20,美國標普500期貨,自營商,18,12,70,-58,-78714
2025-11-20,美國標普500期貨,投信,0,1,0,1,1348
2025-11-20,美國標普500期貨,外資及陸資,-20,111,104,7,9939
2025-11-20,美國那斯達克100期貨,自營商,114,29,72,-43,-54722
2025-11-20,美國那斯達克100期貨,投信,0,2,0,2,2519
2025-11-20,美國那斯達克100期貨,外資及陸資,-11,205,406,-201,-251751
2025-11-20,美國道瓊期貨,自營商,41,0,40,-40,-37354
2025-11-20,美國道瓊期貨,投信,0,1,0,1,930
2025-11-20,美國道瓊期貨,外資及陸資,-81,145,153,-8,-7213
2025-11-20,美國費城半導體期貨,自營商,5,150,65,85,47320
2025-11-20,美國費城半導體期貨,投信,0,6,0,6,3314
2025-11-20,美國費城半導體期貨,外資及陸資,28,161,335,-174,-96516
2025-11-21,臺股期貨,自營商,2659,5946,3737,2209,11698837
2025-11-21,臺股期貨,投信,-64,31645,7607,24038,127286018
2025-11-21,臺股期貨,外資及陸資,-7438,15579,48787,-33208,-175846511
2025-11-21,電子期貨,自營商,51,45,84,-39,-243951
2025-11-21,電子期貨,投信,0,59,0,59,369080
2025-11-21,電子期貨,外資及陸資,-111,96,304,-208,-1301164
2025-11-21,金融期貨,自營商,43,85,53,32,70637
2025-11-21,金融期貨,投信,0,52,0,52,114785
2025-11-21,金融期貨,外資及陸資,-12,146,259,-113,-249437
2025-11-21,股票期貨,自營商,10707,89619,174527,-84908,-33031585
2025-11-21,股票期貨,投信,2406,10331,186,10145,3795805
2025-11-21,股票期貨,外資及陸資,205,97438,369152,-271714,-102175636
2025-11-21,美國標普500期貨,自營商,36,31,53,-22,-29511
2025-11-21,美國標普500期貨,投信,0,1,0,1,1316
2025-11-21,美國標普500期貨,外資及陸資,-56,67,116,-49,-63962
2025-11-21,美國那斯達克100期貨,自營商,-82,0,125,-125,-151478
2025-11-21,美國那斯達克100期貨,投信,0,2,0,2,2414
2025-11-21,美國那斯達克100期貨,外資及陸資,-280,257,738,-481,-579115
2025-11-21,美國道瓊期貨,自營商,15,0,25,-25,-23060
2025-11-21,美國道瓊期貨,投信,0,1,0,1,920
2025-11-21,美國道瓊期貨,外資及陸資,77,134,65,69,63662
2025-11-21,美國費城半導體期貨,自營商,-25,126,66,60,31113
2025-11-21,美國費城半導體期貨,投信,0,6,0,6,3051
2025-11-21,美國費城半導體期貨,外資及陸資,-29,133,336,-203,-103917
2025-11-24,臺股期貨,自營商,-1204,5526,4568,958,5102637
2025-11-24,臺股期貨,投信,161,31807,7608,24199,128806438
2025-11-24,臺股期貨,外資及陸資,1910,17426,48612,-31186,-165999928
2025-11-24,電子期貨,自營商,65,112,88,24,150199
2025-11-24,電子期貨,投信,0,59,0,59,369139
2025-11-24,電子期貨,外資及陸資,-84,108,400,-292,-1826927
2025-11-24,金融期貨,自營商,10,104,62,42,94346
2025-11-24,金融期貨,投信,0,52,0,52,116802
2025-11-24,金融期貨,外資及陸資,35,179,257,-78,-175203
2025-11-24,股票期貨,自營商,3439,93371,174840,-81469,-32522795
2025-11-24,股票期貨,投信,415,10761,201,10560,3960817
2025-11-24,股票期貨,外資及陸資,-2583,102711,377008,-274297,-105138399
2025-11-24,美國標普500期貨,自營商,13,33,42,-9,-12406
2025-11-24,美國標普500期貨,投信,0,1,0,1,1331
2025-11-24,美國標普500期貨,外資及陸資,-13,66,128,-62,-82143
2025-11-24,美國那斯達克100期貨,自營商,7,0,118,-118,-145094
2025-11-24,美國那斯達克100期貨,投信,0,2,0,2,2450
2025-11-24,美國那斯達克100期貨,外資及陸資,201,278,558,-280,-341643
2025-11-24,美國道瓊期貨,自營商,10,28,43,-15,-13732
2025-11-24,美國道瓊期貨,投信,0,1,0,1,929
2025-11-24,美國道瓊期貨,外資及陸資,37,188,82,106,98331
2025-11-24,美國費城半導體期貨,自營商,3,131,68,63,33137
2025-11-24,美國費城半導體期貨,投信,0,6,0,6,3107
2025-11-24,美國費城半導體期貨,外資及陸資,-24,119,346,-227,-118181
2025-11-25,臺股期貨,自營商,-957,4720,4719,1,9123
2025-11-25,臺股期貨,投信,147,32078,7732,24346,131142164
2025-11-25,臺股期貨,外資及陸資,-152,17872,47576,-29704,-160006700
2025-11-25,電子期貨,自營商,13,108,71,37,236330
2025-11-25,電子期貨,投信,0,59,0,59,376786
2025-11-25,電子期貨,外資及陸資,45,71,318,-247,-1577392
2025-11-25,金融期貨,自營商,38,110,30,80,178232
2025-11-25,金融期貨,投信,0,52,0,52,115846
2025-11-25,金融期貨,外資及陸資,-46,152,276,-124,-276247
2025-11-25,股票期貨,自營商,-744,96617,178830,-82213,-34363358
2025-11-25,股票期貨,投信,56,10817,201,10616,4309235
2025-11-25,股票期貨,外資及陸資,-9586,104402,388285,-283883,-109876352
2025-11-25,美國標普500期貨,自營商,-15,33,57,-24,-32756
2025-11-25,美國標普500期貨,投信,0,1,0,1,1344
2025-11-25,美國標普500期貨,外資及陸資,11,68,119,-51,-68144
2025-11-25,美國那斯達克100期貨,自營商,64,40,94,-54,-68153
2025-11-25,美國那斯達克100期貨,投信,0,2,0,2,2494
2025-11-25,美國那斯達克100期貨,外資及陸資,117,489,652,-163,-202291
2025-11-25,美國道瓊期貨,自營商,10,49,54,-5,-4282
2025-11-25,美國道瓊期貨,投信,0,1,0,1,930
2025-11-25,美國道瓊期貨,外資及陸資,-22,186,102,84,77869
2025-11-25,美國費城半導體期貨,自營商,-5,130,72,58,31690
2025-11-25,美國費城半導體期貨,投信,0,6,0,6,3219
2025-11-25,美國費城半導體期貨,外資及陸資,79,187,335,-148,-80068
2025-11-26,臺股期貨,自營商,-341,5150,5509,-359,-1961072
2025-11-26,臺股期貨,投信,115,32389,7928,24461,133747856
2025-11-26,臺股期貨,外資及陸資,914,19514,48171,-28657,-156689966
2025-11-26,電子期貨,自營商,-77,84,124,-40,-260486
2025-11-26,電子期貨,投信,81,140,0,140,911652
2025-11-26,電子期貨,外資及陸資,28,99,318,-219,-1426084
2025-11-26,金融期貨,自營商,7,124,37,87,194433
2025-11-26,金融期貨,投信,0,52,0,52,116210
2025-11-26,金融期貨,外資及陸資,22,184,286,-102,-227950
2025-11-26,股票期貨,自營商,-7864,96122,186199,-90077,-36083839
2025-11-26,股票期貨,投信,649,11466,201,11265,5657831
2025-11-26,股票期貨,外資及陸資,1326,108912,391469,-282557,-112504580
2025-11-26,美國標普500期貨,自營商,-1,31,56,-25,-34453
2025-11-26,美國標普500期貨,投信,0,1,0,1,1361
2025-11-26,美國標普500期貨,外資及陸資,3,70,118,-48,-64960
2025-11-26,美國那斯達克100期貨,自營商,30,84,108,-24,-31271
2025-11-26,美國那斯達克100期貨,投信,0,2,0,2,2520
2025-11-26,美國那斯達克100期貨,外資及陸資,13,460,610,-150,-187827
2025-11-26,美國道瓊期貨,自營商,-2,49,56,-7,-6271
2025-11-26,美國道瓊期貨,投信,0,1,0,1,946
2025-11-26,美國道瓊期貨,外資及陸資,126,310,100,210,198464
2025-11-26,美國費城半導體期貨,自營商,6,130,66,64,35214
2025-11-26,美國費城半導體期貨,投信,0,6,0,6,3250
2025-11-26,美國費城半導體期貨,外資及陸資,-21,187,356,-169,-92199
2025-11-27,臺股期貨,自營商,-1028,4469,5922,-1453,-8010336
2025-11-27,臺股期貨,投信,593,32067,7013,25054,138192854
2025-11-27,臺股期貨,外資及陸資,612,19133,47094,-27961,-154229725
2025-11-27,電子期貨,自營商,51,95,84,11,72058
2025-11-27,電子期貨,投信,-57,83,0,83,543517
2025-11-27,電子期貨,外資及陸資,-26,83,328,-245,-1604358
2025-11-27,金融期貨,自營商,16,140,37,103,231921
2025-11-27,金融期貨,投信,0,52,0,52,117083
2025-11-27,金融期貨,外資及陸資,20,190,272,-82,-184631
2025-11-27,股票期貨,自營商,-12421,94086,196584,-102498,-40390531
2025-11-27,股票期貨,投信,624,12090,201,11889,7000707
2025-11-27,股票期貨,外資及陸資,134,111957,394380,-282423,-116073613
2025-11-27,美國標普500期貨,自營商,-2,30,57,-27,-37385
2025-11-27,美國標普500期貨,投信,0,1,0,1,1366
2025-11-27,美國標普500期貨,外資及陸資,-3,67,118,-51,-69284
2025-11-27,美國那斯達克100期貨,自營商,-81,56,161,-105,-134721
2025-11-27,美國那斯達克100期貨,投信,0,2,0,2,2534
2025-11-27,美國那斯達克100期貨,外資及陸資,-161,331,642,-311,-392733
2025-11-27,美國道瓊期貨,自營商,-2,49,58,-9,-8220
2025-11-27,美國道瓊期貨,投信,0,1,0,1,951
2025-11-27,美國道瓊期貨,外資及陸資,32,325,83,242,229991
2025-11-27,美國費城半導體期貨,自營商,-6,126,68,58,32692
2025-11-27,美國費城半導體期貨,投信,0,6,0,6,3323
2025-11-27,美國費城半導體期貨,外資及陸資,32,215,352,-137,-76585
2025-11-28,臺股期貨,自營商,34,4228,5730,-1502,-8327474
2025-11-28,臺股期貨,投信,-167,31821,6934,24887,138058143
2025-11-28,臺股期貨,外資及陸資,1587,20704,47025,-26321,-146015869
2025-11-28,電子期貨,自營商,12,101,78,23,151946
2025-11-28,電子期貨,投信,0,83,0,83,548232
2025-11-28,電子期貨,外資及陸資,8,94,331,-237,-1565432
2025-11-28,金融期貨,自營商,-8,128,33,95,212538
2025-11-28,金融期貨,投信,0,52,0,52,116334
2025-11-28,金融期貨,外資及陸資,-54,158,294,-136,-304259
2025-11-28,股票期貨,自營商,-16995,91881,211374,-119493,-46082580
2025-11-28,股票期貨,投信,375,12473,209,12264,7651858
2025-11-28,股票期貨,外資及陸資,3295,113968,393096,-279128,-115252934
2025-11-28,美國標普500期貨,自營商,0,30,57,-27,-37371
2025-11-28,美國標普500期貨,投信,0,1,0,1,1366
2025-11-28,美國標普500期貨,外資及陸資,-1,66,118,-52,-70624
2025-11-28,美國那斯達克100期貨,自營商,-48,17,170,-153,-195805
2025-11-28,美國那斯達克100期貨,投信,0,2,0,2,2536
2025-11-28,美國那斯達克100期貨,外資及陸資,4,316,623,-307,-387764
2025-11-28,美國道瓊期貨,自營商,-29,38,76,-38,-35941
2025-11-28,美國道瓊期貨,投信,0,1,0,1,953
2025-11-28,美國道瓊期貨,外資及陸資,-3,306,67,239,227778
2025-11-28,美國費城半導體期貨,自營商,0,127,69,58,32804
2025-11-28,美國費城半導體期貨,投信,0,6,0,6,3335
2025-11-28,美國費城半導體期貨,外資及陸資,-1,206,344,-138,-77379
2025-12-01,臺股期貨,自營商,1414,4517,4534,-17,-90293
2025-12-01,臺股期貨,投信,-375,31602,7090,24512,134355174
2025-12-01,臺股期貨,外資及陸資,-2650,18268,47300,-29032,-159132657
2025-12-01,電子期貨,自營商,15,122,84,38,247231
2025-12-01,電子期貨,投信,0,83,0,83,539898
2025-12-01,電子期貨,外資及陸資,-34,93,364,-271,-1762801
2025-12-01,金融期貨,自營商,14,138,29,109,242902
2025-12-01,金融期貨,投信,0,52,0,52,115877
2025-12-01,金融期貨,外資及陸資,-13,149,298,-149,-332031
2025-12-01,股票期貨,自營商,-14768,89180,223441,-134261,-50094647
2025-12-01,股票期貨,投信,8,12473,201,12272,7426651
2025-12-01,股票期貨,外資及陸資,2272,114718,391574,-276856,-112166400
2025-12-01,美國標普500期貨,自營商,1,31,57,-26,-35953
2025-12-01,美國標普500期貨,投信,0,1,0,1,1364
2025-12-01,美國標普500期貨,外資及陸資,0,66,118,-52,-70520
2025-12-01,美國那斯達克100期貨,自營商,-17,6,176,-170,-216220
2025-12-01,美國那斯達克100期貨,投信,0,2,0,2,2522
2025-12-01,美國那斯達克100期貨,外資及陸資,23,324,608,-284,-356687
2025-12-01,美國道瓊期貨,自營商,-4,38,80,-42,-39591
2025-12-01,美國道瓊期貨,投信,0,1,0,1,950
2025-12-01,美國道瓊期貨,外資及陸資,12,327,76,251,238398
2025-12-01,美國費城半導體期貨,自營商,0,127,69,58,32840
2025-12-01,美國費城半導體期貨,投信,0,6,0,6,3339
2025-12-01,美國費城半導體期貨,外資及陸資,-4,204,346,-142,-79694
2025-12-02,臺股期貨,自營商,-334,4369,4726,-357,-1965509
2025-12-02,臺股期貨,投信,-413,31134,7035,24099,132828868
2025-12-02,臺股期貨,外資及陸資,669,18502,46865,-28363,-156332275
2025-12-02,電子期貨,自營商,7,136,91,45,294192
2025-12-02,電子期貨,投信,0,83,0,83,542588
2025-12-02,電子期貨,外資及陸資,-8,75,354,-279,-1823879
2025-12-02,金融期貨,自營商,-50,119,60,59,133058
2025-12-02,金融期貨,投信,0,52,0,52,117260
2025-12-02,金融期貨,外資及陸資,56,185,278,-93,-209715
2025-12-02,股票期貨,自營商,-3899,89682,227842,-138160,-53077783
2025-12-02,股票期貨,投信,281,12743,190,12553,7478127
2025-12-02,股票期貨,外資及陸資,140,116915,393631,-276716,-110076786
2025-12-02,美國標普500期貨,自營商,8,32,50,-18,-25121
2025-12-02,美國標普500期貨,投信,0,1,0,1,1367
2025-12-02,美國標普500期貨,外資及陸資,-10,56,118,-62,-84373
2025-12-02,美國那斯達克100期貨,自營商,22,20,168,-148,-189583
2025-12-02,美國那斯達克100期貨,投信,0,2,0,2,2537
2025-12-02,美國那斯達克100期貨,外資及陸資,14,330,600,-270,-341027
2025-12-02,美國道瓊期貨,自營商,1,36,77,-41,-38521
2025-12-02,美國道瓊期貨,投信,0,1,0,1,946
2025-12-02,美國道瓊期貨,外資及陸資,-61,264,74,190,179863
2025-12-02,美國費城半導體期貨,自營商,2,129,69,60,34444
2025-12-02,美國費城半導體期貨,投信,0,6,0,6,3386
2025-12-02,美國費城半導體期貨,外資及陸資,23,195,314,-119,-67846
2025-12-03,臺股期貨,自營商,664,4624,4376,248,1377382
2025-12-03,臺股期貨,投信,-76,30919,6896,24023,133375696
2025-12-03,臺股期貨,外資及陸資,-861,18808,48032,-29224,-162250328
2025-12-03,電子期貨,自營商,-14,100,84,16,105674
2025-12-03,電子期貨,投信,0,83,0,83,547767
2025-12-03,電子期貨,外資及陸資,9,75,345,-270,-1781892
2025-12-03,金融期貨,自營商,13,135,34,101,227491
2025-12-03,金融期貨,投信,0,52,0,52,117114
2025-12-03,金融期貨,外資及陸資,-41,168,302,-134,-301794
2025-12-03,股票期貨,自營商,-5555,89652,233367,-143715,-55775576
2025-12-03,股票期貨,投信,465,13193,175,13018,7667519
2025-12-03,股票期貨,外資及陸資,-1363,118526,396605,-278079,-109122902
2025-12-03,美國標普500期貨,自營商,7,32,43,-11,-15584
2025-12-03,美國標普500期貨,投信,0,1,0,1,1370
2025-12-03,美國標普500期貨,外資及陸資,-8,55,125,-70,-95523
2025-12-03,美國那斯達克100期貨,自營商,0,1,149,-148,-191547
2025-12-03,美國那斯達克100期貨,投信,0,2,0,2,2566
2025-12-03,美國那斯達克100期貨,外資及陸資,81,422,611,-189,-240871
2025-12-03,美國道瓊期貨,自營商,0,36,77,-41,-38783
2025-12-03,美國道瓊期貨,投信,0,1,0,1,953
2025-12-03,美國道瓊期貨,外資及陸資,7,253,56,197,187788
2025-12-03,美國費城半導體期貨,自營商,-5,127,72,55,32315
2025-12-03,美國費城半導體期貨,投信,0,6,0,6,3460
2025-12-03,美國費城半導體期貨,外資及陸資,36,218,301,-83,-48551
2025-12-04,臺股期貨,自營商,136,4840,4455,385,2140140
2025-12-04,臺股期貨,投信,89,31007,6895,24112,134053075
2025-12-04,臺股期貨,外資及陸資,-215,19214,48653,-29439,-163668234
2025-12-04,電子期貨,自營商,11,119,92,27,178053
2025-12-04,電子期貨,投信,0,83,0,83,547136
2025-12-04,電子期貨,外資及陸資,-8,81,359,-278,-1832576
2025-12-04,金融期貨,自營商,-9,140,48,92,209993
2025-12-04,金融期貨,投信,0,52,0,52,118685
2025-12-04,金融期貨,外資及陸資,68,192,258,-66,-150638
2025-12-04,股票期貨,自營商,1384,91076,233407,-142331,-56274850
2025-12-04,股票期貨,投信,1909,15102,175,14927,8501802
2025-12-04,股票期貨,外資及陸資,-2032,118213,398324,-280111,-111875225
2025-12-04,美國標普500期貨,自營商,-1,32,44,-12,-16926
2025-12-04,美國標普500期貨,投信,0,1,0,1,1374
2025-12-04,美國標普500期貨,外資及陸資,-15,55,140,-85,-116691
2025-12-04,美國那斯達克100期貨,自營商,3,1,146,-145,-187522
2025-12-04,美國那斯達克100期貨,投信,0,2,0,2,2564
2025-12-04,美國那斯達克100期貨,外資及陸資,46,439,582,-143,-181815
2025-12-04,美國道瓊期貨,自營商,0,36,77,-41,-39117
2025-12-04,美國道瓊期貨,投信,0,1,0,1,960
2025-12-04,美國道瓊期貨,外資及陸資,68,324,59,265,254607
2025-12-04,美國費城半導體期貨,自營商,-3,127,75,52,30765
2025-12-04,美國費城半導體期貨,投信,0,6,0,6,3488
2025-12-04,美國費城半導體期貨,外資及陸資,21,242,304,-62,-36723
2025-12-05,臺股期貨,自營商,-1304,4590,5509,-919,-5149535
2025-12-05,臺股期貨,投信,174,31065,6779,24286,136050172
2025-12-05,臺股期貨,外資及陸資,2550,21744,48567,-26823,-150259368
2025-12-05,電子期貨,自營商,0,115,88,27,179949
2025-12-05,電子期貨,投信,0,83,0,83,552963
2025-12-05,電子期貨,外資及陸資,-5,71,354,-283,-1885403
2025-12-05,金融期貨,自營商,23,163,48,115,262842
2025-12-05,金融期貨,投信,0,52,0,52,118841
2025-12-05,金融期貨,外資及陸資,-37,160,263,-103,-235396
2025-12-05,股票期貨,自營商,-5034,91590,238955,-147365,-58569940
2025-12-05,股票期貨,投信,315,15417,175,15242,8904924
2025-12-05,股票期貨,外資及陸資,2797,123213,400527,-277314,-111197007
2025-12-05,美國標普500期貨,自營商,0,34,46,-12,-16956
2025-12-05,美國標普500期貨,投信,0,1,0,1,1375
2025-12-05,美國標普500期貨,外資及陸資,-1,55,141,-86,-118125
2025-12-05,美國那斯達克100期貨,自營商,29,27,143,-116,-150760
2025-12-05,美國那斯達克100期貨,投信,0,2,0,2,2573
2025-12-05,美國那斯達克100期貨,外資及陸資,-67,402,612,-210,-268725
2025-12-05,美國道瓊期貨,自營商,0,36,77,-41,-39058
2025-12-05,美國道瓊期貨,投信,0,1,0,1,959
2025-12-05,美國道瓊期貨,外資及陸資,-17,308,60,248,237937
2025-12-05,美國費城半導體期貨,自營商,-14,126,88,38,22574
2025-12-05,美國費城半導體期貨,投信,0,6,0,6,3491
2025-12-05,美國費城半導體期貨,外資及陸資,-23,221,306,-85,-50071
2025-12-08,臺股期貨,自營商,-62,4633,5607,-974,-5510089
2025-12-08,臺股期貨,投信,187,31117,6644,24473,138438867
2025-12-08,臺股期貨,外資及陸資,-645,22295,49758,-27463,-155348456
2025-12-08,電子期貨,自營商,-12,87,71,16,108288
2025-12-08,電子期貨,投信,0,83,0,83,561545
2025-12-08,電子期貨,外資及陸資,25,112,370,-258,-1745525
2025-12-08,金融期貨,自營商,25,186,46,140,320707
2025-12-08,金融期貨,投信,1,53,0,53,121402
2025-12-08,金融期貨,外資及陸資,-28,139,270,-131,-300069
2025-12-08,股票期貨,自營商,-13588,90202,251155,-160953,-63313871
2025-12-08,股票期貨,投信,-12,15397,167,15230,8960342
2025-12-08,股票期貨,外資及陸資,-1400,123930,402644,-278714,-113065584
2025-12-08,美國標普500期貨,自營商,-6,34,52,-18,-25419
2025-12-08,美國標普500期貨,投信,0,1,0,1,1378
2025-12-08,美國標普500期貨,外資及陸資,-15,55,156,-101,-139221
2025-12-08,美國那斯達克100期貨,自營商,14,40,142,-102,-133172
2025-12-08,美國那斯達克100期貨,投信,0,2,0,2,2580
2025-12-08,美國那斯達克100期貨,外資及陸資,-47,342,599,-257,-330206
2025-12-08,美國道瓊期貨,自營商,-2,36,79,-43,-41063
2025-12-08,美國道瓊期貨,投信,0,1,0,1,961
2025-12-08,美國道瓊期貨,外資及陸資,-32,269,53,216,207664
2025-12-08,美國費城半導體期貨,自營商,6,127,83,44,26285
2025-12-08,美國費城半導體期貨,投信,0,6,0,6,3524
2025-12-08,美國費城半導體期貨,外資及陸資,2,225,308,-83,-49370
2025-12-09,臺股期貨,自營商,1438,5544,5087,457,2577376
2025-12-09,臺股期貨,投信,-147,30973,6647,24326,137281348
2025-12-09,臺股期貨,外資及陸資,-3897,20194,51621,-31427,-177351895
2025-12-09,電子期貨,自營商,26,104,62,42,283253
2025-12-09,電子期貨,投信,0,83,0,83,559686
2025-12-09,電子期貨,外資及陸資,-70,88,416,-328,-2211774
2025-12-09,金融期貨,自營商,2,197,55,142,326766
2025-12-09,金融期貨,投信,0,53,0,53,121953
2025-12-09,金融期貨,外資及陸資,16,147,262,-115,-264608
2025-12-09,股票期貨,自營商,-8466,90870,260289,-169419,-67452085
2025-12-09,股票期貨,投信,1495,16879,154,16725,9290593
2025-12-09,股票期貨,外資及陸資,3931,125289,400072,-274783,-113456766
2025-12-09,美國標普500期貨,自營商,-39,0,57,-57,-78818
2025-12-09,美國標普500期貨,投信,0,1,0,1,1372
2025-12-09,美國標普500期貨,外資及陸資,-62,55,218,-163,-223726
2025-12-09,美國那斯達克100期貨,自營商,23,48,127,-79,-102860
2025-12-09,美國那斯達克100期貨,投信,0,2,0,2,2567
2025-12-09,美國那斯達克100期貨,外資及陸資,-147,312,716,-404,-517217
2025-12-09,美國道瓊期貨,自營商,-1,4,48,-44,-42044
2025-12-09,美國道瓊期貨,投信,0,1,0,1,956
2025-12-09,美國道瓊期貨,外資及陸資,-40,202,26,176,168650
2025-12-09,美國費城半導體期貨,自營商,-49,133,138,-5,-2553
2025-12-09,美國費城半導體期貨,投信,0,6,0,6,3543
2025-12-09,美國費城半導體期貨,外資及陸資,88,235,230,5,2442
2025-12-10,臺股期貨,自營商,-1577,4622,5752,-1130,-6420640
2025-12-10,臺股期貨,投信,583,31481,6572,24909,141483120
2025-12-10,臺股期貨,外資及陸資,2728,21765,50394,-28629,-162607726
2025-12-10,電子期貨,自營商,-5,98,61,37,251678
2025-12-10,電子期貨,投信,10,93,0,93,632605
2025-12-10,電子期貨,外資及陸資,3,109,434,-325,-2210714
2025-12-10,金融期貨,自營商,18,200,40,160,367001
2025-12-10,金融期貨,投信,-40,13,0,13,29817
2025-12-10,金融期貨,外資及陸資,15,154,254,-100,-229352
2025-12-10,股票期貨,自營商,1548,91693,259564,-167871,-71600070
2025-12-10,股票期貨,投信,1424,18295,146,18149,10061080
2025-12-10,股票期貨,外資及陸資,-1652,128239,404674,-276435,-112072288
2025-12-10,美國標普500期貨,自營商,0,0,57,-57,-78662
2025-12-10,美國標普500期貨,投信,0,1,0,1,1370
2025-12-10,美國標普500期貨,外資及陸資,-5,55,223,-168,-230341
2025-12-10,美國那斯達克100期貨,自營商,-23,43,145,-102,-132593
2025-12-10,美國那斯達克100期貨,投信,0,2,0,2,2568
2025-12-10,美國那斯達克100期貨,外資及陸資,-13,297,714,-417,-533950
2025-12-10,美國道瓊期貨,自營商,3,2,43,-41,-39029
2025-12-10,美國道瓊期貨,投信,0,1,0,1,952
2025-12-10,美國道瓊期貨,外資及陸資,-42,168,34,134,127993
2025-12-10,美國費城半導體期貨,自營商,-36,129,170,-41,-23777
2025-12-10,美國費城半導體期貨,投信,0,6,0,6,3535
2025-12-10,美國費城半導體期貨,外資及陸資,-40,218,253,-35,-21324
2025-12-11,臺股期貨,自營商,1545,5614,5219,395,2212588
2025-12-11,臺股期貨,投信,-407,31196,6694,24502,137706700
2025-12-11,臺股期貨,外資及陸資,-2324,21050,52058,-31008,-174265083
2025-12-11,電子期貨,自營商,38,134,59,75,503519
2025-12-11,電子期貨,投信,4,97,0,97,651219
2025-12-11,電子期貨,外資及陸資,-45,72,442,-370,-2484032
2025-12-11,金融期貨,自營商,-23,206,69,137,316133
2025-12-11,金融期貨,投信,0,13,0,13,29994
2025-12-11,金融期貨,外資及陸資,27,168,241,-73,-168421
2025-12-11,股票期貨,自營商,2173,94068,259766,-165698,-70356534
2025-12-11,股票期貨,投信,867,19162,146,19016,10064864
2025-12-11,股票期貨,外資及陸資,532,122595,398498,-275903,-110406960
2025-12-11,美國標普500期貨,自營商,-2,7,66,-59,-81385
2025-12-11,美國標普500期貨,投信,0,1,0,1,1367
2025-12-11,美國標普500期貨,外資及陸資,-6,55,229,-174,-237914
2025-12-11,美國那斯達克100期貨,自營商,-26,41,169,-128,-164813
2025-12-11,美國那斯達克100期貨,投信,0,2,0,2,2550
2025-12-11,美國那斯達克100期貨,外資及陸資,-12,335,764,-429,-545516
2025-12-11,美國道瓊期貨,自營商,3,0,38,-38,-36445
2025-12-11,美國道瓊期貨,投信,0,1,0,1,958
2025-12-11,美國道瓊期貨,外資及陸資,45,202,23,179,171937
2025-12-11,美國費城半導體期貨,自營商,-11,129,181,-52,-30057
2025-12-11,美國費城半導體期貨,投信,0,6,0,6,3518
2025-12-11,美國費城半導體期貨,外資及陸資,28,236,243,-7,-5015
2025-12-12,臺股期貨,自營商,-621,5310,5528,-218,-1254687
2025-12-12,臺股期貨,投信,-266,30792,6556,24236,137130124
2025-12-12,臺股期貨,外資及陸資,1889,22121,51153,-29032,-164241849
2025-12-12,電子期貨,自營商,-33,112,73,39,262949
2025-12-12,電子期貨,投信,0,97,0,97,653819
2025-12-12,電子期貨,外資及陸資,11,94,453,-359,-2419785
2025-12-12,金融期貨,自營商,-30,243,136,107,250351
2025-12-12,金融期貨,投信,0,13,0,13,30404
2025-12-12,金融期貨,外資及陸資,20,191,244,-53,-123992
2025-12-12,股票期貨,自營商,-9626,91483,266807,-175324,-73744456
2025-12-12,股票期貨,投信,-115,19047,146,18901,10045636
2025-12-12,股票期貨,外資及陸資,8250,124224,391877,-267653,-108859985
2025-12-12,美國標普500期貨,自營商,13,6,52,-46,-64118
2025-12-12,美國標普500期貨,投信,0,1,0,1,1382
2025-12-12,美國標普500期貨,外資及陸資,-9,55,238,-183,-253128
2025-12-12,美國那斯達克100期貨,自營商,18,58,168,-110,-142678
2025-12-12,美國那斯達克100期貨,投信,0,2,0,2,2570
2025-12-12,美國那斯達克100期貨,外資及陸資,0,329,758,-429,-549986
2025-12-12,美國道瓊期貨,自營商,22,0,16,-16,-15677
2025-12-12,美國道瓊期貨,投信,0,1,0,1,977
2025-12-12,美國道瓊期貨,外資及陸資,265,471,27,444,435499
2025-12-12,美國費城半導體期貨,自營商,-25,126,203,-77,-45271
2025-12-12,美國費城半導體期貨,投信,0,6,0,6,3550
2025-12-12,美國費城半導體期貨,外資及陸資,23,164,148,16,9273
2025-12-15,臺股期貨,自營商,2001,7696,6129,1567,8679926
2025-12-15,臺股期貨,投信,-97,30625,6486,24139,135014484
2025-12-15,臺股期貨,外資及陸資,-4654,20312,53998,-33686,-188248122
2025-12-15,電子期貨,自營商,39,172,94,78,517090
2025-12-15,電子期貨,投信,-4,93,0,93,616290
2025-12-15,電子期貨,外資及陸資,-44,160,563,-403,-2670712
2025-12-15,金融期貨,自營商,9,257,141,116,271892
2025-12-15,金融期貨,投信,0,13,0,13,30446
2025-12-15,金融期貨,外資及陸資,-17,200,270,-70,-164096
2025-12-15,股票期貨,自營商,-9006,91214,275544,-184330,-75730306
2025-12-15,股票期貨,投信,117,19164,146,19018,10345216
2025-12-15,股票期貨,外資及陸資,686,118131,385098,-266967,-107917861
2025-12-15,美國標普500期貨,自營商,0,8,54,-46,-63712
2025-12-15,美國標普500期貨,投信,0,1,0,1,1370
2025-12-15,美國標普500期貨,外資及陸資,-16,55,254,-199,-273139
2025-12-15,美國那斯達克100期貨,自營商,18,60,152,-92,-117664
2025-12-15,美國那斯達克100期貨,投信,0,2,0,2,2528
2025-12-15,美國那斯達克100期貨,外資及陸資,-322,296,1047,-751,-948413
2025-12-15,美國道瓊期貨,自營商,3,0,13,-13,-12662
2025-12-15,美國道瓊期貨,投信,0,1,0,1,973
2025-12-15,美國道瓊期貨,外資及陸資,-104,376,36,340,331860
2025-12-15,美國費城半導體期貨,自營商,-14,120,211,-91,-51215
2025-12-15,美國費城半導體期貨,投信,0,6,0,6,3393
2025-12-15,美國費城半導體期貨,外資及陸資,-66,105,155,-50,-28562
2025-12-16,臺股期貨,自營商,71,7997,6323,1674,9225117
2025-12-16,臺股期貨,投信,858,31370,6373,24997,138625983
2025-12-16,臺股期貨,外資及陸資,-527,17364,51577,-34213,-189552906
2025-12-16,電子期貨,自營商,-11,142,76,66,430513
2025-12-16,電子期貨,投信,21,114,0,114,749986
2025-12-16,電子期貨,外資及陸資,-22,140,565,-425,-2786021
2025-12-16,金融期貨,自營商,27,288,145,143,335569
2025-12-16,金融期貨,投信,0,13,0,13,30532
2025-12-16,金融期貨,外資及陸資,-16,191,277,-86,-201820
2025-12-16,股票期貨,自營商,20279,97167,261218,-164051,-69908004
2025-12-16,股票期貨,投信,-1703,17461,146,17315,8163927
2025-12-16,股票期貨,外資及陸資,-2446,118492,387905,-269413,-102462913
2025-12-16,美國標普500期貨,自營商,1,12,57,-45,-61789
2025-12-16,美國標普500期貨,投信,0,1,0,1,1358
2025-12-16,美國標普500期貨,外資及陸資,-8,55,262,-207,-281696
2025-12-16,美國那斯達克100期貨,自營商,15,36,113,-77,-96837
2025-12-16,美國那斯達克100期貨,投信,0,2,0,2,2489
2025-12-16,美國那斯達克100期貨,外資及陸資,-24,330,1105,-775,-965188
2025-12-16,美國道瓊期貨,自營商,-16,0,29,-29,-28070
2025-12-16,美國道瓊期貨,投信,0,1,0,1,966
2025-12-16,美國道瓊期貨,外資及陸資,-17,360,37,323,313349
2025-12-16,美國費城半導體期貨,自營商,-55,45,191,-146,-80651
2025-12-16,美國費城半導體期貨,投信,0,6,0,6,3309
2025-12-16,美國費城半導體期貨,外資及陸資,-20,173,243,-70,-38726
2025-12-17,臺股期貨,自營商,518,5329,5408,-79,-433446
2025-12-17,臺股期貨,投信,183,31388,6208,25180,139441849
2025-12-17,臺股期貨,外資及陸資,-274,16177,45209,-29032,-160781072
2025-12-17,電子期貨,自營商,41,33,64,-31,-203280
2025-12-17,電子期貨,投信,-13,101,0,101,662297
2025-12-17,電子期貨,外資及陸資,-71,115,291,-176,-1154102
2025-12-17,金融期貨,自營商,-31,95,74,21,50513
2025-12-17,金融期貨,投信,0,13,0,13,31270
2025-12-17,金融期貨,外資及陸資,131,165,120,45,108245
2025-12-17,股票期貨,自營商,-9305,50615,222470,-171855,-80145737
2025-12-17,股票期貨,投信,-382,8354,146,8208,5271513
2025-12-17,股票期貨,外資及陸資,2818,95663,300551,-204888,-76713958
2025-12-17,美國標普500期貨,自營商,7,20,58,-38,-52346
2025-12-17,美國標普500期貨,投信,0,1,0,1,1358
2025-12-17,美國標普500期貨,外資及陸資,-6,55,268,-213,-290063
2025-12-17,美國那斯達克100期貨,自營商,8,40,109,-69,-87675
2025-12-17,美國那斯達克100期貨,投信,0,2,0,2,2510
2025-12-17,美國那斯達克100期貨,外資及陸資,164,408,1019,-611,-769206
2025-12-17,美國道瓊期貨,自營商,-13,0,42,-42,-40526
2025-12-17,美國道瓊期貨,投信,0,1,0,1,962
2025-12-17,美國道瓊期貨,外資及陸資,-86,276,39,237,228960
2025-12-17,美國費城半導體期貨,自營商,-1,43,190,-147,-81821
2025-12-17,美國費城半導體期貨,投信,1,7,0,7,3923
2025-12-17,美國費城半導體期貨,外資及陸資,9,187,248,-61,-33897
2025-12-18,臺股期貨,自營商,-1251,5678,7022,-1344,-7414440
2025-12-18,臺股期貨,投信,346,31855,6329,25526,140893351
2025-12-18,臺股期貨,外資及陸資,1654,16867,45598,-28731,-158589524
2025-12-18,電子期貨,自營商,-61,26,119,-93,-606506
2025-12-18,電子期貨,投信,0,101,0,101,658762
2025-12-18,電子期貨,外資及陸資,56,119,239,-120,-782688
2025-12-18,金融期貨,自營商,-154,86,219,-133,-320665
2025-12-18,金融期貨,投信,0,13,0,13,31343
2025-12-18,金融期貨,外資及陸資,123,254,86,168,405050
2025-12-18,股票期貨,自營商,-19264,52995,244114,-191119,-87895579
2025-12-18,股票期貨,投信,5705,14082,169,13913,6865145
2025-12-18,股票期貨,外資及陸資,9705,115781,310964,-195183,-73560364
2025-12-18,美國標普500期貨,自營商,-6,14,58,-44,-59847
2025-12-18,美國標普500期貨,投信,0,1,0,1,1345
2025-12-18,美國標普500期貨,外資及陸資,2,55,266,-211,-284487
2025-12-18,美國那斯達克100期貨,自營商,-10,40,119,-79,-98810
2025-12-18,美國那斯達克100期貨,投信,0,2,0,2,2476
2025-12-18,美國那斯達克100期貨,外資及陸資,-276,263,1150,-887,-1103400
2025-12-18,美國道瓊期貨,自營商,0,0,42,-42,-40346
2025-12-18,美國道瓊期貨,投信,0,1,0,1,957
2025-12-18,美國道瓊期貨,外資及陸資,-35,268,66,202,194396
2025-12-18,美國費城半導體期貨,自營商,53,43,137,-94,-51291
2025-12-18,美國費城半導體期貨,投信,0,7,0,7,3837
2025-12-18,美國費城半導體期貨,外資及陸資,-65,129,255,-126,-68707
2025-12-19,臺股期貨,自營商,-1526,4237,7107,-2870,-16008703
2025-12-19,臺股期貨,投信,563,32346,6257,26089,145561003
2025-12-19,臺股期貨,外資及陸資,3025,20240,44668,-24428,-136298788
2025-12-19,電子期貨,自營商,-30,27,151,-124,-816791
2025-12-19,電子期貨,投信,0,101,0,101,665368
2025-12-19,電子期貨,外資及陸資,0,111,231,-120,-790536
2025-12-19,金融期貨,自營商,-29,93,255,-162,-395306
2025-12-19,金融期貨,投信,0,13,0,13,31723
2025-12-19,金融期貨,外資及陸資,47,299,84,215,524639
2025-12-19,股票期貨,自營商,-13521,53994,258634,-204640,-94256235
2025-12-19,股票期貨,投信,0,14082,169,13913,6976119
2025-12-19,股票期貨,外資及陸資,6972,129843,318054,-188211,-72097051
2025-12-19,美國標普500期貨,自營商,-8,0,59,-59,-80618
2025-12-19,美國標普500期貨,投信,0,1,0,1,1366
2025-12-19,美國標普500期貨,外資及陸資,8,55,122,-67,-91549
2025-12-19,美國那斯達克100期貨,自營商,62,0,102,-102,-129229
2025-12-19,美國那斯達克100期貨,投信,0,2,0,2,2534
2025-12-19,美國那斯達克100期貨,外資及陸資,234,203,568,-365,-462437
2025-12-19,美國道瓊期貨,自營商,15,0,2,-2,-1929
2025-12-19,美國道瓊期貨,投信,0,1,0,1,965
2025-12-19,美國道瓊期貨,外資及陸資,14,188,19,169,163018
2025-12-19,美國費城半導體期貨,自營商,6,55,112,-57,-31710
2025-12-19,美國費城半導體期貨,投信,0,7,0,7,3894
2025-12-19,美國費城半導體期貨,外資及陸資,4,80,148,-68,-37829
2025-12-22,臺股期貨,自營商,-744,4021,7637,-3616,-20492773
2025-12-22,臺股期貨,投信,1228,33015,5698,27317,154838258
2025-12-22,臺股期貨,外資及陸資,-1424,20106,45958,-25852,-146537632
2025-12-22,電子期貨,自營商,11,34,149,-115,-772563
2025-12-22,電子期貨,投信,1,102,0,102,685297
2025-12-22,電子期貨,外資及陸資,-9,111,240,-129,-866699
2025-12-22,金融期貨,自營商,-26,100,288,-188,-460885
2025-12-22,金融期貨,投信,0,13,0,13,31871
2025-12-22,金融期貨,外資及陸資,0,297,82,215,527087
2025-12-22,股票期貨,自營商,-27012,54578,286230,-231652,-104749017
2025-12-22,股票期貨,投信,500,14582,169,14413,7449024
2025-12-22,股票期貨,外資及陸資,11877,140214,316548,-176334,-69817445
2025-12-22,美國標普500期貨,自營商,12,0,47,-47,-64942
2025-12-22,美國標普500期貨,投信,0,1,0,1,1382
2025-12-22,美國標普500期貨,外資及陸資,-23,55,151,-96,-132648
2025-12-22,美國那斯達克100期貨,自營商,-15,0,117,-117,-150345
2025-12-22,美國那斯達克100期貨,投信,0,2,0,2,2570
2025-12-22,美國那斯達克100期貨,外資及陸資,-71,150,604,-454,-583390
2025-12-22,美國道瓊期貨,自營商,-1,0,3,-3,-2911
2025-12-22,美國道瓊期貨,投信,0,1,0,1,970
2025-12-22,美國道瓊期貨,外資及陸資,-1,187,15,172,166881
2025-12-22,美國費城半導體期貨,自營商,-5,50,112,-62,-35734
2025-12-22,美國費城半導體期貨,投信,0,7,0,7,4035
2025-12-22,美國費城半導體期貨,外資及陸資,8,93,149,-56,-32277
2025-12-23,臺股期貨,自營商,-601,3988,8204,-4216,-23956244
2025-12-23,臺股期貨,投信,484,33496,5695,27801,157993123
2025-12-23,臺股期貨,外資及陸資,402,20004,45445,-25441,-144584131
2025-12-23,電子期貨,自營商,16,54,153,-99,-667618
2025-12-23,電子期貨,投信,-4,98,0,98,660971
2025-12-23,電子期貨,外資及陸資,-27,97,253,-156,-1052158
2025-12-23,金融期貨,自營商,25,112,275,-163,-397802
2025-12-23,金融期貨,投信,0,13,0,13,31728
2025-12-23,金融期貨,外資及陸資,-38,262,85,177,431980
2025-12-23,股票期貨,自營商,-15551,53629,300832,-247203,-111810638
2025-12-23,股票期貨,投信,1655,16237,169,16068,8572028
2025-12-23,股票期貨,外資及陸資,578,141880,317636,-175756,-66447571
2025-12-23,美國標普500期貨,自營商,0,0,47,-47,-65111
2025-12-23,美國標普500期貨,投信,0,1,0,1,1385
2025-12-23,美國標普500期貨,外資及陸資,0,55,151,-96,-132994
2025-12-23,美國那斯達克100期貨,自營商,-13,0,130,-130,-167109
2025-12-23,美國那斯達克100期貨,投信,0,2,0,2,2571
2025-12-23,美國那斯達克100期貨,外資及陸資,8,157,603,-446,-573299
2025-12-23,美國道瓊期貨,自營商,0,0,3,-3,-2920
2025-12-23,美國道瓊期貨,投信,0,1,0,1,973
2025-12-23,美國道瓊期貨,外資及陸資,-15,165,8,157,152799
2025-12-23,美國費城半導體期貨,自營商,67,124,119,5,3155
2025-12-23,美國費城半導體期貨,投信,0,7,0,7,4040
2025-12-23,美國費城半導體期貨,外資及陸資,-70,68,194,-126,-72888
2025-12-24,臺股期貨,自營商,-827,3732,8777,-5045,-28723224
2025-12-24,臺股期貨,投信,473,33968,5694,28274,160975235
2025-12-24,臺股期貨,外資及陸資,-26,21338,45822,-24484,-139397262
2025-12-24,電子期貨,自營商,-4,44,140,-96,-650763
2025-12-24,電子期貨,投信,-10,88,0,88,596622
2025-12-24,電子期貨,外資及陸資,-1,102,259,-157,-1064428
2025-12-24,金融期貨,自營商,22,119,253,-134,-325309
2025-12-24,金融期貨,投信,0,13,0,13,31561
2025-12-24,金融期貨,外資及陸資,-4,257,84,173,420003
2025-12-24,股票期貨,自營商,-18918,53741,319862,-266121,-120274139
2025-12-24,股票期貨,投信,1414,17659,177,17482,10840544
2025-12-24,股票期貨,外資及陸資,3779,149283,321260,-171977,-66743614
2025-12-24,美國標普500期貨,自營商,0,0,47,-47,-65330
2025-12-24,美國標普500期貨,投信,0,1,0,1,1390
2025-12-24,美國標普500期貨,外資及陸資,1,55,150,-95,-132050
2025-12-24,美國那斯達克100期貨,自營商,-13,0,143,-143,-184491
2025-12-24,美國那斯達克100期貨,投信,0,2,0,2,2580
2025-12-24,美國那斯達克100期貨,外資及陸資,58,162,550,-388,-500533
2025-12-24,美國道瓊期貨,自營商,0,0,3,-3,-2924
2025-12-24,美國道瓊期貨,投信,0,1,0,1,975
2025-12-24,美國道瓊期貨,外資及陸資,10,170,3,167,162775
2025-12-24,美國費城半導體期貨,自營商,5,125,115,10,6070
2025-12-24,美國費城半導體期貨,投信,0,7,0,7,4047
2025-12-24,美國費城半導體期貨,外資及陸資,-12,71,209,-138,-79974
2025-12-26,臺股期貨,自營商,-1263,3451,9760,-6309,-36184125
2025-12-26,臺股期貨,投信,540,34436,5622,28814,165259858
2025-12-26,臺股期貨,外資及陸資,1008,22479,45955,-23476,-134643697
2025-12-26,電子期貨,自營商,1,45,140,-95,-649652
2025-12-26,電子期貨,投信,0,88,0,88,601850
2025-12-26,電子期貨,外資及陸資,-4,111,272,-161,-1101111
2025-12-26,金融期貨,自營商,19,132,247,-115,-277772
2025-12-26,金融期貨,投信,0,13,0,13,31403
2025-12-26,金融期貨,外資及陸資,-17,251,95,156,376825
2025-12-26,股票期貨,自營商,-7192,55818,329131,-273313,-124287383
2025-12-26,股票期貨,投信,415,18074,177,17897,11285322
2025-12-26,股票期貨,外資及陸資,-53,151546,323576,-172030,-66357376
2025-12-26,美國標普500期貨,自營商,0,0,47,-47,-65661
2025-12-26,美國標普500期貨,投信,0,1,0,1,1397
2025-12-26,美國標普500期貨,外資及陸資,6,66,155,-89,-124338
2025-12-26,美國那斯達克100期貨,自營商,5,0,138,-138,-178682
2025-12-26,美國那斯達克100期貨,投信,0,2,0,2,2590
2025-12-26,美國那斯達克100期貨,外資及陸資,-13,147,548,-401,-519190
2025-12-26,美國道瓊期貨,自營商,-2,0,5,-5,-4901
2025-12-26,美國道瓊期貨,投信,0,1,0,1,980
2025-12-26,美國道瓊期貨,外資及陸資,-12,190,35,155,151931
2025-12-26,美國費城半導體期貨,自營商,2,124,112,12,7284
2025-12-26,美國費城半導體期貨,投信,0,7,0,7,4082
2025-12-26,美國費城半導體期貨,外資及陸資,7,71,202,-131,-76586
2025-12-29,臺股期貨,自營商,-142,3427,9876,-6449,-37328616
2025-12-29,臺股期貨,投信,-862,33474,5522,27952,161786219
2025-12-29,臺股期貨,外資及陸資,1239,24408,46581,-22173,-128336039
2025-12-29,電子期貨,自營商,-11,51,157,-106,-732053
2025-12-29,電子期貨,投信,0,88,0,88,607869
2025-12-29,電子期貨,外資及陸資,14,146,293,-147,-1015417
2025-12-29,金融期貨,自營商,0,131,246,-115,-278669
2025-12-29,金融期貨,投信,0,13,0,13,31504
2025-12-29,金融期貨,外資及陸資,-18,234,96,138,334421
2025-12-29,股票期貨,自營商,-13825,56226,343364,-287138,-128969678
2025-12-29,股票期貨,投信,116,18190,177,18013,11532736
2025-12-29,股票期貨,外資及陸資,1977,154665,324718,-170053,-65379416
2025-12-29,美國標普500期貨,自營商,-1,0,48,-48,-67027
2025-12-29,美國標普500期貨,投信,0,1,0,1,1396
2025-12-29,美國標普500期貨,外資及陸資,-24,66,179,-113,-157794
2025-12-29,美國那斯達克100期貨,自營商,-50,0,188,-188,-243056
2025-12-29,美國那斯達克100期貨,投信,0,2,0,2,2586
2025-12-29,美國那斯達克100期貨,外資及陸資,-26,181,608,-427,-552122
2025-12-29,美國道瓊期貨,自營商,-1,0,6,-6,-5883
2025-12-29,美國道瓊期貨,投信,0,1,0,1,981
2025-12-29,美國道瓊期貨,外資及陸資,-11,195,51,144,141200
2025-12-29,美國費城半導體期貨,自營商,-1,125,114,11,6739
2025-12-29,美國費城半導體期貨,投信,0,7,0,7,4074
2025-12-29,美國費城半導體期貨,外資及陸資,-14,83,228,-145,-84643
2025-12-30,臺股期貨,自營商,3002,4784,8226,-3442,-19882402
2025-12-30,臺股期貨,投信,-772,32702,5522,27180,156964547
2025-12-30,臺股期貨,外資及陸資,-4086,21047,47306,-26259,-151645057
2025-12-30,電子期貨,自營商,-19,47,172,-125,-862863
2025-12-30,電子期貨,投信,38,126,0,126,869854
2025-12-30,電子期貨,外資及陸資,-23,160,330,-170,-1173612
2025-12-30,金融期貨,自營商,1,139,253,-114,-276223
2025-12-30,金融期貨,投信,0,13,0,13,31502
2025-12-30,金融期貨,外資及陸資,-12,235,109,126,305314
2025-12-30,股票期貨,自營商,-12544,57599,357281,-299682,-132740573
2025-12-30,股票期貨,投信,3869,22059,177,21882,12773352
2025-12-30,股票期貨,外資及陸資,-2459,162528,335040,-172512,-64426489
2025-12-30,美國標普500期貨,自營商,0,0,48,-48,-66718
2025-12-30,美國標普500期貨,投信,0,1,0,1,1390
2025-12-30,美國標普500期貨,外資及陸資,-2,50,165,-115,-159844
2025-12-30,美國那斯達克100期貨,自營商,-38,0,226,-226,-290930
2025-12-30,美國那斯達克100期貨,投信,0,2,0,2,2575
2025-12-30,美國那斯達克100期貨,外資及陸資,-100,71,598,-527,-678508
2025-12-30,美國道瓊期貨,自營商,0,0,6,-6,-5853
2025-12-30,美國道瓊期貨,投信,0,1,0,1,976
2025-12-30,美國道瓊期貨,外資及陸資,5,209,60,149,145356
2025-12-30,美國費城半導體期貨,自營商,-2,123,114,9,5436
2025-12-30,美國費城半導體期貨,投信,0,7,0,7,4051
2025-12-30,美國費城半導體期貨,外資及陸資,4,84,225,-141,-81779
2025-12-31,臺股期貨,自營商,420,4388,7406,-3018,-17518188
2025-12-31,臺股期貨,投信,-484,32200,5504,26696,154911598
2025-12-31,臺股期貨,外資及陸資,1200,20994,46053,-25059,-145411329
2025-12-31,電子期貨,自營商,67,75,133,-58,-403566
2025-12-31,電子期貨,投信,8,134,0,134,932640
2025-12-31,電子期貨,外資及陸資,-39,158,367,-209,-1454640
2025-12-31,金融期貨,自營商,9,144,256,-112,-269005
2025-12-31,金融期貨,投信,0,13,0,13,31229
2025-12-31,金融期貨,外資及陸資,-96,219,189,30,72050
2025-12-31,股票期貨,自營商,-1763,58939,360384,-301445,-138751364
2025-12-31,股票期貨,投信,2935,24978,161,24817,14589056
2025-12-31,股票期貨,外資及陸資,-9368,160759,342639,-181880,-66514689
2025-12-31,美國標普500期貨,自營商,1,0,47,-47,-65245
2025-12-31,美國標普500期貨,投信,0,1,0,1,1388
2025-12-31,美國標普500期貨,外資及陸資,-1,50,166,-116,-161031
2025-12-31,美國那斯達克100期貨,自營商,-2,1,229,-228,-292307
2025-12-31,美國那斯達克100期貨,投信,0,2,0,2,2564
2025-12-31,美國那斯達克100期貨,外資及陸資,-43,7,577,-570,-731008
2025-12-31,美國道瓊期貨,自營商,-2,0,8,-8,-7781
2025-12-31,美國道瓊期貨,投信,0,1,0,1,973
2025-12-31,美國道瓊期貨,外資及陸資,-22,201,74,127,123514
2025-12-31,美國費城半導體期貨,自營商,2,123,112,11,6657
2025-12-31,美國費城半導體期貨,投信,0,7,0,7,4042
2025-12-31,美國費城半導體期貨,外資及陸資,-3,91,235,-144,-83400
2026-01-02,臺股期貨,自營商,-750,4160,7911,-3751,-22123102
2026-01-02,臺股期貨,投信,340,32414,5378,27036,159398895
2026-01-02,臺股期貨,外資及陸資,1905,23061,46215,-23154,-136498957
2026-01-02,電子期貨,自營商,11,116,163,-47,-334040
2026-01-02,電子期貨,投信,0,134,0,134,952713
2026-01-02,電子期貨,外資及陸資,-1,206,416,-210,-1493058
2026-01-02,金融期貨,自營商,11,163,264,-101,-242991
2026-01-02,金融期貨,投信,0,13,0,13,31281
2026-01-02,金融期貨,外資及陸資,12,247,205,42,101050
2026-01-02,股票期貨,自營商,-20873,58688,381006,-322318,-147819075
2026-01-02,股票期貨,投信,2113,27091,161,26930,15621754
2026-01-02,股票期貨,外資及陸資,14141,171568,339307,-167739,-67073857
2026-01-02,美國標普500期貨,自營商,-1,0,48,-48,-66526
2026-01-02,美國標普500期貨,投信,0,1,0,1,1386
2026-01-02,美國標普500期貨,外資及陸資,-2,39,157,-118,-163542
2026-01-02,美國那斯達克100期貨,自營商,12,1,217,-216,-277063
2026-01-02,美國那斯達克100期貨,投信,0,2,0,2,2565
2026-01-02,美國那斯達克100期貨,外資及陸資,-175,33,778,-745,-955825
2026-01-02,美國道瓊期貨,自營商,-10,0,18,-18,-17456
2026-01-02,美國道瓊期貨,投信,0,1,0,1,970
2026-01-02,美國道瓊期貨,外資及陸資,-44,200,117,83,80479
2026-01-02,美國費城半導體期貨,自營商,0,123,112,11,6716
2026-01-02,美國費城半導體期貨,投信,0,7,0,7,4048
2026-01-02,美國費城半導體期貨,外資及陸資,-6,98,248,-150,-87033
2026-01-05,臺股期貨,自營商,-720,4134,8614,-4480,-27170353
2026-01-05,臺股期貨,投信,457,32819,5326,27493,166657122
2026-01-05,臺股期貨,外資及陸資,-1978,23747,48848,-25101,-152131293
2026-01-05,電子期貨,自營商,8,128,167,-39,-287422
2026-01-05,電子期貨,投信,1,135,0,135,995571
2026-01-05,電子期貨,外資及陸資,-26,149,385,-236,-1740406
2026-01-05,金融期貨,自營商,-4,179,284,-105,-254067
2026-01-05,金融期貨,投信,0,13,0,13,31468
2026-01-05,金融期貨,外資及陸資,5,243,196,47,113749
2026-01-05,股票期貨,自營商,-14620,59182,396120,-336938,-160564141
2026-01-05,股票期貨,投信,736,27827,161,27666,16206571
2026-01-05,股票期貨,外資及陸資,3846,176783,340676,-163893,-64515590
2026-01-05,美國標普500期貨,自營商,-27,0,75,-75,-103729
2026-01-05,美國標普500期貨,投信,0,1,0,1,1383
2026-01-05,美國標普500期貨,外資及陸資,25,0,93,-93,-128624
2026-01-05,美國那斯達克100期貨,自營商,40,0,176,-176,-224426
2026-01-05,美國那斯達克100期貨,投信,0,2,0,2,2550
2026-01-05,美國那斯達克100期貨,外資及陸資,-168,26,939,-913,-1164513
2026-01-05,美國道瓊期貨,自營商,-24,0,42,-42,-40885
2026-01-05,美國道瓊期貨,投信,0,1,0,1,973
2026-01-05,美國道瓊期貨,外資及陸資,-35,195,147,48,46726
2026-01-05,美國費城半導體期貨,自營商,15,121,95,26,15970
2026-01-05,美國費城半導體期貨,投信,0,7,0,7,4204
2026-01-05,美國費城半導體期貨,外資及陸資,7,134,277,-143,-86178
2026-01-06,臺股期貨,自營商,2099,5484,7915,-2431,-14913583
2026-01-06,臺股期貨,投信,24,32722,5205,27517,168552700
2026-01-06,臺股期貨,外資及陸資,-4379,21970,51490,-29520,-180779695
2026-01-06,電子期貨,自營商,49,149,139,10,74984
2026-01-06,電子期貨,投信,0,135,0,135,1009233
2026-01-06,電子期貨,外資及陸資,-44,135,415,-280,-2093224
2026-01-06,金融期貨,自營商,14,202,293,-91,-219922
2026-01-06,金融期貨,投信,0,13,0,13,31437
2026-01-06,金融期貨,外資及陸資,-17,215,185,30,72527
2026-01-06,股票期貨,自營商,-10384,61805,409127,-347322,-169929931
2026-01-06,股票期貨,投信,1573,29400,161,29239,17579648
2026-01-06,股票期貨,外資及陸資,7008,182953,339838,-156885,-67713387
2026-01-06,美國標普500期貨,自營商,0,0,75,-75,-104295
2026-01-06,美國標普500期貨,投信,0,1,0,1,1391
2026-01-06,美國標普500期貨,外資及陸資,1,0,92,-92,-127935
2026-01-06,美國那斯達克100期貨,自營商,-9,0,185,-185,-237577
2026-01-06,美國那斯達克100期貨,投信,0,2,0,2,2568
2026-01-06,美國那斯達克100期貨,外資及陸資,-84,20,1017,-997,-1280672
2026-01-06,美國道瓊期貨,自營商,0,0,42,-42,-41394
2026-01-06,美國道瓊期貨,投信,0,1,0,1,986
2026-01-06,美國道瓊期貨,外資及陸資,28,198,122,76,74926
2026-01-06,美國費城半導體期貨,自營商,6,111,79,32,19680
2026-01-06,美國費城半導體期貨,投信,0,7,0,7,4231
2026-01-06,美國費城半導體期貨,外資及陸資,-5,150,298,-148,-89726
2026-01-07,臺股期貨,自營商,304,5202,7283,-2081,-12725687
2026-01-07,臺股期貨,投信,-536,32218,5237,26981,164670508
2026-01-07,臺股期貨,外資及陸資,34,22073,51495,-29422,-179532117
2026-01-07,電子期貨,自營商,-28,134,156,-22,-163114
2026-01-07,電子期貨,投信,4,139,0,139,1032158
2026-01-07,電子期貨,外資及陸資,30,189,439,-250,-1856400
2026-01-07,金融期貨,自營商,-8,180,314,-134,-321867
2026-01-07,金融期貨,投信,0,13,0,13,31239
2026-01-07,金融期貨,外資及陸資,-12,209,191,18,43235
2026-01-07,股票期貨,自營商,-18187,60615,426124,-365509,-170855554
2026-01-07,股票期貨,投信,70,29485,176,29309,18021333
2026-01-07,股票期貨,外資及陸資,-17745,185327,359957,-174630,-74321496
2026-01-07,美國標普500期貨,自營商,-19,0,94,-94,-131450
2026-01-07,美國標普500期貨,投信,0,1,0,1,1398
2026-01-07,美國標普500期貨,外資及陸資,-4,0,96,-96,-134257
2026-01-07,美國那斯達克100期貨,自營商,18,0,167,-167,-215514
2026-01-07,美國那斯達克100期貨,投信,0,2,0,2,2581
2026-01-07,美國那斯達克100期貨,外資及陸資,53,5,949,-944,-1218533
2026-01-07,美國道瓊期貨,自營商,1,0,41,-41,-40838
2026-01-07,美國道瓊期貨,投信,0,1,0,1,996
2026-01-07,美國道瓊期貨,外資及陸資,53,195,66,129,128511
2026-01-07,美國費城半導體期貨,自營商,6,117,79,38,23727
2026-01-07,美國費城半導體期貨,投信,0,7,0,7,4306
2026-01-07,美國費城半導體期貨,外資及陸資,35,182,295,-113,-69796
2026-01-08,臺股期貨,自營商,-1356,4414,7791,-3377,-20589235
2026-01-08,臺股期貨,投信,-150,32068,5237,26831,163443785
2026-01-08,臺股期貨,外資及陸資,3375,22422,48469,-26047,-158638961
2026-01-08,電子期貨,自營商,-55,62,135,-73,-538630
2026-01-08,電子期貨,投信,-8,131,0,131,967121
2026-01-08,電子期貨,外資及陸資,23,200,427,-227,-1675850
2026-01-08,金融期貨,自營商,-25,187,346,-159,-384547
2026-01-08,金融期貨,投信,0,13,0,13,31450
2026-01-08,金融期貨,外資及陸資,15,239,206,33,79815
2026-01-08,股票期貨,自營商,6167,64381,423723,-359342,-164808113
2026-01-08,股票期貨,投信,0,29485,176,29309,17822990
2026-01-08,股票期貨,外資及陸資,-8730,187622,370982,-183360,-72138507
2026-01-08,美國標普500期貨,自營商,0,0,94,-94,-130627
2026-01-08,美國標普500期貨,投信,0,1,0,1,1390
2026-01-08,美國標普500期貨,外資及陸資,0,0,96,-96,-133417
2026-01-08,美國那斯達克100期貨,自營商,1,0,166,-166,-213991
2026-01-08,美國那斯達克100期貨,投信,0,2,0,2,2578
2026-01-08,美國那斯達克100期貨,外資及陸資,60,24,908,-884,-1139954
2026-01-08,美國道瓊期貨,自營商,-8,0,49,-49,-48181
2026-01-08,美國道瓊期貨,投信,0,1,0,1,983
2026-01-08,美國道瓊期貨,外資及陸資,-29,190,90,100,98351
2026-01-08,美國費城半導體期貨,自營商,52,174,84,90,55215
2026-01-08,美國費城半導體期貨,投信,0,7,0,7,4254
2026-01-08,美國費城半導體期貨,外資及陸資,-61,176,350,-174,-106146
2026-01-09,臺股期貨,自營商,192,4691,7881,-3190,-19446111
2026-01-09,臺股期貨,投信,-278,31828,5275,26553,161723767
2026-01-09,臺股期貨,外資及陸資,-498,22795,49378,-26583,-161881611
2026-01-09,電子期貨,自營商,-36,47,155,-108,-796924
2026-01-09,電子期貨,投信,-20,111,0,111,819424
2026-01-09,電子期貨,外資及陸資,38,189,378,-189,-1395236
2026-01-09,金融期貨,自營商,-6,183,348,-165,-396983
2026-01-09,金融期貨,投信,0,13,0,13,31286
2026-01-09,金融期貨,外資及陸資,-2,243,212,31,74586
2026-01-09,股票期貨,自營商,3107,67999,424234,-356235,-160321847
2026-01-09,股票期貨,投信,-746,28739,176,28563,16577863
2026-01-09,股票期貨,外資及陸資,9308,197974,372026,-174052,-66533206
2026-01-09,美國標普500期貨,自營商,-1,0,95,-95,-132425
2026-01-09,美國標普500期貨,投信,0,1,0,1,1394
2026-01-09,美國標普500期貨,外資及陸資,2,0,94,-94,-131031
2026-01-09,美國那斯達克100期貨,自營商,27,0,139,-139,-178580
2026-01-09,美國那斯達克100期貨,投信,0,2,0,2,2570
2026-01-09,美國那斯達克100期貨,外資及陸資,-70,16,970,-954,-1226037
2026-01-09,美國道瓊期貨,自營商,1,0,48,-48,-47539
2026-01-09,美國道瓊期貨,投信,0,1,0,1,990
2026-01-09,美國道瓊期貨,外資及陸資,48,188,40,148,146591
2026-01-09,美國費城半導體期貨,自營商,3,175,82,93,56197
2026-01-09,美國費城半導體期貨,投信,0,7,0,7,4194
2026-01-09,美國費城半導體期貨,外資及陸資,4,187,357,-170,-102227
2026-01-12,臺股期貨,自營商,730,5036,7493,-2457,-15113975
2026-01-12,臺股期貨,投信,-125,31625,5197,26428,162267992
2026-01-12,臺股期貨,外資及陸資,-336,23261,50153,-26892,-165085453
2026-01-12,電子期貨,自營商,-4,45,157,-112,-835042
2026-01-12,電子期貨,投信,-6,105,0,105,783132
2026-01-12,電子期貨,外資及陸資,54,180,315,-135,-1006884
2026-01-12,金融期貨,自營商,-7,193,365,-172,-413680
2026-01-12,金融期貨,投信,0,13,0,13,31270
2026-01-12,金融期貨,外資及陸資,2,238,205,33,79359
2026-01-12,股票期貨,自營商,-15674,67075,438984,-371909,-166834959
2026-01-12,股票期貨,投信,-600,28139,176,27963,17243621
2026-01-12,股票期貨,外資及陸資,-667,202500,377219,-174719,-65300976
2026-01-12,美國標普500期貨,自營商,0,0,95,-95,-132250
2026-01-12,美國標普500期貨,投信,0,1,0,1,1392
2026-01-12,美國標普500期貨,外資及陸資,0,0,94,-94,-130857
2026-01-12,美國那斯達克100期貨,自營商,-22,0,161,-161,-207078
2026-01-12,美國那斯達克100期貨,投信,0,2,0,2,2572
2026-01-12,美國那斯達克100期貨,外資及陸資,-15,1,970,-969,-1246718
2026-01-12,美國道瓊期貨,自營商,-1,0,49,-49,-48500
2026-01-12,美國道瓊期貨,投信,0,1,0,1,990
2026-01-12,美國道瓊期貨,外資及陸資,21,210,41,169,167276
2026-01-12,美國費城半導體期貨,自營商,-2,172,81,91,55894
2026-01-12,美國費城半導體期貨,投信,0,7,0,7,4260
2026-01-12,美國費城半導體期貨,外資及陸資,-36,173,379,-206,-125804
2026-01-13,臺股期貨,自營商,1074,5639,7068,-1429,-8855282
2026-01-13,臺股期貨,投信,-112,31459,5143,26316,162475056
2026-01-13,臺股期貨,外資及陸資,-3337,23109,53226,-30117,-185910768
2026-01-13,電子期貨,自營商,-9,34,155,-121,-908849
2026-01-13,電子期貨,投信,0,105,0,105,788907
2026-01-13,電子期貨,外資及陸資,-3,136,274,-138,-1036850
2026-01-13,金融期貨,自營商,19,193,346,-153,-368682
2026-01-13,金融期貨,投信,0,13,0,13,31330
2026-01-13,金融期貨,外資及陸資,-17,225,209,16,38541
2026-01-13,股票期貨,自營商,-3237,71105,446251,-375146,-165638609
2026-01-13,股票期貨,投信,-1868,26271,176,26095,15994116
2026-01-13,股票期貨,外資及陸資,-3822,196133,374674,-178541,-63463913
2026-01-13,美國標普500期貨,自營商,30,0,65,-65,-91202
2026-01-13,美國標普500期貨,投信,0,1,0,1,1403
2026-01-13,美國標普500期貨,外資及陸資,-4,0,98,-98,-137504
2026-01-13,美國那斯達克100期貨,自營商,4,0,157,-157,-203448
2026-01-13,美國那斯達克100期貨,投信,0,2,0,2,2592
2026-01-13,美國那斯達克100期貨,外資及陸資,91,14,892,-878,-1138225
2026-01-13,美國道瓊期貨,自營商,1,0,48,-48,-47793
2026-01-13,美國道瓊期貨,投信,0,1,0,1,996
2026-01-13,美國道瓊期貨,外資及陸資,-9,217,57,160,159281
2026-01-13,美國費城半導體期貨,自營商,-2,168,79,89,55152
2026-01-13,美國費城半導體期貨,投信,0,7,0,7,4307
2026-01-13,美國費城半導體期貨,外資及陸資,8,177,375,-198,-122159
2026-01-14,臺股期貨,自營商,1235,6766,6982,-216,-1377268
2026-01-14,臺股期貨,投信,-264,31171,5119,26052,161418269
2026-01-14,臺股期貨,外資及陸資,-3852,23313,57270,-33957,-210362286
2026-01-14,電子期貨,自營商,17,57,162,-105,-791030
2026-01-14,電子期貨,投信,-6,99,0,99,745985
2026-01-14,電子期貨,外資及陸資,-34,134,306,-172,-1296082
2026-01-14,金融期貨,自營商,-1,191,347,-156,-374098
2026-01-14,金融期貨,投信,0,13,0,13,31179
2026-01-14,金融期貨,外資及陸資,-22,222,228,-6,-14417
2026-01-14,股票期貨,自營商,-9729,73149,458024,-384875,-169057929
2026-01-14,股票期貨,投信,-394,25895,194,25701,15513544
2026-01-14,股票期貨,外資及陸資,-971,199497,379009,-179512,-64460236
2026-01-14,美國標普500期貨,自營商,5,0,60,-60,-84015
2026-01-14,美國標普500期貨,投信,0,1,0,1,1400
2026-01-14,美國標普500期貨,外資及陸資,-10,0,108,-108,-151227
2026-01-14,美國那斯達克100期貨,自營商,4,0,153,-153,-198120
2026-01-14,美國那斯達克100期貨,投信,0,2,0,2,2590
2026-01-14,美國那斯達克100期貨,外資及陸資,-41,23,942,-919,-1190448
2026-01-14,美國道瓊期貨,自營商,0,0,48,-48,-47316
2026-01-14,美國道瓊期貨,投信,0,1,0,1,986
2026-01-14,美國道瓊期貨,外資及陸資,-43,218,101,117,115278
2026-01-14,美國費城半導體期貨,自營商,0,172,83,89,56053
2026-01-14,美國費城半導體期貨,投信,0,7,0,7,4378
2026-01-14,美國費城半導體期貨,外資及陸資,25,205,378,-173,-108537
2026-01-15,臺股期貨,自營商,-343,7373,7925,-552,-3439393
2026-01-15,臺股期貨,投信,459,31630,5119,26511,164633806
2026-01-15,臺股期貨,外資及陸資,-240,23635,58765,-35130,-218159895
2026-01-15,電子期貨,自營商,10,69,164,-95,-715268
2026-01-15,電子期貨,投信,0,99,0,99,745312
2026-01-15,電子期貨,外資及陸資,6,158,324,-166,-1249384
2026-01-15,金融期貨,自營商,-31,168,355,-187,-452488
2026-01-15,金融期貨,投信,0,13,0,13,31450
2026-01-15,金融期貨,外資及陸資,36,241,211,30,72558
2026-01-15,股票期貨,自營商,3568,76510,457817,-381307,-167688760
2026-01-15,股票期貨,投信,-230,25665,194,25471,15573219
2026-01-15,股票期貨,外資及陸資,-8650,204147,392309,-188162,-69268900
2026-01-15,美國標普500期貨,自營商,-5,0,65,-65,-90529
2026-01-15,美國標普500期貨,投信,0,1,0,1,1393
2026-01-15,美國標普500期貨,外資及陸資,5,2,105,-103,-143453
2026-01-15,美國那斯達克100期貨,自營商,2,0,151,-151,-193763
2026-01-15,美國那斯達克100期貨,投信,0,2,0,2,2566
2026-01-15,美國那斯達克100期貨,外資及陸資,-139,5,1063,-1058,-1358079
2026-01-15,美國道瓊期貨,自營商,0,0,48,-48,-47393
2026-01-15,美國道瓊期貨,投信,0,1,0,1,987
2026-01-15,美國道瓊期貨,外資及陸資,-18,213,114,99,97679
2026-01-15,美國費城半導體期貨,自營商,15,189,85,104,64878
2026-01-15,美國費城半導體期貨,投信,0,7,0,7,4349
2026-01-15,美國費城半導體期貨,外資及陸資,-13,215,401,-186,-115812
2026-01-16,臺股期貨,自營商,462,6851,6968,-117,-779787
2026-01-16,臺股期貨,投信,486,32030,5033,26997,169955900
2026-01-16,臺股期貨,外資及陸資,1889,26095,59344,-33249,-209243266
2026-01-16,電子期貨,自營商,-21,79,195,-116,-888607
2026-01-16,電子期貨,投信,1,100,0,100,765940
2026-01-16,電子期貨,外資及陸資,62,154,258,-104,-796262
2026-01-16,金融期貨,自營商,-71,193,451,-258,-627908
2026-01-16,金融期貨,投信,0,13,0,13,31642
2026-01-16,金融期貨,外資及陸資,7,266,229,37,89830
2026-01-16,股票期貨,自營商,-6965,76352,464624,-388272,-170705265
2026-01-16,股票期貨,投信,-940,24725,194,24531,15497003
2026-01-16,股票期貨,外資及陸資,-2570,207585,398317,-190732,-69191620
2026-01-16,美國標普500期貨,自營商,1,0,64,-64,-89664
2026-01-16,美國標普500期貨,投信,0,1,0,1,1401
2026-01-16,美國標普500期貨,外資及陸資,-6,4,113,-109,-152687
2026-01-16,美國那斯達克100期貨,自營商,3,0,148,-148,-191179
2026-01-16,美國那斯達克100期貨,投信,0,2,0,2,2584
2026-01-16,美國那斯達克100期貨,外資及陸資,34,8,1032,-1024,-1323223
2026-01-16,美國道瓊期貨,自營商,5,0,43,-43,-42784
2026-01-16,美國道瓊期貨,投信,0,1,0,1,995
2026-01-16,美國道瓊期貨,外資及陸資,60,204,45,159,158126
2026-01-16,美國費城半導體期貨,自營商,-3,182,81,101,64916
2026-01-16,美國費城半導體期貨,投信,0,7,0,7,4454
2026-01-16,美國費城半導體期貨,外資及陸資,2,228,412,-184,-117730
2026-01-19,臺股期貨,自營商,290,7522,7366,156,896856
2026-01-19,臺股期貨,投信,197,32149,4955,27194,172596698
2026-01-19,臺股期貨,外資及陸資,-477,22781,56507,-33726,-213855270
2026-01-19,電子期貨,自營商,-19,94,228,-134,-1033307
2026-01-19,電子期貨,投信,0,100,0,100,771292
2026-01-19,電子期貨,外資及陸資,14,181,271,-90,-694922
2026-01-19,金融期貨,自營商,17,221,462,-241,-589884
2026-01-19,金融期貨,投信,0,13,0,13,31824
2026-01-19,金融期貨,外資及陸資,14,264,213,51,124365
2026-01-19,股票期貨,自營商,-8968,79058,476298,-397240,-174008077
2026-01-19,股票期貨,投信,-202,24518,189,24329,16066367
2026-01-19,股票期貨,外資及陸資,-1386,212462,404580,-192118,-72796568
2026-01-19,美國標普500期貨,自營商,41,0,23,-23,-31852
2026-01-19,美國標普500期貨,投信,0,1,0,1,1385
2026-01-19,美國標普500期貨,外資及陸資,-4,3,116,-113,-156477
2026-01-19,美國那斯達克100期貨,自營商,-7,0,155,-155,-197121
2026-01-19,美國那斯達克100期貨,投信,0,2,0,2,2544
2026-01-19,美國那斯達克100期貨,外資及陸資,-63,6,1093,-1087,-1382962
2026-01-19,美國道瓊期貨,自營商,-2,0,45,-45,-44283
2026-01-19,美國道瓊期貨,投信,0,1,0,1,984
2026-01-19,美國道瓊期貨,外資及陸資,-15,205,61,144,141635
2026-01-19,美國費城半導體期貨,自營商,20,195,74,121,76862
2026-01-19,美國費城半導體期貨,投信,0,7,0,7,4427
2026-01-19,美國費城半導體期貨,外資及陸資,-28,204,416,-212,-134392
2026-01-20,臺股期貨,自營商,340,7182,6699,483,2954383
2026-01-20,臺股期貨,投信,-228,31920,4950,26970,171423202
2026-01-20,臺股期貨,外資及陸資,1037,21969,54644,-32675,-207462728
2026-01-20,電子期貨,自營商,-4,81,205,-124,-958071
2026-01-20,電子期貨,投信,18,118,0,118,914642
2026-01-20,電子期貨,外資及陸資,-3,143,236,-93,-720732
2026-01-20,金融期貨,自營商,-6,219,466,-247,-600123
2026-01-20,金融期貨,投信,0,13,0,13,31749
2026-01-20,金融期貨,外資及陸資,4,261,206,55,132999
2026-01-20,股票期貨,自營商,652,87363,483951,-396588,-172779953
2026-01-20,股票期貨,投信,-245,24261,177,24084,15520447
2026-01-20,股票期貨,外資及陸資,-5732,208621,406471,-197850,-71167404
2026-01-20,美國標普500期貨,自營商,-9,0,32,-32,-44205
2026-01-20,美國標普500期貨,投信,0,1,0,1,1381
2026-01-20,美國標普500期貨,外資及陸資,43,31,101,-70,-96687
2026-01-20,美國那斯達克100期貨,自營商,25,0,130,-130,-165198
2026-01-20,美國那斯達克100期貨,投信,0,2,0,2,2542
2026-01-20,美國那斯達克100期貨,外資及陸資,90,15,1012,-997,-1267508
2026-01-20,美國道瓊期貨,自營商,-3,0,48,-48,-47155
2026-01-20,美國道瓊期貨,投信,0,1,0,1,982
2026-01-20,美國道瓊期貨,外資及陸資,-21,211,88,123,120699
2026-01-20,美國費城半導體期貨,自營商,14,181,46,135,86052
2026-01-20,美國費城半導體期貨,投信,0,7,0,7,4437
2026-01-20,美國費城半導體期貨,外資及陸資,-14,204,430,-226,-143666
2026-01-21,臺股期貨,自營商,1388,3044,5969,-2925,-18411761
2026-01-21,臺股期貨,投信,-369,28931,5041,23890,150368438
2026-01-21,臺股期貨,外資及陸資,-23,20490,44963,-24473,-154052622
2026-01-21,電子期貨,自營商,-20,22,101,-79,-605156
2026-01-21,電子期貨,投信,-14,104,0,104,796661
2026-01-21,電子期貨,外資及陸資,-42,101,223,-122,-934545
2026-01-21,金融期貨,自營商,-55,71,262,-191,-464053
2026-01-21,金融期貨,投信,0,13,0,13,31585
2026-01-21,金融期貨,外資及陸資,16,159,149,10,24296
2026-01-21,股票期貨,自營商,8827,39098,398301,-359203,-161141242
2026-01-21,股票期貨,投信,-479,17710,172,17538,8964462
2026-01-21,股票期貨,外資及陸資,-16289,143124,352293,-209169,-62261574
2026-01-21,美國標普500期貨,自營商,-2,0,34,-34,-46607
2026-01-21,美國標普500期貨,投信,0,1,0,1,1371
2026-01-21,美國標普500期貨,外資及陸資,18,49,101,-52,-71261
2026-01-21,美國那斯達克100期貨,自營商,10,0,120,-120,-151548
2026-01-21,美國那斯達克100期貨,投信,0,2,0,2,2526
2026-01-21,美國那斯達克100期貨,外資及陸資,65,18,950,-932,-1177500
2026-01-21,美國道瓊期貨,自營商,3,0,45,-45,-43909
2026-01-21,美國道瓊期貨,投信,0,1,0,1,976
2026-01-21,美國道瓊期貨,外資及陸資,-3,203,83,120,116944
2026-01-21,美國費城半導體期貨,自營商,-3,179,47,132,83911
2026-01-21,美國費城半導體期貨,投信,0,7,0,7,4423
2026-01-21,美國費城半導體期貨,外資及陸資,4,212,434,-222,-140711
2026-01-22,臺股期貨,自營商,-281,2928,6154,-3226,-20557773
2026-01-22,臺股期貨,投信,230,29232,5112,24120,153707112
2026-01-22,臺股期貨,外資及陸資,189,20380,44673,-24293,-154829711
2026-01-22,電子期貨,自營商,12,43,114,-71,-551644
2026-01-22,電子期貨,投信,-6,98,0,98,761499
2026-01-22,電子期貨,外資及陸資,3,114,233,-119,-924677
2026-01-22,金融期貨,自營商,-66,104,361,-257,-623584
2026-01-22,金融期貨,投信,0,13,0,13,31543
2026-01-22,金融期貨,外資及陸資,-7,146,143,3,7279
2026-01-22,股票期貨,自營商,-5243,44217,408663,-364446,-167623695
2026-01-22,股票期貨,投信,64,17792,190,17602,9622610
2026-01-22,股票期貨,外資及陸資,-20175,147947,377291,-229344,-70612237
2026-01-22,美國標普500期貨,自營商,4,0,30,-30,-41553
2026-01-22,美國標普500期貨,投信,0,1,0,1,1385
2026-01-22,美國標普500期貨,外資及陸資,-7,42,101,-59,-81709
2026-01-22,美國那斯達克100期貨,自營商,-9,10,139,-129,-164862
2026-01-22,美國那斯達克100期貨,投信,0,2,0,2,2556
2026-01-22,美國那斯達克100期貨,外資及陸資,20,7,919,-912,-1166106
2026-01-22,美國道瓊期貨,自營商,0,0,45,-45,-44423
2026-01-22,美國道瓊期貨,投信,0,1,0,1,987
2026-01-22,美國道瓊期貨,外資及陸資,-2,196,78,118,116337
2026-01-22,美國費城半導體期貨,自營商,-44,146,58,88,57911
2026-01-22,美國費城半導體期貨,投信,0,7,0,7,4564
2026-01-22,美國費城半導體期貨,外資及陸資,53,210,379,-169,-110669
2026-01-23,臺股期貨,自營商,-1139,2634,6980,-4346,-27952239
2026-01-23,臺股期貨,投信,643,29799,5036,24763,159270663
2026-01-23,臺股期貨,外資及陸資,1627,21267,43933,-22666,-145803050
2026-01-23,電子期貨,自營商,-30,30,131,-101,-794754
2026-01-23,電子期貨,投信,-2,96,0,96,755462
2026-01-23,電子期貨,外資及陸資,27,126,218,-92,-723985
2026-01-23,金融期貨,自營商,36,110,331,-221,-535527
2026-01-23,金融期貨,投信,0,13,0,13,31502
2026-01-23,金融期貨,外資及陸資,-11,156,164,-8,-19386
2026-01-23,股票期貨,自營商,-9111,44880,418437,-373557,-172335804
2026-01-23,股票期貨,投信,1088,18880,190,18690,11019313
2026-01-23,股票期貨,外資及陸資,-12950,151983,394277,-242294,-74971211
2026-01-23,美國標普500期貨,自營商,-10,0,40,-40,-55680
2026-01-23,美國標普500期貨,投信,0,1,0,1,1392
2026-01-23,美國標普500期貨,外資及陸資,-93,2,154,-152,-211596
2026-01-23,美國那斯達克100期貨,自營商,37,27,119,-92,-118312
2026-01-23,美國那斯達克100期貨,投信,0,2,0,2,2572
2026-01-23,美國那斯達克100期貨,外資及陸資,-11,15,938,-923,-1187537
2026-01-23,美國道瓊期貨,自營商,3,0,42,-42,-41690
2026-01-23,美國道瓊期貨,投信,0,1,0,1,993
2026-01-23,美國道瓊期貨,外資及陸資,-6,179,67,112,111058
2026-01-23,美國費城半導體期貨,自營商,-2,139,53,86,56000
2026-01-23,美國費城半導體期貨,投信,0,7,0,7,4521
2026-01-23,美國費城半導體期貨,外資及陸資,-39,208,416,-208,-134769
2026-01-26,臺股期貨,自營商,1782,3436,5991,-2555,-16428318
2026-01-26,臺股期貨,投信,675,30503,5065,25438,163566340
2026-01-26,臺股期貨,外資及陸資,-3861,17833,44360,-26527,-170586493
2026-01-26,電子期貨,自營商,9,29,121,-92,-721661
2026-01-26,電子期貨,投信,0,96,0,96,753082
2026-01-26,電子期貨,外資及陸資,-28,114,234,-120,-941352
2026-01-26,金融期貨,自營商,-51,105,377,-272,-662483
2026-01-26,金融期貨,投信,0,13,0,13,31663
2026-01-26,金融期貨,外資及陸資,14,164,158,6,14613
2026-01-26,股票期貨,自營商,1838,47369,419088,-371719,-174209678
2026-01-26,股票期貨,投信,2,18882,190,18692,11599316
2026-01-26,股票期貨,外資及陸資,-26090,152040,420424,-268384,-83704994
2026-01-26,美國標普500期貨,自營商,1,0,39,-39,-54058
2026-01-26,美國標普500期貨,投信,0,1,0,1,1386
2026-01-26,美國標普500期貨,外資及陸資,-2,2,156,-154,-213472
2026-01-26,美國那斯達克100期貨,自營商,-63,0,155,-155,-198997
2026-01-26,美國那斯達克100期貨,投信,0,2,0,2,2568
2026-01-26,美國那斯達克100期貨,外資及陸資,97,12,838,-826,-1061162
2026-01-26,美國道瓊期貨,自營商,5,0,37,-37,-36377
2026-01-26,美國道瓊期貨,投信,0,1,0,1,983
2026-01-26,美國道瓊期貨,外資及陸資,-49,187,124,63,61816
2026-01-26,美國費城半導體期貨,自營商,-6,130,50,80,51422
2026-01-26,美國費城半導體期貨,投信,0,7,0,7,4458
2026-01-26,美國費城半導體期貨,外資及陸資,-24,192,424,-232,-148207
2026-01-27,臺股期貨,自營商,-272,3400,6236,-2836,-18437299
2026-01-27,臺股期貨,投信,329,30762,4995,25767,167511267
2026-01-27,臺股期貨,外資及陸資,1212,19233,44551,-25318,-164604151
2026-01-27,電子期貨,自營商,-15,28,136,-108,-859554
2026-01-27,電子期貨,投信,0,96,0,96,764064
2026-01-27,電子期貨,外資及陸資,10,110,220,-110,-875490
2026-01-27,金融期貨,自營商,-11,121,404,-283,-688313
2026-01-27,金融期貨,投信,0,13,0,13,31619
2026-01-27,金融期貨,外資及陸資,30,194,158,36,87559
2026-01-27,股票期貨,自營商,3140,50366,418945,-368579,-175270287
2026-01-27,股票期貨,投信,1101,19991,198,19793,12778902
2026-01-27,股票期貨,外資及陸資,-8525,153970,430879,-276909,-86957249
2026-01-27,美國標普500期貨,自營商,2,0,37,-37,-51819
2026-01-27,美國標普500期貨,投信,0,1,0,1,1401
2026-01-27,美國標普500期貨,外資及陸資,-20,2,176,-174,-243699
2026-01-27,美國那斯達克100期貨,自營商,2,2,155,-153,-198961
2026-01-27,美國那斯達克100期貨,投信,0,2,0,2,2601
2026-01-27,美國那斯達克100期貨,外資及陸資,65,18,779,-761,-990233
2026-01-27,美國道瓊期貨,自營商,-3,0,40,-40,-39630
2026-01-27,美國道瓊期貨,投信,0,1,0,1,991
2026-01-27,美國道瓊期貨,外資及陸資,15,179,101,78,77148
2026-01-27,美國費城半導體期貨,自營商,-15,116,51,65,42247
2026-01-27,美國費城半導體期貨,投信,0,7,0,7,4502
2026-01-27,美國費城半導體期貨,外資及陸資,6,191,417,-226,-145851
2026-01-28,臺股期貨,自營商,282,3710,6287,-2577,-16969336
2026-01-28,臺股期貨,投信,695,31336,4874,26462,174252270
2026-01-28,臺股期貨,外資及陸資,-2614,18558,46490,-27932,-183944627
2026-01-28,電子期貨,自營商,62,68,99,-31,-250494
2026-01-28,電子期貨,投信,0,96,0,96,775776
2026-01-28,電子期貨,外資及陸資,-81,76,267,-191,-1543471
2026-01-28,金融期貨,自營商,9,98,394,-296,-718629
2026-01-28,金融期貨,投信,0,13,0,13,31561
2026-01-28,金融期貨,外資及陸資,-55,173,192,-19,-46129
2026-01-28,股票期貨,自營商,-2813,52159,423551,-371392,-180649557
2026-01-28,股票期貨,投信,3104,23095,198,22897,13772875
2026-01-28,股票期貨,外資及陸資,-20304,157141,454354,-297213,-97313860
2026-01-28,美國標普500期貨,自營商,0,0,37,-37,-52015
2026-01-28,美國標普500期貨,投信,0,1,0,1,1406
2026-01-28,美國標普500期貨,外資及陸資,-26,2,202,-200,-281172
2026-01-28,美國那斯達克100期貨,自營商,31,0,122,-122,-160119
2026-01-28,美國那斯達克100期貨,投信,0,2,0,2,2625
2026-01-28,美國那斯達克100期貨,外資及陸資,62,29,728,-699,-918144
2026-01-28,美國道瓊期貨,自營商,0,0,40,-40,-39350
2026-01-28,美國道瓊期貨,投信,0,1,0,1,984
2026-01-28,美國道瓊期貨,外資及陸資,-86,166,174,-8,-8027
2026-01-28,美國費城半導體期貨,自營商,4,131,62,69,46371
2026-01-28,美國費城半導體期貨,投信,0,7,0,7,4655
2026-01-28,美國費城半導體期貨,外資及陸資,22,194,398,-204,-136175
2026-01-29,臺股期貨,自營商,1844,5413,6241,-828,-5434687
2026-01-29,臺股期貨,投信,-77,31283,4898,26385,172948398
2026-01-29,臺股期貨,外資及陸資,-4770,17591,50293,-32702,-214372290
2026-01-29,電子期貨,自營商,-28,39,98,-59,-473065
2026-01-29,電子期貨,投信,1,97,0,97,777785
2026-01-29,電子期貨,外資及陸資,-37,125,353,-228,-1828195
2026-01-29,金融期貨,自營商,-6,95,397,-302,-738511
2026-01-29,金融期貨,投信,0,13,0,13,31790
2026-01-29,金融期貨,外資及陸資,17,170,172,-2,-4891
2026-01-29,股票期貨,自營商,26336,57338,402394,-345056,-171816060
2026-01-29,股票期貨,投信,752,23847,198,23649,13615765
2026-01-29,股票期貨,外資及陸資,-10897,161882,469992,-308110,-101493718
2026-01-29,美國標普500期貨,自營商,3,0,34,-34,-47716
2026-01-29,美國標普500期貨,投信,0,1,0,1,1403
2026-01-29,美國標普500期貨,外資及陸資,-26,2,228,-226,-317168
2026-01-29,美國那斯達克100期貨,自營商,18,19,123,-104,-136537
2026-01-29,美國那斯達克100期貨,投信,0,2,0,2,2626
2026-01-29,美國那斯達克100期貨,外資及陸資,48,29,680,-651,-855511
2026-01-29,美國道瓊期貨,自營商,18,0,22,-22,-21626
2026-01-29,美國道瓊期貨,投信,0,1,0,1,983
2026-01-29,美國道瓊期貨,外資及陸資,13,168,163,5,4770
2026-01-29,美國費城半導體期貨,自營商,3,123,51,72,48621
2026-01-29,美國費城半導體期貨,投信,0,7,0,7,4689
2026-01-29,美國費城半導體期貨,外資及陸資,-12,188,404,-216,-145095
2026-01-30,臺股期貨,自營商,436,6250,6646,-396,-2557605
2026-01-30,臺股期貨,投信,-818,30605,5038,25567,164917377
2026-01-30,臺股期貨,外資及陸資,58,17509,50179,-32670,-210759915
2026-01-30,電子期貨,自營商,-21,27,107,-80,-631400
2026-01-30,電子期貨,投信,1,98,0,98,773514
2026-01-30,電子期貨,外資及陸資,18,131,341,-210,-1657530
2026-01-30,金融期貨,自營商,14,108,396,-288,-693504
2026-01-30,金融期貨,投信,0,13,0,13,31304
2026-01-30,金融期貨,外資及陸資,-75,171,248,-77,-185416
2026-01-30,股票期貨,自營商,10401,62182,396837,-334655,-170617943
2026-01-30,股票期貨,投信,-4700,19147,198,18949,12788588
2026-01-30,股票期貨,外資及陸資,-1088,169034,478232,-309198,-95251360
2026-01-30,美國標普500期貨,自營商,0,0,34,-34,-47382
2026-01-30,美國標普500期貨,投信,0,1,0,1,1394
2026-01-30,美國標普500期貨,外資及陸資,51,2,177,-175,-243880
2026-01-30,美國那斯達克100期貨,自營商,10,34,128,-94,-121579
2026-01-30,美國那斯達克100期貨,投信,0,2,0,2,2587
2026-01-30,美國那斯達克100期貨,外資及陸資,-179,2,832,-830,-1074644
2026-01-30,美國道瓊期貨,自營商,2,0,20,-20,-19600
2026-01-30,美國道瓊期貨,投信,0,1,0,1,980
2026-01-30,美國道瓊期貨,外資及陸資,45,157,107,50,48854
2026-01-30,美國費城半導體期貨,自營商,-7,113,48,65,43326
2026-01-30,美國費城半導體期貨,投信,0,7,0,7,4624
2026-01-30,美國費城半導體期貨,外資及陸資,28,200,388,-188,-124585
2026-02-02,臺股期貨,自營商,597,6542,6331,211,1338606
2026-02-02,臺股期貨,投信,-167,30636,5236,25400,160610381
2026-02-02,臺股期貨,外資及陸資,5075,21490,49163,-27673,-175008412
2026-02-02,電子期貨,自營商,23,32,87,-55,-424974
2026-02-02,電子期貨,投信,0,98,0,98,757442
2026-02-02,電子期貨,外資及陸資,-7,140,357,-217,-1677193
2026-02-02,金融期貨,自營商,18,77,347,-270,-644868
2026-02-02,金融期貨,投信,0,13,0,13,31049
2026-02-02,金融期貨,外資及陸資,5,182,254,-72,-171965
2026-02-02,股票期貨,自營商,17298,66605,383962,-317357,-160177300
2026-02-02,股票期貨,投信,837,19949,163,19786,12378278
2026-02-02,股票期貨,外資及陸資,27085,177183,459296,-282113,-83646533
2026-02-02,美國標普500期貨,自營商,1,4,37,-33,-45653
2026-02-02,美國標普500期貨,投信,0,1,0,1,1380
2026-02-02,美國標普500期貨,外資及陸資,127,11,59,-48,-66095
2026-02-02,美國那斯達克100期貨,自營商,-5,32,131,-99,-125154
2026-02-02,美國那斯達克100期貨,投信,0,2,0,2,2527
2026-02-02,美國那斯達克100期貨,外資及陸資,85,15,760,-745,-942372
2026-02-02,美國道瓊期貨,自營商,-39,0,59,-59,-57401
2026-02-02,美國道瓊期貨,投信,0,1,0,1,973
2026-02-02,美國道瓊期貨,外資及陸資,54,159,55,104,101021
2026-02-02,美國費城半導體期貨,自營商,3,110,42,68,43183
2026-02-02,美國費城半導體期貨,投信,0,7,0,7,4407
2026-02-02,美國費城半導體期貨,外資及陸資,-9,199,396,-197,-124434
2026-02-03,臺股期貨,自營商,-965,6075,6843,-768,-4952085
2026-02-03,臺股期貨,投信,779,31227,5048,26179,169033752
2026-02-03,臺股期貨,外資及陸資,1092,22831,49327,-26496,-171105759
2026-02-03,電子期貨,自營商,-42,12,109,-97,-768875
2026-02-03,電子期貨,投信,1,99,0,99,784733
2026-02-03,電子期貨,外資及陸資,34,151,334,-183,-1450572
2026-02-03,金融期貨,自營商,-13,101,384,-283,-683559
2026-02-03,金融期貨,投信,0,13,0,13,31400
2026-02-03,金融期貨,外資及陸資,35,201,238,-37,-89370
2026-02-03,股票期貨,自營商,16732,69476,370101,-300625,-155834924
2026-02-03,股票期貨,投信,-59,19890,163,19727,12119479
2026-02-03,股票期貨,外資及陸資,-5577,174716,462406,-287690,-86533432
2026-02-03,美國標普500期貨,自營商,18,4,19,-15,-21195
2026-02-03,美國標普500期貨,投信,0,1,0,1,1405
2026-02-03,美國標普500期貨,外資及陸資,-39,8,95,-87,-122120
2026-02-03,美國那斯達克100期貨,自營商,12,31,118,-87,-113072
2026-02-03,美國那斯達克100期貨,投信,0,2,0,2,2598
2026-02-03,美國那斯達克100期貨,外資及陸資,99,18,664,-646,-840051
2026-02-03,美國道瓊期貨,自營商,1,0,58,-58,-57475
2026-02-03,美國道瓊期貨,投信,0,1,0,1,991
2026-02-03,美國道瓊期貨,外資及陸資,30,180,46,134,132685
2026-02-03,美國費城半導體期貨,自營商,-19,107,58,49,32564
2026-02-03,美國費城半導體期貨,投信,0,7,0,7,4604
2026-02-03,美國費城半導體期貨,外資及陸資,-6,198,401,-203,-133876
2026-02-04,臺股期貨,自營商,568,7076,7373,-297,-1921741
2026-02-04,臺股期貨,投信,262,31460,5019,26441,171423429
2026-02-04,臺股期貨,外資及陸資,797,22837,48536,-25699,-166639283
2026-02-04,電子期貨,自營商,-48,12,156,-144,-1143957
2026-02-04,電子期貨,投信,-2,97,0,97,770587
2026-02-04,電子期貨,外資及陸資,64,133,252,-119,-945367
2026-02-04,金融期貨,自營商,-13,80,349,-269,-654212
2026-02-04,金融期貨,投信,0,13,0,13,31616
2026-02-04,金融期貨,外資及陸資,33,211,215,-4,-9728
2026-02-04,股票期貨,自營商,-7992,69001,377618,-308617,-159610721
2026-02-04,股票期貨,投信,1391,21289,171,21118,13244069
2026-02-04,股票期貨,外資及陸資,-3211,175496,466397,-290901,-92725034
2026-02-04,美國標普500期貨,自營商,2,5,18,-13,-18195
2026-02-04,美國標普500期貨,投信,0,1,0,1,1390
2026-02-04,美國標普500期貨,外資及陸資,-1,12,100,-88,-122263
2026-02-04,美國那斯達克100期貨,自營商,-29,20,136,-116,-147687
2026-02-04,美國那斯達克100期貨,投信,0,2,0,2,2546
2026-02-04,美國那斯達克100期貨,外資及陸資,-341,0,987,-987,-1257136
2026-02-04,美國道瓊期貨,自營商,-1,0,59,-59,-58316
2026-02-04,美國道瓊期貨,投信,0,1,0,1,988
2026-02-04,美國道瓊期貨,外資及陸資,-10,161,37,124,122474
2026-02-04,美國費城半導體期貨,自營商,-21,82,54,28,18042
2026-02-04,美國費城半導體期貨,投信,0,7,0,7,4468
2026-02-04,美國費城半導體期貨,外資及陸資,-7,157,367,-210,-134250
2026-02-05,臺股期貨,自營商,2911,8882,6406,2476,15800786
2026-02-05,臺股期貨,投信,-356,31267,5182,26085,166435572
2026-02-05,臺股期貨,外資及陸資,-988,23294,50037,-26743,-170678654
2026-02-05,電子期貨,自營商,25,19,135,-116,-903263
2026-02-05,電子期貨,投信,0,97,0,97,755358
2026-02-05,電子期貨,外資及陸資,-36,150,305,-155,-1207033
2026-02-05,金融期貨,自營商,43,104,330,-226,-551187
2026-02-05,金融期貨,投信,0,13,0,13,31704
2026-02-05,金融期貨,外資及陸資,55,209,158,51,124379
2026-02-05,股票期貨,自營商,6742,76986,378861,-301875,-153067200
2026-02-05,股票期貨,投信,943,22239,178,22061,12994868
2026-02-05,股票期貨,外資及陸資,-5110,173449,469460,-296011,-90106657
2026-02-05,美國標普500期貨,自營商,-1,2,16,-14,-19452
2026-02-05,美國標普500期貨,投信,0,1,0,1,1380
2026-02-05,美國標普500期貨,外資及陸資,-2,11,101,-90,-124183
2026-02-05,美國那斯達克100期貨,自營商,42,27,101,-74,-92665
2026-02-05,美國那斯達克100期貨,投信,0,2,0,2,2504
2026-02-05,美國那斯達克100期貨,外資及陸資,210,10,787,-777,-973366
2026-02-05,美國道瓊期貨,自營商,7,0,52,-52,-51527
2026-02-05,美國道瓊期貨,投信,0,1,0,1,991
2026-02-05,美國道瓊期貨,外資及陸資,53,206,29,177,175352
2026-02-05,美國費城半導體期貨,自營商,-15,58,45,13,8126
2026-02-05,美國費城半導體期貨,投信,0,7,0,7,4323
2026-02-05,美國費城半導體期貨,外資及陸資,-44,130,384,-254,-156992
2026-02-06,臺股期貨,自營商,-1222,8489,7218,1271,8087463
2026-02-06,臺股期貨,投信,-226,31115,5256,25859,164411901
2026-02-06,臺股期貨,外資及陸資,1636,22080,47182,-25102,-159642825
2026-02-06,電子期貨,自營商,7,26,135,-109,-846938
2026-02-06,電子期貨,投信,0,97,0,97,753690
2026-02-06,電子期貨,外資及陸資,23,150,282,-132,-1025640
2026-02-06,金融期貨,自營商,6,135,355,-220,-535295
2026-02-06,金融期貨,投信,0,13,0,13,31629
2026-02-06,金融期貨,外資及陸資,-18,187,154,33,80289
2026-02-06,股票期貨,自營商,19108,86439,369206,-282767,-144831323
2026-02-06,股票期貨,投信,-4929,17310,178,17132,10834039
2026-02-06,股票期貨,外資及陸資,13411,178665,461265,-282600,-84909971
2026-02-06,美國標普500期貨,自營商,1,1,14,-13,-17819
2026-02-06,美國標普500期貨,投信,0,1,0,1,1362
2026-02-06,美國標普500期貨,外資及陸資,-7,12,109,-97,-132037
2026-02-06,美國那斯達克100期貨,自營商,-16,18,108,-90,-110591
2026-02-06,美國那斯達克100期貨,投信,0,2,0,2,2457
2026-02-06,美國那斯達克100期貨,外資及陸資,23,1,755,-754,-926815
2026-02-06,美國道瓊期貨,自營商,-3,0,55,-55,-53822
2026-02-06,美國道瓊期貨,投信,0,1,0,1,979
2026-02-06,美國道瓊期貨,外資及陸資,-62,146,31,115,112504
2026-02-06,美國費城半導體期貨,自營商,4,62,45,17,10499
2026-02-06,美國費城半導體期貨,投信,0,7,0,7,4283
2026-02-06,美國費城半導體期貨,外資及陸資,19,141,376,-235,-143925
2026-02-09,臺股期貨,自營商,-1980,5997,6654,-657,-4303596
2026-02-09,臺股期貨,投信,989,31865,5017,26848,175361079
2026-02-09,臺股期貨,外資及陸資,163,24970,48555,-23585,-154072578
2026-02-09,電子期貨,自營商,-40,13,162,-149,-1194868
2026-02-09,電子期貨,投信,0,97,0,97,777917
2026-02-09,電子期貨,外資及陸資,57,128,203,-75,-601617
2026-02-09,金融期貨,自營商,-30,135,385,-250,-618143
2026-02-09,金融期貨,投信,0,13,0,13,32141
2026-02-09,金融期貨,外資及陸資,65,227,129,98,242295
2026-02-09,股票期貨,自營商,-698,87227,370692,-283465,-149863957
2026-02-09,股票期貨,投信,221,17531,178,17353,11370691
2026-02-09,股票期貨,外資及陸資,-9657,175133,467390,-292257,-90566884
2026-02-09,美國標普500期貨,自營商,2,4,15,-11,-15441
2026-02-09,美國標普500期貨,投信,0,1,0,1,1393
2026-02-09,美國標普500期貨,外資及陸資,17,16,96,-80,-111364
2026-02-09,美國那斯達克100期貨,自營商,-6,30,126,-96,-121086
2026-02-09,美國那斯達克100期貨,投信,0,2,0,2,2522
2026-02-09,美國那斯達克100期貨,外資及陸資,54,5,705,-700,-883521
2026-02-09,美國道瓊期貨,自營商,5,0,50,-50,-50300
2026-02-09,美國道瓊期貨,投信,0,1,0,1,1006
2026-02-09,美國道瓊期貨,外資及陸資,82,213,16,197,198343
2026-02-09,美國費城半導體期貨,自營商,-53,53,89,-36,-23201
2026-02-09,美國費城半導體期貨,投信,0,7,0,7,4536
2026-02-09,美國費城半導體期貨,外資及陸資,44,144,335,-191,-123956
2026-02-10,臺股期貨,自營商,-1882,6590,9364,-2774,-18604058
2026-02-10,臺股期貨,投信,1339,32800,4613,28187,188294492
2026-02-10,臺股期貨,外資及陸資,-1393,29343,54227,-24884,-166224050
2026-02-10,電子期貨,自營商,8,9,150,-141,-1158937
2026-02-10,電子期貨,投信,0,97,0,97,798377
2026-02-10,電子期貨,外資及陸資,-38,217,330,-113,-932115
2026-02-10,金融期貨,自營商,10,169,409,-240,-598161
2026-02-10,金融期貨,投信,0,13,0,13,32391
2026-02-10,金融期貨,外資及陸資,-15,211,128,83,206950
2026-02-10,股票期貨,自營商,2591,87553,368427,-280874,-147018491
2026-02-10,股票期貨,投信,627,18166,186,17980,10511128
2026-02-10,股票期貨,外資及陸資,5393,183842,470706,-286864,-87979153
2026-02-10,美國標普500期貨,自營商,-39,0,50,-50,-69915
2026-02-10,美國標普500期貨,投信,0,1,0,1,1396
2026-02-10,美國標普500期貨,外資及陸資,-3,27,110,-83,-115812
2026-02-10,美國那斯達克100期貨,自營商,-6,20,122,-102,-129340
2026-02-10,美國那斯達克100期貨,投信,0,2,0,2,2535
2026-02-10,美國那斯達克100期貨,外資及陸資,4,4,700,-696,-882768
2026-02-10,美國道瓊期貨,自營商,-6,0,56,-56,-56278
2026-02-10,美國道瓊期貨,投信,0,1,0,1,1005
2026-02-10,美國道瓊期貨,外資及陸資,-112,150,65,85,85550
2026-02-10,美國費城半導體期貨,自營商,-12,52,100,-48,-31297
2026-02-10,美國費城半導體期貨,投信,0,7,0,7,4581
2026-02-10,美國費城半導體期貨,外資及陸資,-3,126,320,-194,-127071
2026-02-11,臺股期貨,自營商,1036,6973,8844,-1871,-12753054
2026-02-11,臺股期貨,投信,728,33372,4457,28915,195674575
2026-02-11,臺股期貨,外資及陸資,-2769,29426,57091,-27665,-187194633
2026-02-11,電子期貨,自營商,17,18,140,-122,-1016555
2026-02-11,電子期貨,投信,0,97,0,97,809693
2026-02-11,電子期貨,外資及陸資,-1,134,248,-114,-953073
2026-02-11,金融期貨,自營商,-28,161,399,-238,-596378
2026-02-11,金融期貨,投信,0,13,0,13,32713
2026-02-11,金融期貨,外資及陸資,-2,194,113,81,203567
2026-02-11,股票期貨,自營商,-712,89760,371346,-281586,-147939333
2026-02-11,股票期貨,投信,-34,18132,186,17946,10553326
2026-02-11,股票期貨,外資及陸資,6947,186883,466800,-279917,-92255419
2026-02-11,美國標普500期貨,自營商,0,0,50,-50,-69962
2026-02-11,美國標普500期貨,投信,0,1,0,1,1397
2026-02-11,美國標普500期貨,外資及陸資,2,26,107,-81,-113130
2026-02-11,美國那斯達克100期貨,自營商,-20,7,129,-122,-154415
2026-02-11,美國那斯達克100期貨,投信,0,2,0,2,2531
2026-02-11,美國那斯達克100期貨,外資及陸資,54,4,646,-642,-812683
2026-02-11,美國道瓊期貨,自營商,6,0,50,-50,-50406
2026-02-11,美國道瓊期貨,投信,0,1,0,1,1008
2026-02-11,美國道瓊期貨,外資及陸資,2,151,64,87,87878
2026-02-11,美國費城半導體期貨,自營商,-19,39,106,-67,-43684
2026-02-11,美國費城半導體期貨,投信,0,7,0,7,4575
2026-02-11,美國費城半導體期貨,外資及陸資,14,109,289,-180,-117732
2026-02-23,臺股期貨,自營商,624,3646,7091,-3445,-23420274
2026-02-23,臺股期貨,投信,328,33726,4483,29243,198682790
2026-02-23,臺股期貨,外資及陸資,-5264,20336,51188,-30852,-209623599
2026-02-23,電子期貨,自營商,46,20,39,-19,-158696
2026-02-23,電子期貨,投信,2,99,0,99,826888
2026-02-23,電子期貨,外資及陸資,-55,80,242,-162,-1353089
2026-02-23,金融期貨,自營商,-24,6,139,-133,-342980
2026-02-23,金融期貨,投信,0,13,0,13,33524
2026-02-23,金融期貨,外資及陸資,72,154,40,114,293983
2026-02-23,股票期貨,自營商,2719,49482,298277,-248795,-140521627
2026-02-23,股票期貨,投信,2768,10640,186,10454,5558954
2026-02-23,股票期貨,外資及陸資,-16171,126215,388687,-262472,-96930600
2026-02-23,美國標普500期貨,自營商,38,1,13,-12,-16616
2026-02-23,美國標普500期貨,投信,0,1,0,1,1375
2026-02-23,美國標普500期貨,外資及陸資,2,28,107,-79,-108571
2026-02-23,美國那斯達克100期貨,自營商,5,10,127,-117,-145477
2026-02-23,美國那斯達克100期貨,投信,0,2,0,2,2486
2026-02-23,美國那斯達克100期貨,外資及陸資,97,6,551,-545,-677518
2026-02-23,美國道瓊期貨,自營商,45,0,5,-5,-4939
2026-02-23,美國道瓊期貨,投信,0,1,0,1,988
2026-02-23,美國道瓊期貨,外資及陸資,-51,134,98,36,35625
2026-02-23,美國費城半導體期貨,自營商,6,38,99,-61,-39838
2026-02-23,美國費城半導體期貨,投信,0,7,0,7,4584
2026-02-23,美國費城半導體期貨,外資及陸資,47,108,241,-133,-87256
2026-02-24,臺股期貨,自營商,-804,4218,8458,-4240,-29552789
2026-02-24,臺股期貨,投信,936,34649,4470,30179,210269165
2026-02-24,臺股期貨,外資及陸資,1438,23438,52810,-29372,-204663190
2026-02-24,電子期貨,自營商,-49,51,119,-68,-587166
2026-02-24,電子期貨,投信,2,101,0,101,872115
2026-02-24,電子期貨,外資及陸資,58,96,200,-104,-898019
2026-02-24,金融期貨,自營商,23,31,141,-110,-282414
2026-02-24,金融期貨,投信,0,13,0,13,33376
2026-02-24,金融期貨,外資及陸資,-50,152,88,64,164314
2026-02-24,股票期貨,自營商,-29563,48184,326542,-278358,-153928462
2026-02-24,股票期貨,投信,3696,14344,194,14150,8225131
2026-02-24,股票期貨,外資及陸資,-18716,138336,419524,-281188,-109420126
2026-02-24,美國標普500期貨,自營商,-2,0,14,-14,-19357
2026-02-24,美國標普500期貨,投信,0,1,0,1,1374
2026-02-24,美國標普500期貨,外資及陸資,1,29,107,-78,-107128
2026-02-24,美國那斯達克100期貨,自營商,-6,4,127,-123,-152924
2026-02-24,美國那斯達克100期貨,投信,0,2,0,2,2486
2026-02-24,美國那斯達克100期貨,外資及陸資,-91,7,643,-636,-790689
2026-02-24,美國道瓊期貨,自營商,3,4,6,-2,-1991
2026-02-24,美國道瓊期貨,投信,0,1,0,1,979
2026-02-24,美國道瓊期貨,外資及陸資,-120,59,143,-84,-82595
2026-02-24,美國費城半導體期貨,自營商,-20,39,120,-81,-53639
2026-02-24,美國費城半導體期貨,投信,0,7,0,7,4641
2026-02-24,美國費城半導體期貨,外資及陸資,11,122,244,-122,-80952
2026-02-25,臺股期貨,自營商,784,4705,8095,-3390,-24074554
2026-02-25,臺股期貨,投信,858,35374,4337,31037,220294418
2026-02-25,臺股期貨,外資及陸資,-6353,22000,57753,-35753,-253795168
2026-02-25,電子期貨,自營商,22,52,99,-47,-414202
2026-02-25,電子期貨,投信,0,101,0,101,890093
2026-02-25,電子期貨,外資及陸資,-108,74,286,-212,-1868314
2026-02-25,金融期貨,自營商,-8,75,193,-118,-302033
2026-02-25,金融期貨,投信,0,13,0,13,33275
2026-02-25,金融期貨,外資及陸資,-22,177,135,42,107503
2026-02-25,股票期貨,自營商,-8578,51199,338135,-286936,-157923310
2026-02-25,股票期貨,投信,562,14906,194,14712,8352064
2026-02-25,股票期貨,外資及陸資,-24342,142748,448278,-305530,-117583905
2026-02-25,美國標普500期貨,自營商,0,0,14,-14,-19459
2026-02-25,美國標普500期貨,投信,0,1,0,1,1381
2026-02-25,美國標普500期貨,外資及陸資,0,29,107,-78,-107669
2026-02-25,美國那斯達克100期貨,自營商,18,21,126,-105,-131617
2026-02-25,美國那斯達克100期貨,投信,0,2,0,2,2506
2026-02-25,美國那斯達克100期貨,外資及陸資,14,0,622,-622,-779551
2026-02-25,美國道瓊期貨,自營商,3,7,6,1,953
2026-02-25,美國道瓊期貨,投信,0,1,0,1,985
2026-02-25,美國道瓊期貨,外資及陸資,25,54,113,-59,-58481
2026-02-25,美國費城半導體期貨,自營商,-27,21,129,-108,-72370
2026-02-25,美國費城半導體期貨,投信,0,7,0,7,4692
2026-02-25,美國費城半導體期貨,外資及陸資,1,120,241,-121,-81136
2026-02-26,臺股期貨,自營商,-506,4481,8310,-3829,-27283193
2026-02-26,臺股期貨,投信,211,35582,4334,31248,222554505
2026-02-26,臺股期貨,外資及陸資,-445,21917,58085,-36168,-257625032
2026-02-26,電子期貨,自營商,-39,49,135,-86,-759284
2026-02-26,電子期貨,投信,0,101,0,101,891749
2026-02-26,電子期貨,外資及陸資,70,80,222,-142,-1253746
2026-02-26,金融期貨,自營商,-35,70,223,-153,-399911
2026-02-26,金融期貨,投信,-1,12,0,12,31366
2026-02-26,金融期貨,外資及陸資,-6,169,133,36,94097
2026-02-26,股票期貨,自營商,-9854,50427,347217,-296790,-160906880
2026-02-26,股票期貨,投信,1637,16555,206,16349,8907550
2026-02-26,股票期貨,外資及陸資,-10336,143869,459735,-315866,-125788920
2026-02-26,美國標普500期貨,自營商,0,0,14,-14,-19569
2026-02-26,美國標普500期貨,投信,0,1,0,1,1389
2026-02-26,美國標普500期貨,外資及陸資,0,29,107,-78,-108303
2026-02-26,美國那斯達克100期貨,自營商,10,29,124,-95,-120212
2026-02-26,美國那斯達克100期貨,投信,0,2,0,2,2530
2026-02-26,美國那斯達克100期貨,外資及陸資,-143,8,773,-765,-968348
2026-02-26,美國道瓊期貨,自營商,1,8,6,2,1944
2026-02-26,美國道瓊期貨,投信,0,1,0,1,989
2026-02-26,美國道瓊期貨,外資及陸資,-54,35,148,-113,-112045
2026-02-26,美國費城半導體期貨,自營商,-14,24,146,-122,-82671
2026-02-26,美國費城半導體期貨,投信,0,7,0,7,4738
2026-02-26,美國費城半導體期貨,外資及陸資,-4,132,257,-125,-84626
2026-03-02,臺股期貨,自營商,2065,6178,7966,-1788,-12620792
2026-03-02,臺股期貨,投信,197,35847,4402,31445,221611782
2026-03-02,臺股期貨,外資及陸資,-3525,18093,59367,-41274,-290919246
2026-03-02,電子期貨,自營商,-14,35,135,-100,-874861
2026-03-02,電子期貨,投信,0,101,0,101,883629
2026-03-02,電子期貨,外資及陸資,-1,64,207,-143,-1251079
2026-03-02,金融期貨,自營商,17,85,221,-136,-346365
2026-03-02,金融期貨,投信,0,12,0,12,30562
2026-03-02,金融期貨,外資及陸資,-37,157,158,-1,-2546
2026-03-02,股票期貨,自營商,-18000,48921,363711,-314790,-163622064
2026-03-02,股票期貨,投信,76,16619,194,16425,9167492
2026-03-02,股票期貨,外資及陸資,-9674,146936,472476,-325540,-125884730
2026-03-02,美國標普500期貨,自營商,11,10,13,-3,-4232
2026-03-02,美國標普500期貨,投信,0,1,0,1,1365
2026-03-02,美國標普500期貨,外資及陸資,-11,17,106,-89,-121465
2026-03-02,美國那斯達克100期貨,自營商,-63,20,178,-158,-195567
2026-03-02,美國那斯達克100期貨,投信,0,2,0,2,2475
2026-03-02,美國那斯達克100期貨,外資及陸資,100,22,687,-665,-823247
2026-03-02,美國道瓊期貨,自營商,30,38,6,32,31063
2026-03-02,美國道瓊期貨,投信,0,1,0,1,972
2026-03-02,美國道瓊期貨,外資及陸資,46,45,112,-67,-65427
2026-03-02,美國費城半導體期貨,自營商,-12,20,154,-134,-86316
2026-03-02,美國費城半導體期貨,投信,0,7,0,7,4496
2026-03-02,美國費城半導體期貨,外資及陸資,-30,94,249,-155,-99572
2026-03-03,臺股期貨,自營商,1830,7434,7374,60,394768
2026-03-03,臺股期貨,投信,-752,35246,4553,30693,210744276
2026-03-03,臺股期貨,外資及陸資,923,19351,59772,-40421,-277593698
2026-03-03,電子期貨,自營商,20,45,125,-80,-677680
2026-03-03,電子期貨,投信,1,102,0,102,864042
2026-03-03,電子期貨,外資及陸資,-59,39,241,-202,-1711142
2026-03-03,金融期貨,自營商,-46,38,220,-182,-462935
2026-03-03,金融期貨,投信,0,12,0,12,30523
2026-03-03,金融期貨,外資及陸資,12,159,148,11,27979
2026-03-03,股票期貨,自營商,30305,59885,344370,-284485,-148499669
2026-03-03,股票期貨,投信,0,16619,194,16425,8466594
2026-03-03,股票期貨,外資及陸資,-1616,141754,468910,-327156,-113816762
2026-03-03,美國標普500期貨,自營商,19,27,11,16,21744
2026-03-03,美國標普500期貨,投信,0,1,0,1,1366
2026-03-03,美國標普500期貨,外資及陸資,-21,16,126,-110,-150277
2026-03-03,美國那斯達克100期貨,自營商,16,22,164,-142,-175957
2026-03-03,美國那斯達克100期貨,投信,0,2,0,2,2478
2026-03-03,美國那斯達克100期貨,外資及陸資,158,28,535,-507,-628039
2026-03-03,美國道瓊期貨,自營商,0,38,6,32,31055
2026-03-03,美國道瓊期貨,投信,0,1,0,1,971
2026-03-03,美國道瓊期貨,外資及陸資,74,61,54,7,6715
2026-03-03,美國費城半導體期貨,自營商,1,19,152,-133,-85258
2026-03-03,美國費城半導體期貨,投信,0,7,0,7,4479
2026-03-03,美國費城半導體期貨,外資及陸資,8,96,243,-147,-94080
2026-03-04,臺股期貨,自營商,4898,11130,6059,5071,33338964
2026-03-04,臺股期貨,投信,-144,35473,4924,30549,200835236
2026-03-04,臺股期貨,外資及陸資,-1272,19134,60767,-41633,-273736182
2026-03-04,電子期貨,自營商,16,64,129,-65,-527417
2026-03-04,電子期貨,投信,3,105,0,105,851949
2026-03-04,電子期貨,外資及陸資,16,61,247,-186,-1509167
2026-03-04,金融期貨,自營商,80,108,210,-102,-248844
2026-03-04,金融期貨,投信,0,12,0,12,29266
2026-03-04,金融期貨,外資及陸資,-24,137,150,-13,-31704
2026-03-04,股票期貨,自營商,13387,68801,339899,-271098,-138820305
2026-03-04,股票期貨,投信,-1865,14739,179,14560,7691618
2026-03-04,股票期貨,外資及陸資,38795,161720,450081,-288361,-97014851
2026-03-04,美國標普500期貨,自營商,-20,12,16,-4,-5549
2026-03-04,美國標普500期貨,投信,0,1,0,1,1358
2026-03-04,美國標普500期貨,外資及陸資,20,16,106,-90,-122227
2026-03-04,美國那斯達克100期貨,自營商,-3,5,150,-145,-178411
2026-03-04,美國那斯達克100期貨,投信,0,2,0,2,2460
2026-03-04,美國那斯達克100期貨,外資及陸資,15,23,515,-492,-605368
2026-03-04,美國道瓊期貨,自營商,-2,36,6,30,29032
2026-03-04,美國道瓊期貨,投信,0,1,0,1,969
2026-03-04,美國道瓊期貨,外資及陸資,13,61,41,20,19293
2026-03-04,美國費城半導體期貨,自營商,3,13,143,-130,-80637
2026-03-04,美國費城半導體期貨,投信,0,7,0,7,4336
2026-03-04,美國費城半導體期貨,外資及陸資,30,119,236,-117,-72493
2026-03-05,臺股期貨,自營商,-1693,9673,6273,3400,22897939
2026-03-05,臺股期貨,投信,1542,36769,4678,32091,216075121
2026-03-05,臺股期貨,外資及陸資,356,15797,56931,-41134,-276997807
2026-03-05,電子期貨,自營商,-41,36,145,-109,-910121
2026-03-05,電子期貨,投信,0,105,0,105,876708
2026-03-05,電子期貨,外資及陸資,58,52,180,-128,-1068749
2026-03-05,金融期貨,自營商,-24,96,222,-126,-309895
2026-03-05,金融期貨,投信,0,12,0,12,29506
2026-03-05,金融期貨,外資及陸資,3,122,132,-10,-24588
2026-03-05,股票期貨,自營商,10616,72769,333251,-260482,-142494790
2026-03-05,股票期貨,投信,87,14847,200,14647,8636283
2026-03-05,股票期貨,外資及陸資,-11056,155215,454632,-299417,-107008035
2026-03-05,美國標普500期貨,自營商,0,11,15,-4,-5630
2026-03-05,美國標普500期貨,投信,0,1,0,1,1379
2026-03-05,美國標普500期貨,外資及陸資,-4,36,130,-94,-129678
2026-03-05,美國那斯達克100期貨,自營商,37,5,113,-108,-135475
2026-03-05,美國那斯達克100期貨,投信,0,2,0,2,2507
2026-03-05,美國那斯達克100期貨,外資及陸資,71,42,463,-421,-528009
2026-03-05,美國道瓊期貨,自營商,-1,35,6,29,28166
2026-03-05,美國道瓊期貨,投信,0,1,0,1,972
2026-03-05,美國道瓊期貨,外資及陸資,-7,67,54,13,12575
2026-03-05,美國費城半導體期貨,自營商,1,9,138,-129,-81836
2026-03-05,美國費城半導體期貨,投信,0,7,0,7,4437
2026-03-05,美國費城半導體期貨,外資及陸資,1,117,233,-116,-73553
2026-03-06,臺股期貨,自營商,-475,9345,6425,2920,19687022
2026-03-06,臺股期貨,投信,275,37044,4678,32366,218166259
2026-03-06,臺股期貨,外資及陸資,2204,16819,55749,-38930,-262439861
2026-03-06,電子期貨,自營商,93,69,85,-16,-133344
2026-03-06,電子期貨,投信,0,105,0,105,873936
2026-03-06,電子期貨,外資及陸資,-136,104,368,-264,-2197325
2026-03-06,金融期貨,自營商,-11,83,220,-137,-337051
2026-03-06,金融期貨,投信,0,12,0,12,29515
2026-03-06,金融期貨,外資及陸資,16,118,112,6,14758
2026-03-06,股票期貨,自營商,-14865,72321,347668,-275347,-142063042
2026-03-06,股票期貨,投信,862,15724,215,15509,9161810
2026-03-06,股票期貨,外資及陸資,7594,162625,454448,-291823,-106202271
2026-03-06,美國標普500期貨,自營商,31,38,11,27,36864
2026-03-06,美國標普500期貨,投信,0,1,0,1,1370
2026-03-06,美國標普500期貨,外資及陸資,-30,46,170,-124,-170062
2026-03-06,美國那斯達克100期貨,自營商,40,34,102,-68,-85553
2026-03-06,美國那斯達克100期貨,投信,0,2,0,2,2513
2026-03-06,美國那斯達克100期貨,外資及陸資,-37,13,471,-458,-576172
2026-03-06,美國道瓊期貨,自營商,-5,30,6,24,23069
2026-03-06,美國道瓊期貨,投信,0,1,0,1,963
2026-03-06,美國道瓊期貨,外資及陸資,-42,14,43,-29,-27928
2026-03-06,美國費城半導體期貨,自營商,2,11,138,-127,-80225
2026-03-06,美國費城半導體期貨,投信,0,7,0,7,4418
2026-03-06,美國費城半導體期貨,外資及陸資,10,118,224,-106,-66919
2026-03-09,臺股期貨,自營商,2049,10099,5096,5003,31924213
2026-03-09,臺股期貨,投信,1041,38564,5157,33407,213150023
2026-03-09,臺股期貨,外資及陸資,-1612,13164,53626,-40462,-258173882
2026-03-09,電子期貨,自營商,97,127,46,81,634825
2026-03-09,電子期貨,投信,-3,102,0,102,799374
2026-03-09,電子期貨,外資及陸資,-115,88,467,-379,-2970223
2026-03-09,金融期貨,自營商,-10,87,234,-147,-353269
2026-03-09,金融期貨,投信,0,12,0,12,28831
2026-03-09,金融期貨,外資及陸資,-4,110,108,2,4805
2026-03-09,股票期貨,自營商,24057,83793,335083,-251290,-120879318
2026-03-09,股票期貨,投信,-145,15564,200,15364,8252257
2026-03-09,股票期貨,外資及陸資,23973,178838,446688,-267850,-72592531
2026-03-09,美國標普500期貨,自營商,16,54,11,43,56941
2026-03-09,美國標普500期貨,投信,0,1,0,1,1327
2026-03-09,美國標普500期貨,外資及陸資,-16,30,170,-140,-185987
2026-03-09,美國那斯達克100期貨,自營商,-61,20,149,-129,-156300
2026-03-09,美國那斯達克100期貨,投信,0,2,0,2,2422
2026-03-09,美國那斯達克100期貨,外資及陸資,47,15,426,-411,-498322
2026-03-09,美國道瓊期貨,自營商,15,45,6,39,36418
2026-03-09,美國道瓊期貨,投信,0,1,0,1,934
2026-03-09,美國道瓊期貨,外資及陸資,19,55,65,-10,-9340
2026-03-09,美國費城半導體期貨,自營商,4,22,145,-123,-72810
2026-03-09,美國費城半導體期貨,投信,0,7,0,7,4133
2026-03-09,美國費城半導體期貨,外資及陸資,-1,119,226,-107,-63185
2026-03-10,臺股期貨,自營商,-1890,9261,6165,3096,20266667
2026-03-10,臺股期貨,投信,1626,39856,4823,35033,229234932
2026-03-10,臺股期貨,外資及陸資,1728,14595,51451,-36856,-241185447
2026-03-10,電子期貨,自營商,-29,98,46,52,420695
2026-03-10,電子期貨,投信,4,106,0,106,857731
2026-03-10,電子期貨,外資及陸資,56,92,415,-323,-2613651
2026-03-10,金融期貨,自營商,25,99,221,-122,-294448
2026-03-10,金融期貨,投信,0,12,0,12,28954
2026-03-10,金融期貨,外資及陸資,-26,109,133,-24,-57907
2026-03-10,股票期貨,自營商,22663,87206,315833,-228627,-119074487
2026-03-10,股票期貨,投信,-23,15564,223,15341,8714204
2026-03-10,股票期貨,外資及陸資,-21260,165341,454451,-289110,-80257314
2026-03-10,美國標普500期貨,自營商,-21,37,15,22,29733
2026-03-10,美國標普500期貨,投信,0,1,0,1,1357
2026-03-10,美國標普500期貨,外資及陸資,19,17,138,-121,-164380
2026-03-10,美國那斯達克100期貨,自營商,24,22,127,-105,-131096
2026-03-10,美國那斯達克100期貨,投信,0,2,0,2,2495
2026-03-10,美國那斯達克100期貨,外資及陸資,19,5,397,-392,-489696
2026-03-10,美國道瓊期貨,自營商,2,47,6,41,39058
2026-03-10,美國道瓊期貨,投信,0,1,0,1,953
2026-03-10,美國道瓊期貨,外資及陸資,42,78,46,32,30850
2026-03-10,美國費城半導體期貨,自營商,-7,9,139,-130,-80819
2026-03-10,美國費城半導體期貨,投信,0,7,0,7,4345
2026-03-10,美國費城半導體期貨,外資及陸資,26,142,223,-81,-50321
2026-03-11,臺股期貨,自營商,-1016,8618,6488,2130,14495758
2026-03-11,臺股期貨,投信,1538,41108,4537,36571,248712056
2026-03-11,臺股期貨,外資及陸資,-4123,14944,55902,-40958,-278595059
2026-03-11,電子期貨,自營商,-55,34,62,-28,-236791
2026-03-11,電子期貨,投信,0,106,0,106,896569
2026-03-11,電子期貨,外資及陸資,76,80,327,-247,-2089175
2026-03-11,金融期貨,自營商,9,79,215,-136,-331228
2026-03-11,金融期貨,投信,0,12,0,12,29215
2026-03-11,金融期貨,外資及陸資,-20,104,148,-44,-107123
2026-03-11,股票期貨,自營商,-22645,79318,330590,-251272,-132951690
2026-03-11,股票期貨,投信,15,15564,208,15356,9470015
2026-03-11,股票期貨,外資及陸資,3902,177050,462258,-285208,-96771756
2026-03-11,美國標普500期貨,自營商,19,52,11,41,55797
2026-03-11,美國標普500期貨,投信,0,1,0,1,1364
2026-03-11,美國標普500期貨,外資及陸資,-22,17,160,-143,-195271
2026-03-11,美國那斯達克100期貨,自營商,21,17,101,-84,-105315
2026-03-11,美國那斯達克100期貨,投信,0,2,0,2,2505
2026-03-11,美國那斯達克100期貨,外資及陸資,-52,18,462,-444,-556903
2026-03-11,美國道瓊期貨,自營商,-3,44,6,38,36376
2026-03-11,美國道瓊期貨,投信,0,1,0,1,958
2026-03-11,美國道瓊期貨,外資及陸資,-10,107,85,22,21482
2026-03-11,美國費城半導體期貨,自營商,2,9,137,-128,-81180
2026-03-11,美國費城半導體期貨,投信,0,7,0,7,4433
2026-03-11,美國費城半導體期貨,外資及陸資,-28,143,252,-109,-69073
2026-03-12,臺股期貨,自營商,2325,10261,5728,4533,30411365
2026-03-12,臺股期貨,投信,-215,41026,4670,36356,243672454
2026-03-12,臺股期貨,外資及陸資,-2044,12194,55258,-43064,-288708323
2026-03-12,電子期貨,自營商,71,89,46,43,357654
2026-03-12,電子期貨,投信,0,106,0,106,881581
2026-03-12,電子期貨,外資及陸資,-102,105,454,-349,-2902563
2026-03-12,金融期貨,自營商,8,78,206,-128,-310966
2026-03-12,金融期貨,投信,0,12,0,12,29146
2026-03-12,金融期貨,外資及陸資,-10,106,160,-54,-131155
2026-03-12,股票期貨,自營商,5616,81266,326922,-245656,-131326219
2026-03-12,股票期貨,投信,-1437,14127,208,13919,8728848
2026-03-12,股票期貨,外資及陸資,-16990,168419,470617,-302198,-99729478
2026-03-12,美國標普500期貨,自營商,-9,43,11,32,42907
2026-03-12,美國標普500期貨,投信,0,1,0,1,1344
2026-03-12,美國標普500期貨,外資及陸資,10,22,155,-133,-179015
2026-03-12,美國那斯達克100期貨,自營商,25,22,81,-59,-73168
2026-03-12,美國那斯達克100期貨,投信,0,2,0,2,2477
2026-03-12,美國那斯達克100期貨,外資及陸資,-28,19,491,-472,-585776
2026-03-12,美國道瓊期貨,自營商,-7,37,6,31,29083
2026-03-12,美國道瓊期貨,投信,0,1,0,1,939
2026-03-12,美國道瓊期貨,外資及陸資,-41,124,143,-19,-17526
2026-03-12,美國費城半導體期貨,自營商,5,9,132,-123,-77037
2026-03-12,美國費城半導體期貨,投信,0,7,0,7,4375
2026-03-12,美國費城半導體期貨,外資及陸資,19,143,233,-90,-56306
2026-03-13,臺股期貨,自營商,856,11704,6295,5409,36068545
2026-03-13,臺股期貨,投信,240,41371,4775,36596,243773536
2026-03-13,臺股期貨,外資及陸資,2653,12916,53263,-40347,-268832341
2026-03-13,電子期貨,自營商,6,100,51,49,405181
2026-03-13,電子期貨,投信,6,112,0,112,926240
2026-03-13,電子期貨,外資及陸資,-7,90,446,-356,-2943961
2026-03-13,金融期貨,自營商,-5,68,201,-133,-322578
2026-03-13,金融期貨,投信,0,12,0,12,29100
2026-03-13,金融期貨,外資及陸資,-1,102,157,-55,-133375
2026-03-13,股票期貨,自營商,569,85695,330782,-245087,-132966149
2026-03-13,股票期貨,投信,-75,14067,223,13844,8639063
2026-03-13,股票期貨,外資及陸資,-16056,167167,485421,-318254,-101093674
2026-03-13,美國標普500期貨,自營商,-9,34,11,23,30655
2026-03-13,美國標普500期貨,投信,0,1,0,1,1338
2026-03-13,美國標普500期貨,外資及陸資,7,22,148,-126,-168847
2026-03-13,美國那斯達克100期貨,自營商,18,22,63,-41,-50483
2026-03-13,美國那斯達克100期貨,投信,0,2,0,2,2457
2026-03-13,美國那斯達克100期貨,外資及陸資,-63,27,562,-535,-659037
2026-03-13,美國道瓊期貨,自營商,1,38,6,32,29987
2026-03-13,美國道瓊期貨,投信,0,1,0,1,938
2026-03-13,美國道瓊期貨,外資及陸資,3,112,128,-16,-14699
2026-03-13,美國費城半導體期貨,自營商,6,9,126,-117,-72178
2026-03-13,美國費城半導體期貨,投信,0,7,0,7,4311
2026-03-13,美國費城半導體期貨,外資及陸資,-4,130,224,-94,-57934
2026-03-16,臺股期貨,自營商,301,11360,5704,5656,37634367
2026-03-16,臺股期貨,投信,-1256,40075,4735,35340,235617596
2026-03-16,臺股期貨,外資及陸資,1841,13733,52245,-38512,-256745403
2026-03-16,電子期貨,自營商,-17,110,78,32,262304
2026-03-16,電子期貨,投信,1,113,0,113,933187
2026-03-16,電子期貨,外資及陸資,9,140,487,-347,-2861649
2026-03-16,金融期貨,自營商,8,89,214,-125,-304122
2026-03-16,金融期貨,投信,0,12,0,12,29160
2026-03-16,金融期貨,外資及陸資,-16,100,171,-71,-172332
2026-03-16,股票期貨,自營商,2793,91936,334230,-242294,-134857080
2026-03-16,股票期貨,投信,-144,13972,272,13700,8737533
2026-03-16,股票期貨,外資及陸資,-10627,172095,500976,-328881,-106836529
2026-03-16,美國標普500期貨,自營商,12,46,11,35,46524
2026-03-16,美國標普500期貨,投信,0,1,0,1,1333
2026-03-16,美國標普500期貨,外資及陸資,-9,23,158,-135,-180210
2026-03-16,美國那斯達克100期貨,自營商,-1,29,71,-42,-51636
2026-03-16,美國那斯達克100期貨,投信,0,2,0,2,2453
2026-03-16,美國那斯達克100期貨,外資及陸資,4,20,551,-531,-652874
2026-03-16,美國道瓊期貨,自營商,-2,36,6,30,28051
2026-03-16,美國道瓊期貨,投信,0,1,0,1,936
2026-03-16,美國道瓊期貨,外資及陸資,2,116,130,-14,-12831
2026-03-16,美國費城半導體期貨,自營商,9,9,117,-108,-66767
2026-03-16,美國費城半導體期貨,投信,0,7,0,7,4318
2026-03-16,美國費城半導體期貨,外資及陸資,3,140,231,-91,-56210
2026-03-17,臺股期貨,自營商,-2731,9235,6279,2956,19953779
2026-03-17,臺股期貨,投信,950,40880,4590,36290,246154181
2026-03-17,臺股期貨,外資及陸資,2277,16754,52912,-36158,-245229428
2026-03-17,電子期貨,自營商,-27,110,105,5,40851
2026-03-17,電子期貨,投信,8,121,0,121,1020087
2026-03-17,電子期貨,外資及陸資,21,113,439,-326,-2743782
2026-03-17,金融期貨,自營商,6,95,214,-119,-291904
2026-03-17,金融期貨,投信,0,12,0,12,29472
2026-03-17,金融期貨,外資及陸資,38,115,148,-33,-80688
2026-03-17,股票期貨,自營商,-9245,95636,347175,-251539,-140615431
2026-03-17,股票期貨,投信,-9,13972,281,13691,9184444
2026-03-17,股票期貨,外資及陸資,15374,183122,496629,-313507,-104021531
2026-03-17,美國標普500期貨,自營商,-19,31,15,16,21295
2026-03-17,美國標普500期貨,投信,0,1,0,1,1338
2026-03-17,美國標普500期貨,外資及陸資,18,31,148,-117,-156895
2026-03-17,美國那斯達克100期貨,自營商,-16,1,59,-58,-71537
2026-03-17,美國那斯達克100期貨,投信,0,2,0,2,2464
2026-03-17,美國那斯達克100期貨,外資及陸資,46,21,506,-485,-597887
2026-03-17,美國道瓊期貨,自營商,0,36,6,30,28114
2026-03-17,美國道瓊期貨,投信,0,1,0,1,938
2026-03-17,美國道瓊期貨,外資及陸資,-49,116,179,-63,-58811
2026-03-17,美國費城半導體期貨,自營商,-8,9,125,-116,-72523
2026-03-17,美國費城半導體期貨,投信,0,7,0,7,4364
2026-03-17,美國費城半導體期貨,外資及陸資,-7,151,249,-98,-61238
2026-03-18,臺股期貨,自營商,-645,2703,5830,-3127,-21607022
2026-03-18,臺股期貨,投信,711,41449,4448,37001,255736111
2026-03-18,臺股期貨,外資及陸資,-874,13055,47604,-34549,-238799477
2026-03-18,電子期貨,自營商,-97,1,105,-104,-897666
2026-03-18,電子期貨,投信,10,131,0,131,1130713
2026-03-18,電子期貨,外資及陸資,111,91,179,-88,-759564
2026-03-18,金融期貨,自營商,-12,2,126,-124,-304991
2026-03-18,金融期貨,投信,0,12,0,12,29515
2026-03-18,金融期貨,外資及陸資,53,140,66,74,182010
2026-03-18,股票期貨,自營商,-625,28759,293740,-264981,-145315560
2026-03-18,股票期貨,投信,0,7124,281,6843,3609205
2026-03-18,股票期貨,外資及陸資,-17456,130461,364975,-234514,-79761791
2026-03-18,美國標普500期貨,自營商,0,31,15,16,21453
2026-03-18,美國標普500期貨,投信,0,1,0,1,1348
2026-03-18,美國標普500期貨,外資及陸資,0,34,151,-117,-158114
2026-03-18,美國那斯達克100期貨,自營商,27,6,37,-31,-38836
2026-03-18,美國那斯達克100期貨,投信,0,2,0,2,2495
2026-03-18,美國那斯達克100期貨,外資及陸資,-3,20,508,-488,-609253
2026-03-18,美國道瓊期貨,自營商,6,42,6,36,34007
2026-03-18,美國道瓊期貨,投信,0,1,0,1,945
2026-03-18,美國道瓊期貨,外資及陸資,15,117,165,-48,-45113
2026-03-18,美國費城半導體期貨,自營商,28,9,97,-88,-55912
2026-03-18,美國費城半導體期貨,投信,0,7,0,7,4431
2026-03-18,美國費城半導體期貨,外資及陸資,32,145,211,-66,-41817
2026-03-19,臺股期貨,自營商,4321,5703,4525,1178,7911705
2026-03-19,臺股期貨,投信,-694,40974,4667,36307,243685322
2026-03-19,臺股期貨,外資及陸資,-3869,9789,50614,-40825,-274028143
2026-03-19,電子期貨,自營商,50,27,79,-52,-434596
2026-03-19,電子期貨,投信,24,155,0,155,1295676
2026-03-19,電子期貨,外資及陸資,-119,51,258,-207,-1730355
2026-03-19,金融期貨,自營商,24,32,132,-100,-241480
2026-03-19,金融期貨,投信,0,12,0,12,28978
2026-03-19,金融期貨,外資及陸資,-58,129,113,16,38637
2026-03-19,股票期貨,自營商,-18322,30676,313979,-283303,-149885419
2026-03-19,股票期貨,投信,-11,7124,292,6832,3578174
2026-03-19,股票期貨,外資及陸資,-24607,135302,394423,-259121,-86556469
2026-03-19,美國標普500期貨,自營商,19,53,18,35,46233
2026-03-19,美國標普500期貨,投信,0,1,0,1,1327
2026-03-19,美國標普500期貨,外資及陸資,-16,34,167,-133,-176854
2026-03-19,美國那斯達克100期貨,自營商,-12,6,49,-43,-52693
2026-03-19,美國那斯達克100期貨,投信,0,2,0,2,2438
2026-03-19,美國那斯達克100期貨,外資及陸資,-54,20,562,-542,-662545
2026-03-19,美國道瓊期貨,自營商,20,57,1,56,51844
2026-03-19,美國道瓊期貨,投信,0,1,0,1,924
2026-03-19,美國道瓊期貨,外資及陸資,-31,135,214,-79,-72930
2026-03-19,美國費城半導體期貨,自營商,0,9,97,-88,-55208
2026-03-19,美國費城半導體期貨,投信,1,8,0,8,5034
2026-03-19,美國費城半導體期貨,外資及陸資,-1,145,212,-67,-41855
2026-03-20,臺股期貨,自營商,-1756,4149,4735,-586,-3930880
2026-03-20,臺股期貨,投信,353,41314,4654,36660,246054588
2026-03-20,臺股期貨,外資及陸資,4441,10562,46928,-36366,-244097162
2026-03-20,電子期貨,自營商,-28,50,130,-80,-668249
2026-03-20,電子期貨,投信,1,156,0,156,1303349
2026-03-20,電子期貨,外資及陸資,22,65,250,-185,-1545638
2026-03-20,金融期貨,自營商,-19,28,147,-119,-289147
2026-03-20,金融期貨,投信,0,12,0,12,29158
2026-03-20,金融期貨,外資及陸資,33,126,77,49,119060
2026-03-20,股票期貨,自營商,16501,36296,303098,-266802,-144279952
2026-03-20,股票期貨,投信,-2129,5004,301,4703,2508036
2026-03-20,股票期貨,外資及陸資,-7414,141466,408001,-266535,-85243946
2026-03-20,美國標普500期貨,自營商,2,0,17,-17,-22681
2026-03-20,美國標普500期貨,投信,-1,0,0,0,0
2026-03-20,美國標普500期貨,外資及陸資,-4,22,65,-43,-57371
2026-03-20,美國那斯達克100期貨,自營商,6,0,39,-39,-47999
2026-03-20,美國那斯達克100期貨,投信,-2,0,0,0,0
2026-03-20,美國那斯達克100期貨,外資及陸資,27,18,213,-195,-240003
2026-03-20,美國道瓊期貨,自營商,-3,8,0,8,7433
2026-03-20,美國道瓊期貨,投信,-1,0,0,0,0
2026-03-20,美國道瓊期貨,外資及陸資,-2,90,70,20,18564
2026-03-20,美國費城半導體期貨,自營商,6,0,53,-53,-33653
2026-03-20,美國費城半導體期貨,投信,0,8,0,8,5080
2026-03-20,美國費城半導體期貨,外資及陸資,4,2,10,-8,-5080
2026-03-23,臺股期貨,自營商,552,4562,4616,-54,-351537
2026-03-23,臺股期貨,投信,801,42310,4849,37461,243938540
2026-03-23,臺股期貨,外資及陸資,-1258,8931,46648,-37717,-245615004
2026-03-23,電子期貨,自營商,33,75,122,-47,-380180
2026-03-23,電子期貨,投信,0,156,0,156,1262321
2026-03-23,電子期貨,外資及陸資,-64,64,313,-249,-2014858
2026-03-23,金融期貨,自營商,-18,19,156,-137,-327102
2026-03-23,金融期貨,投信,0,12,0,12,28651
2026-03-23,金融期貨,外資及陸資,-5,140,96,44,105054
2026-03-23,股票期貨,自營商,15361,44479,295920,-251441,-133649042
2026-03-23,股票期貨,投信,-1096,3908,301,3607,2168600
2026-03-23,股票期貨,外資及陸資,7385,151005,410155,-259150,-74814148
2026-03-23,美國標普500期貨,自營商,-1,0,18,-18,-23544
2026-03-23,美國標普500期貨,投信,1,1,0,1,1308
2026-03-23,美國標普500期貨,外資及陸資,-10,0,52,-52,-68016
2026-03-23,美國那斯達克100期貨,自營商,-3,0,42,-42,-50402
2026-03-23,美國那斯達克100期貨,投信,1,1,0,1,1200
2026-03-23,美國那斯達克100期貨,外資及陸資,-50,14,385,-371,-445261
2026-03-23,美國道瓊期貨,自營商,-8,0,0,0,0
2026-03-23,美國道瓊期貨,投信,1,1,0,1,915
2026-03-23,美國道瓊期貨,外資及陸資,-46,84,107,-23,-21081
2026-03-23,美國費城半導體期貨,自營商,-8,0,61,-61,-37732
2026-03-23,美國費城半導體期貨,投信,0,8,0,8,4948
2026-03-23,美國費城半導體期貨,外資及陸資,0,2,10,-8,-4949
2026-03-24,臺股期貨,自營商,-739,3838,4626,-788,-5162194
2026-03-24,臺股期貨,投信,320,42735,4954,37781,247699792
2026-03-24,臺股期貨,外資及陸資,3445,10873,44981,-34108,-223628623
2026-03-24,電子期貨,自營商,-62,41,150,-109,-887796
2026-03-24,電子期貨,投信,-5,151,0,151,1229986
2026-03-24,電子期貨,外資及陸資,66,77,260,-183,-1490645
2026-03-24,金融期貨,自營商,72,63,128,-65,-156754
2026-03-24,金融期貨,投信,0,12,0,12,28939
2026-03-24,金融期貨,外資及陸資,-68,138,162,-24,-57878
2026-03-24,股票期貨,自營商,22853,53526,282114,-228588,-126851808
2026-03-24,股票期貨,投信,-9,3908,310,3598,2079571
2026-03-24,股票期貨,外資及陸資,7694,158755,410211,-251456,-76164439
2026-03-24,美國標普500期貨,自營商,-7,0,25,-25,-33028
2026-03-24,美國標普500期貨,投信,0,1,0,1,1321
2026-03-24,美國標普500期貨,外資及陸資,8,109,153,-44,-58140
2026-03-24,美國那斯達克100期貨,自營商,-26,0,68,-68,-82467
2026-03-24,美國那斯達克100期貨,投信,0,1,0,1,1213
2026-03-24,美國那斯達克100期貨,外資及陸資,86,52,337,-285,-345780
2026-03-24,美國道瓊期貨,自營商,-21,0,21,-21,-19417
2026-03-24,美國道瓊期貨,投信,0,1,0,1,925
2026-03-24,美國道瓊期貨,外資及陸資,63,213,173,40,36970
2026-03-24,美國費城半導體期貨,自營商,-1,0,62,-62,-38738
2026-03-24,美國費城半導體期貨,投信,0,8,0,8,4998
2026-03-24,美國費城半導體期貨,外資及陸資,-6,6,20,-14,-8747
2026-03-25,臺股期貨,自營商,-1767,2990,5469,-2479,-16663325
2026-03-25,臺股期貨,投信,1248,43837,4808,39029,262454413
2026-03-25,臺股期貨,外資及陸資,-1882,9961,45908,-35947,-241741159
2026-03-25,電子期貨,自營商,-1,42,152,-110,-921506
2026-03-25,電子期貨,投信,0,151,0,151,1265078
2026-03-25,電子期貨,外資及陸資,21,63,225,-162,-1357236
2026-03-25,金融期貨,自營商,-28,54,141,-87,-212855
2026-03-25,金融期貨,投信,0,12,0,12,29359
2026-03-25,金融期貨,外資及陸資,13,139,150,-11,-26913
2026-03-25,股票期貨,自營商,-8567,52612,289767,-237155,-135496583
2026-03-25,股票期貨,投信,-13,3908,323,3585,2199007
2026-03-25,股票期貨,外資及陸資,-10539,159745,421740,-261995,-83683215
2026-03-25,美國標普500期貨,自營商,-27,0,52,-52,-69178
2026-03-25,美國標普500期貨,投信,0,1,0,1,1330
2026-03-25,美國標普500期貨,外資及陸資,23,127,148,-21,-27950
2026-03-25,美國那斯達克100期貨,自營商,1,0,67,-67,-81887
2026-03-25,美國那斯達克100期貨,投信,0,1,0,1,1222
2026-03-25,美國那斯達克100期貨,外資及陸資,-71,63,419,-356,-435241
2026-03-25,美國道瓊期貨,自營商,2,0,19,-19,-17788
2026-03-25,美國道瓊期貨,投信,0,1,0,1,936
2026-03-25,美國道瓊期貨,外資及陸資,-5,231,196,35,32761
2026-03-25,美國費城半導體期貨,自營商,-14,0,76,-76,-48236
2026-03-25,美國費城半導體期貨,投信,0,8,0,8,5077
2026-03-25,美國費城半導體期貨,外資及陸資,12,18,20,-2,-1270
2026-03-26,臺股期貨,自營商,692,3560,5332,-1772,-11845872
2026-03-26,臺股期貨,投信,-545,43360,4876,38484,257388689
2026-03-26,臺股期貨,外資及陸資,-1179,10102,47167,-37065,-247910478
2026-03-26,電子期貨,自營商,-8,30,148,-118,-981780
2026-03-26,電子期貨,投信,0,151,0,151,1256441
2026-03-26,電子期貨,外資及陸資,-15,68,245,-177,-1472782
2026-03-26,金融期貨,自營商,-4,44,135,-91,-221530
2026-03-26,金融期貨,投信,0,12,0,12,29213
2026-03-26,金融期貨,外資及陸資,-1,126,138,-12,-29213
2026-03-26,股票期貨,自營商,-14899,51898,303952,-252054,-139263903
2026-03-26,股票期貨,投信,1038,4961,338,4623,2405631
2026-03-26,股票期貨,外資及陸資,106,160433,422322,-261889,-80799283
2026-03-26,美國標普500期貨,自營商,31,0,21,-21,-27817
2026-03-26,美國標普500期貨,投信,0,1,0,1,1325
2026-03-26,美國標普500期貨,外資及陸資,-35,116,172,-56,-74236
2026-03-26,美國那斯達克100期貨,自營商,-1,0,68,-68,-82640
2026-03-26,美國那斯達克100期貨,投信,0,1,0,1,1215
2026-03-26,美國那斯達克100期貨,外資及陸資,-64,59,479,-420,-510703
2026-03-26,美國道瓊期貨,自營商,10,0,9,-9,-8387
2026-03-26,美國道瓊期貨,投信,0,1,0,1,932
2026-03-26,美國道瓊期貨,外資及陸資,-56,197,218,-21,-19585
2026-03-26,美國費城半導體期貨,自營商,0,0,76,-76,-48184
2026-03-26,美國費城半導體期貨,投信,0,8,0,8,5072
2026-03-26,美國費城半導體期貨,外資及陸資,1,22,23,-1,-657
2026-03-27,臺股期貨,自營商,851,4263,5207,-944,-6246734
2026-03-27,臺股期貨,投信,-315,43167,4998,38169,252877258
2026-03-27,臺股期貨,外資及陸資,-2828,8029,47948,-39919,-264485634
2026-03-27,電子期貨,自營商,27,48,139,-91,-748964
2026-03-27,電子期貨,投信,-3,148,0,148,1218484
2026-03-27,電子期貨,外資及陸資,-32,65,274,-209,-1720697
2026-03-27,金融期貨,自營商,5,37,123,-86,-208493
2026-03-27,金融期貨,投信,0,12,0,12,29093
2026-03-27,金融期貨,外資及陸資,15,140,137,3,7273
2026-03-27,股票期貨,自營商,-10908,52269,315231,-262962,-144103947
2026-03-27,股票期貨,投信,45,5006,338,4668,2458321
2026-03-27,股票期貨,外資及陸資,4568,164928,422249,-257321,-77783273
2026-03-27,美國標普500期貨,自營商,-14,0,35,-35,-45787
2026-03-27,美國標普500期貨,投信,0,1,0,1,1308
2026-03-27,美國標普500期貨,外資及陸資,7,107,156,-49,-64209
2026-03-27,美國那斯達克100期貨,自營商,-19,0,87,-87,-104243
2026-03-27,美國那斯達克100期貨,投信,0,1,0,1,1198
2026-03-27,美國那斯達克100期貨,外資及陸資,-103,32,555,-523,-627215
2026-03-27,美國道瓊期貨,自營商,-2,0,11,-11,-10230
2026-03-27,美國道瓊期貨,投信,0,1,0,1,930
2026-03-27,美國道瓊期貨,外資及陸資,16,189,194,-5,-4662
2026-03-27,美國費城半導體期貨,自營商,-4,0,80,-80,-49600
2026-03-27,美國費城半導體期貨,投信,0,8,0,8,4960
2026-03-27,美國費城半導體期貨,外資及陸資,-6,17,24,-7,-4375
2026-03-30,臺股期貨,自營商,1158,4447,4247,200,1309862
2026-03-30,臺股期貨,投信,-699,42613,5143,37470,243405120
2026-03-30,臺股期貨,外資及陸資,2665,8986,46268,-37282,-242198179
2026-03-30,電子期貨,自營商,27,64,128,-64,-514794
2026-03-30,電子期貨,投信,0,148,0,148,1190719
2026-03-30,電子期貨,外資及陸資,-78,88,375,-287,-2309030
2026-03-30,金融期貨,自營商,5,41,122,-81,-193974
2026-03-30,金融期貨,投信,0,12,0,12,28738
2026-03-30,金融期貨,外資及陸資,-13,140,150,-10,-23948
2026-03-30,股票期貨,自營商,-301,55101,318364,-263263,-141618285
2026-03-30,股票期貨,投信,2617,7623,338,7285,3057671
2026-03-30,股票期貨,外資及陸資,982,167897,424236,-256339,-72140425
2026-03-30,美國標普500期貨,自營商,0,0,35,-35,-44854
2026-03-30,美國標普500期貨,投信,0,1,0,1,1282
2026-03-30,美國標普500期貨,外資及陸資,-8,115,172,-57,-73179
2026-03-30,美國那斯達克100期貨,自營商,-16,0,103,-103,-120247
2026-03-30,美國那斯達克100期貨,投信,0,1,0,1,1167
2026-03-30,美國那斯達克100期貨,外資及陸資,-53,5,581,-576,-673077
2026-03-30,美國道瓊期貨,自營商,-53,0,64,-64,-58161
2026-03-30,美國道瓊期貨,投信,0,1,0,1,909
2026-03-30,美國道瓊期貨,外資及陸資,-22,178,205,-27,-24579
2026-03-30,美國費城半導體期貨,自營商,-13,0,93,-93,-56239
2026-03-30,美國費城半導體期貨,投信,0,8,0,8,4835
2026-03-30,美國費城半導體期貨,外資及陸資,5,26,28,-2,-1226
2026-03-31,臺股期貨,自營商,414,4699,4079,620,3973071
2026-03-31,臺股期貨,投信,185,42903,5248,37655,240645574
2026-03-31,臺股期貨,外資及陸資,68,10045,47259,-37214,-237847154
2026-03-31,電子期貨,自營商,-9,45,119,-74,-584050
2026-03-31,電子期貨,投信,0,148,0,148,1168401
2026-03-31,電子期貨,外資及陸資,13,88,362,-274,-2163120
2026-03-31,金融期貨,自營商,22,54,113,-59,-141341
2026-03-31,金融期貨,投信,0,12,0,12,28752
2026-03-31,金融期貨,外資及陸資,-4,145,159,-14,-33544
2026-03-31,股票期貨,自營商,21938,64104,305429,-241325,-129163844
2026-03-31,股票期貨,投信,933,8546,328,8218,2153957
2026-03-31,股票期貨,外資及陸資,10543,174160,419956,-245796,-58570992
2026-03-31,美國標普500期貨,自營商,-1,0,36,-36,-46334
2026-03-31,美國標普500期貨,投信,0,1,0,1,1287
2026-03-31,美國標普500期貨,外資及陸資,3,125,179,-54,-69631
2026-03-31,美國那斯達克100期貨,自營商,39,0,64,-64,-74595
2026-03-31,美國那斯達克100期貨,投信,0,1,0,1,1166
2026-03-31,美國那斯達克100期貨,外資及陸資,48,2,530,-528,-615996
2026-03-31,美國道瓊期貨,自營商,18,0,46,-46,-42208
2026-03-31,美國道瓊期貨,投信,0,1,0,1,918
2026-03-31,美國道瓊期貨,外資及陸資,34,172,165,7,6386
2026-03-31,美國費城半導體期貨,自營商,-8,0,101,-101,-58609
2026-03-31,美國費城半導體期貨,投信,0,8,0,8,4640
2026-03-31,美國費城半導體期貨,外資及陸資,-16,21,39,-18,-10481
2026-04-01,臺股期貨,自營商,-4265,3315,6865,-3550,-23686051
2026-04-01,臺股期貨,投信,1260,43996,5081,38915,259866587
2026-04-01,臺股期貨,外資及陸資,4324,14923,46296,-31373,-209523889
2026-04-01,電子期貨,自營商,-37,39,140,-101,-837845
2026-04-01,電子期貨,投信,0,148,0,148,1228134
2026-04-01,電子期貨,外資及陸資,120,119,273,-154,-1277923
2026-04-01,金融期貨,自營商,14,49,91,-42,-102987
2026-04-01,金融期貨,投信,0,12,0,12,29438
2026-04-01,金融期貨,外資及陸資,-4,150,168,-18,-44158
2026-04-01,股票期貨,自營商,3076,67828,306077,-238249,-140357840
2026-04-01,股票期貨,投信,-67,8479,328,8151,2517911
2026-04-01,股票期貨,外資及陸資,350,175938,421384,-245446,-64091319
2026-04-01,美國標普500期貨,自營商,8,1,29,-28,-36978
2026-04-01,美國標普500期貨,投信,0,1,0,1,1320
2026-04-01,美國標普500期貨,外資及陸資,-7,116,177,-61,-80663
2026-04-01,美國那斯達克100期貨,自營商,-17,0,81,-81,-97403
2026-04-01,美國那斯達克100期貨,投信,0,1,0,1,1203
2026-04-01,美國那斯達克100期貨,外資及陸資,153,8,383,-375,-451400
2026-04-01,美國道瓊期貨,自營商,-1,0,47,-47,-43898
2026-04-01,美國道瓊期貨,投信,0,1,0,1,934
2026-04-01,美國道瓊期貨,外資及陸資,22,164,135,29,27020
2026-04-01,美國費城半導體期貨,自營商,8,0,93,-93,-57482
2026-04-01,美國費城半導體期貨,投信,0,8,0,8,4942
2026-04-01,美國費城半導體期貨,外資及陸資,6,26,38,-12,-7446
2026-04-02,臺股期貨,自營商,2659,4298,5033,-735,-4760723
2026-04-02,臺股期貨,投信,-902,43302,5289,38013,247122513
2026-04-02,臺股期貨,外資及陸資,-3468,11742,46597,-34855,-226613380
2026-04-02,電子期貨,自營商,-34,63,198,-135,-1086828
2026-04-02,電子期貨,投信,2,150,0,150,1207890
2026-04-02,電子期貨,外資及陸資,-3,104,261,-157,-1264259
2026-04-02,金融期貨,自營商,22,74,94,-20,-48649
2026-04-02,金融期貨,投信,0,12,0,12,29218
2026-04-02,金融期貨,外資及陸資,-22,133,173,-40,-97392
2026-04-02,股票期貨,自營商,-5154,67438,310841,-243403,-140914909
2026-04-02,股票期貨,投信,0,8479,328,8151,2501269
2026-04-02,股票期貨,外資及陸資,10825,181696,416317,-234621,-58291470
2026-04-02,美國標普500期貨,自營商,-14,3,45,-42,-54896
2026-04-02,美國標普500期貨,投信,0,1,0,1,1307
2026-04-02,美國標普500期貨,外資及陸資,14,135,182,-47,-61548
2026-04-02,美國那斯達克100期貨,自營商,-16,0,97,-97,-115430
2026-04-02,美國那斯達克100期貨,投信,0,1,0,1,1190
2026-04-02,美國那斯達克100期貨,外資及陸資,-31,0,406,-406,-483590
2026-04-02,美國道瓊期貨,自營商,0,0,47,-47,-43539
2026-04-02,美國道瓊期貨,投信,0,1,0,1,926
2026-04-02,美國道瓊期貨,外資及陸資,-4,167,142,25,23092
2026-04-02,美國費城半導體期貨,自營商,-9,0,102,-102,-62263
2026-04-02,美國費城半導體期貨,投信,0,8,0,8,4881
2026-04-02,美國費城半導體期貨,外資及陸資,14,33,31,2,1189
2026-04-07,臺股期貨,自營商,-1486,3993,6294,-2301,-15249718
2026-04-07,臺股期貨,投信,263,43389,5113,38276,253976571
2026-04-07,臺股期貨,外資及陸資,3505,14038,45388,-31350,-208040724
2026-04-07,電子期貨,自營商,-41,41,217,-176,-1451556
2026-04-07,電子期貨,投信,0,150,0,150,1237320
2026-04-07,電子期貨,外資及陸資,69,164,252,-88,-725895
2026-04-07,金融期貨,自營商,7,90,103,-13,-31949
2026-04-07,金融期貨,投信,0,12,0,12,29534
2026-04-07,金融期貨,外資及陸資,16,145,169,-24,-59069
2026-04-07,股票期貨,自營商,-3184,69654,316241,-246587,-146321788
2026-04-07,股票期貨,投信,0,8479,328,8151,2557561
2026-04-07,股票期貨,外資及陸資,-5041,180433,420095,-239662,-56889788
2026-04-07,美國標普500期貨,自營商,0,3,45,-42,-55663
2026-04-07,美國標普500期貨,投信,0,1,0,1,1325
2026-04-07,美國標普500期貨,外資及陸資,8,137,176,-39,-51807
2026-04-07,美國那斯達克100期貨,自營商,-4,0,101,-101,-122311
2026-04-07,美國那斯達克100期貨,投信,0,1,0,1,1211
2026-04-07,美國那斯達克100期貨,外資及陸資,79,19,346,-327,-396391
2026-04-07,美國道瓊期貨,自營商,3,0,44,-44,-41162
2026-04-07,美國道瓊期貨,投信,0,1,0,1,936
2026-04-07,美國道瓊期貨,外資及陸資,7,166,134,32,29885
2026-04-07,美國費城半導體期貨,自營商,-10,0,112,-112,-71258
2026-04-07,美國費城半導體期貨,投信,0,8,0,8,5088
2026-04-07,美國費城半導體期貨,外資及陸資,13,49,34,15,9503
2026-04-08,臺股期貨,自營商,-3614,3522,9432,-5910,-41369603
2026-04-08,臺股期貨,投信,2008,44663,4379,40284,282116909
2026-04-08,臺股期貨,外資及陸資,-1149,14559,47037,-32478,-227465549
2026-04-08,電子期貨,自營商,-80,63,312,-249,-2187315
2026-04-08,電子期貨,投信,3,153,0,153,1344105
2026-04-08,電子期貨,外資及陸資,101,192,179,13,114205
2026-04-08,金融期貨,自營商,-4,99,116,-17,-42498
2026-04-08,金融期貨,投信,0,12,0,12,30036
2026-04-08,金融期貨,外資及陸資,-12,163,199,-36,-90108
2026-04-08,股票期貨,自營商,-11419,70467,328473,-258006,-159579075
2026-04-08,股票期貨,投信,0,8479,328,8151,2785613
2026-04-08,股票期貨,外資及陸資,-2523,186291,428476,-242185,-71203943
2026-04-08,美國標普500期貨,自營商,-4,3,49,-46,-62808
2026-04-08,美國標普500期貨,投信,0,1,0,1,1365
2026-04-08,美國標普500期貨,外資及陸資,3,138,174,-36,-49218
2026-04-08,美國那斯達克100期貨,自營商,-21,0,122,-122,-153635
2026-04-08,美國那斯達克100期貨,投信,0,1,0,1,1259
2026-04-08,美國那斯達克100期貨,外資及陸資,-21,69,417,-348,-438624
2026-04-08,美國道瓊期貨,自營商,4,0,40,-40,-38350
2026-04-08,美國道瓊期貨,投信,0,1,0,1,959
2026-04-08,美國道瓊期貨,外資及陸資,-13,163,144,19,18181
2026-04-08,美國費城半導體期貨,自營商,7,0,105,-105,-69531
2026-04-08,美國費城半導體期貨,投信,0,8,0,8,5295
2026-04-08,美國費城半導體期貨,外資及陸資,18,67,34,33,21808
2026-04-09,臺股期貨,自營商,1360,3938,8541,-4603,-32131978
2026-04-09,臺股期貨,投信,-330,44325,4371,39954,279073858
2026-04-09,臺股期貨,外資及陸資,-904,13893,47292,-33399,-233311018
2026-04-09,電子期貨,自營商,27,68,290,-222,-1943938
2026-04-09,電子期貨,投信,-8,145,0,145,1269794
2026-04-09,電子期貨,外資及陸資,-48,147,182,-35,-306470
2026-04-09,金融期貨,自營商,-15,100,132,-32,-79513
2026-04-09,金融期貨,投信,0,12,0,12,29827
2026-04-09,金融期貨,外資及陸資,-5,150,191,-41,-101910
2026-04-09,股票期貨,自營商,-15168,70928,344102,-273174,-164909353
2026-04-09,股票期貨,投信,622,9099,326,8773,3646355
2026-04-09,股票期貨,外資及陸資,-11288,179936,433409,-253473,-75916752
2026-04-09,美國標普500期貨,自營商,-2,3,51,-48,-65482
2026-04-09,美國標普500期貨,投信,0,1,0,1,1364
2026-04-09,美國標普500期貨,外資及陸資,2,109,143,-34,-46449
2026-04-09,美國那斯達克100期貨,自營商,-4,0,126,-126,-157796
2026-04-09,美國那斯達克100期貨,投信,0,1,0,1,1252
2026-04-09,美國那斯達克100期貨,外資及陸資,-32,19,399,-380,-476246
2026-04-09,美國道瓊期貨,自營商,1,0,39,-39,-37520
2026-04-09,美國道瓊期貨,投信,0,1,0,1,962
2026-04-09,美國道瓊期貨,外資及陸資,9,162,134,28,26921
2026-04-09,美國費城半導體期貨,自營商,4,0,101,-101,-68782
2026-04-09,美國費城半導體期貨,投信,0,8,0,8,5446
2026-04-09,美國費城半導體期貨,外資及陸資,12,81,36,45,30608
2026-04-10,臺股期貨,自營商,-1700,3556,9851,-6295,-44763045
2026-04-10,臺股期貨,投信,592,44782,4236,40546,288447793
2026-04-10,臺股期貨,外資及陸資,-1004,13115,47518,-34403,-244757057
2026-04-10,電子期貨,自營商,39,70,253,-183,-1637850
2026-04-10,電子期貨,投信,-43,102,0,102,912900
2026-04-10,電子期貨,外資及陸資,8,137,164,-27,-241610
2026-04-10,金融期貨,自營商,0,90,122,-32,-79381
2026-04-10,金融期貨,投信,0,12,0,12,29770
2026-04-10,金融期貨,外資及陸資,-26,138,205,-67,-166182
2026-04-10,股票期貨,自營商,-8091,72306,353571,-281265,-175594231
2026-04-10,股票期貨,投信,664,9755,318,9437,4979581
2026-04-10,股票期貨,外資及陸資,-2159,176880,432512,-255632,-78423904
2026-04-10,美國標普500期貨,自營商,12,3,39,-36,-49474
2026-04-10,美國標普500期貨,投信,0,1,0,1,1374
2026-04-10,美國標普500期貨,外資及陸資,-13,88,135,-47,-64651
2026-04-10,美國那斯達克100期貨,自營商,23,0,103,-103,-130238
2026-04-10,美國那斯達克100期貨,投信,0,1,0,1,1264
2026-04-10,美國那斯達克100期貨,外資及陸資,-93,6,479,-473,-598119
2026-04-10,美國道瓊期貨,自營商,0,0,39,-39,-37753
2026-04-10,美國道瓊期貨,投信,0,1,0,1,968
2026-04-10,美國道瓊期貨,外資及陸資,1,164,135,29,28051
2026-04-10,美國費城半導體期貨,自營商,-27,0,128,-128,-89770
2026-04-10,美國費城半導體期貨,投信,0,8,0,8,5609
2026-04-10,美國費城半導體期貨,外資及陸資,4,88,39,49,34329
2026-04-13,臺股期貨,自營商,-635,3842,11166,-7324,-52124039
2026-04-13,臺股期貨,投信,-813,43999,4266,39733,282674078
2026-04-13,臺股期貨,外資及陸資,-1592,15086,51082,-35996,-256008000
2026-04-13,電子期貨,自營商,8,102,277,-175,-1561082
2026-04-13,電子期貨,投信,0,102,0,102,910615
2026-04-13,電子期貨,外資及陸資,-29,259,315,-56,-503818
2026-04-13,金融期貨,自營商,-8,78,118,-40,-98298
2026-04-13,金融期貨,投信,0,12,0,12,29402
2026-04-13,金融期貨,外資及陸資,-19,128,214,-86,-210386
2026-04-13,股票期貨,自營商,-23936,72121,377322,-305201,-182819150
2026-04-13,股票期貨,投信,1515,11255,303,10952,5772708
2026-04-13,股票期貨,外資及陸資,5889,176238,425981,-249743,-79887545
2026-04-13,美國標普500期貨,自營商,1,3,38,-35,-47691
2026-04-13,美國標普500期貨,投信,0,1,0,1,1362
2026-04-13,美國標普500期貨,外資及陸資,13,96,130,-34,-46391
2026-04-13,美國那斯達克100期貨,自營商,-71,0,174,-174,-218440
2026-04-13,美國那斯達克100期貨,投信,0,1,0,1,1255
2026-04-13,美國那斯達克100期貨,外資及陸資,75,3,401,-398,-499650
2026-04-13,美國道瓊期貨,自營商,-12,0,51,-51,-48787
2026-04-13,美國道瓊期貨,投信,0,1,0,1,957
2026-04-13,美國道瓊期貨,外資及陸資,-8,162,141,21,20064
2026-04-13,美國費城半導體期貨,自營商,-3,0,131,-131,-92719
2026-04-13,美國費城半導體期貨,投信,0,8,0,8,5661
2026-04-13,美國費城半導體期貨,外資及陸資,-5,85,41,44,31115
2026-04-14,臺股期貨,自營商,-1810,3340,12548,-9208,-67423738
2026-04-14,臺股期貨,投信,1462,45225,4030,41195,301931092
2026-04-14,臺股期貨,外資及陸資,-694,16327,52991,-36664,-268566762
2026-04-14,電子期貨,自營商,-13,95,284,-189,-1735319
2026-04-14,電子期貨,投信,-2,100,0,100,923717
2026-04-14,電子期貨,外資及陸資,25,174,205,-31,-291435
2026-04-14,金融期貨,自營商,13,113,140,-27,-67300
2026-04-14,金融期貨,投信,0,12,0,12,29842
2026-04-14,金融期貨,外資及陸資,14,145,217,-72,-178139
2026-04-14,股票期貨,自營商,-4745,77978,387924,-309946,-188697801
2026-04-14,股票期貨,投信,20,11275,303,10972,6143078
2026-04-14,股票期貨,外資及陸資,8706,188746,429783,-241037,-80377165
2026-04-14,美國標普500期貨,自營商,-18,3,56,-53,-73388
2026-04-14,美國標普500期貨,投信,0,1,0,1,1385
2026-04-14,美國標普500期貨,外資及陸資,18,74,90,-16,-22225
2026-04-14,美國那斯達克100期貨,自營商,-1,0,175,-175,-224096
2026-04-14,美國那斯達克100期貨,投信,0,1,0,1,1281
2026-04-14,美國那斯達克100期貨,外資及陸資,14,11,395,-384,-491742
2026-04-14,美國道瓊期貨,自營商,7,0,44,-44,-42618
2026-04-14,美國道瓊期貨,投信,0,1,0,1,969
2026-04-14,美國道瓊期貨,外資及陸資,5,150,124,26,25149
2026-04-14,美國費城半導體期貨,自營商,-6,0,137,-137,-100311
2026-04-14,美國費城半導體期貨,投信,0,8,0,8,5856
2026-04-14,美國費城半導體期貨,外資及陸資,7,118,67,51,37299
2026-04-15,臺股期貨,自營商,645,2975,10378,-7403,-54760026
2026-04-15,臺股期貨,投信,1050,46195,3950,42245,312486265
2026-04-15,臺股期貨,外資及陸資,-1834,16346,53129,-36783,-272102752
2026-04-15,電子期貨,自營商,-62,15,97,-82,-768274
2026-04-15,電子期貨,投信,0,100,0,100,936920
2026-04-15,電子期貨,外資及陸資,86,142,184,-42,-393507
2026-04-15,金融期貨,自營商,-12,15,69,-54,-135497
2026-04-15,金融期貨,投信,0,12,0,12,30110
2026-04-15,金融期貨,外資及陸資,23,128,103,25,62730
2026-04-15,股票期貨,自營商,3310,30831,315678,-284847,-180812251
2026-04-15,股票期貨,投信,186,4290,303,3987,2211438
2026-04-15,股票期貨,外資及陸資,-25587,147567,362265,-214698,-70793102
2026-04-15,美國標普500期貨,自營商,-12,3,68,-65,-91237
2026-04-15,美國標普500期貨,投信,0,1,0,1,1404
2026-04-15,美國標普500期貨,外資及陸資,-1,73,90,-17,-23932
2026-04-15,美國那斯達克100期貨,自營商,-1,0,176,-176,-228633
2026-04-15,美國那斯達克100期貨,投信,0,1,0,1,1299
2026-04-15,美國那斯達克100期貨,外資及陸資,36,4,352,-348,-452069
2026-04-15,美國道瓊期貨,自營商,1,0,43,-43,-41919
2026-04-15,美國道瓊期貨,投信,0,1,0,1,975
2026-04-15,美國道瓊期貨,外資及陸資,14,155,115,40,38960
2026-04-15,美國費城半導體期貨,自營商,1,0,136,-136,-101127
2026-04-15,美國費城半導體期貨,投信,0,8,0,8,5947
2026-04-15,美國費城半導體期貨,外資及陸資,-22,123,94,29,21563
2026-04-16,臺股期貨,自營商,644,3499,10277,-6778,-51039527
2026-04-16,臺股期貨,投信,380,46486,3861,42625,320957725
2026-04-16,臺股期貨,外資及陸資,-2067,16924,56607,-39683,-298827775
2026-04-16,電子期貨,自營商,-21,15,118,-103,-982579
2026-04-16,電子期貨,投信,0,100,0,100,953960
2026-04-16,電子期貨,外資及陸資,20,147,169,-22,-209871
2026-04-16,金融期貨,自營商,-61,28,143,-115,-290099
2026-04-16,金融期貨,投信,0,12,0,12,30271
2026-04-16,金融期貨,外資及陸資,-40,138,153,-15,-37839
2026-04-16,股票期貨,自營商,-14512,32269,331628,-299359,-189740088
2026-04-16,股票期貨,投信,220,4510,303,4207,2803190
2026-04-16,股票期貨,外資及陸資,-18144,151312,384154,-232842,-79940937
2026-04-16,美國標普500期貨,自營商,-2,0,67,-67,-94842
2026-04-16,美國標普500期貨,投信,0,1,0,1,1415
2026-04-16,美國標普500期貨,外資及陸資,3,60,74,-14,-19888
2026-04-16,美國那斯達克100期貨,自營商,5,0,171,-171,-226182
2026-04-16,美國那斯達克100期貨,投信,0,1,0,1,1323
2026-04-16,美國那斯達克100期貨,外資及陸資,72,27,303,-276,-364992
2026-04-16,美國道瓊期貨,自營商,2,0,41,-41,-39975
2026-04-16,美國道瓊期貨,投信,0,1,0,1,975
2026-04-16,美國道瓊期貨,外資及陸資,-59,165,184,-19,-18572
2026-04-16,美國費城半導體期貨,自營商,2,0,134,-134,-100107
2026-04-16,美國費城半導體期貨,投信,0,8,0,8,5975
2026-04-16,美國費城半導體期貨,外資及陸資,-6,136,113,23,17255
2026-04-17,臺股期貨,自營商,1297,3888,9356,-5468,-40551717
2026-04-17,臺股期貨,投信,-333,46238,3946,42292,313620555
2026-04-17,臺股期貨,外資及陸資,-1467,18245,59396,-41151,-305181908
2026-04-17,電子期貨,自營商,6,28,128,-100,-937360
2026-04-17,電子期貨,投信,0,100,0,100,937360
2026-04-17,電子期貨,外資及陸資,-66,129,217,-88,-824877
2026-04-17,金融期貨,自營商,-7,51,173,-122,-305195
2026-04-17,金融期貨,投信,0,12,0,12,30019
2026-04-17,金融期貨,外資及陸資,-31,152,198,-46,-115074
2026-04-17,股票期貨,自營商,-4830,36002,340191,-304189,-191019065
2026-04-17,股票期貨,投信,90,4600,303,4297,3207174
2026-04-17,股票期貨,外資及陸資,-29215,150410,412467,-262057,-90155188
2026-04-17,美國標普500期貨,自營商,10,0,57,-57,-80757
2026-04-17,美國標普500期貨,投信,0,1,0,1,1417
2026-04-17,美國標普500期貨,外資及陸資,-10,29,53,-24,-34072
2026-04-17,美國那斯達克100期貨,自營商,-6,0,177,-177,-234330
2026-04-17,美國那斯達克100期貨,投信,0,1,0,1,1324
2026-04-17,美國那斯達克100期貨,外資及陸資,111,21,186,-165,-218371
2026-04-17,美國道瓊期貨,自營商,5,0,36,-36,-35199
2026-04-17,美國道瓊期貨,投信,0,1,0,1,978
2026-04-17,美國道瓊期貨,外資及陸資,25,140,134,6,5811
2026-04-17,美國費城半導體期貨,自營商,-7,0,141,-141,-105876
2026-04-17,美國費城半導體期貨,投信,0,8,0,8,6005
2026-04-17,美國費城半導體期貨,外資及陸資,12,152,117,35,26405
2026-04-20,臺股期貨,自營商,1165,4020,8284,-4264,-31761471
2026-04-20,臺股期貨,投信,-190,46043,3941,42102,313575696
2026-04-20,臺股期貨,外資及陸資,-635,18280,60898,-42618,-317446913
2026-04-20,電子期貨,自營商,25,52,127,-75,-706245
2026-04-20,電子期貨,投信,1,101,0,101,951077
2026-04-20,電子期貨,外資及陸資,-20,110,218,-108,-1016993
2026-04-20,金融期貨,自營商,21,68,169,-101,-253248
2026-04-20,金融期貨,投信,0,12,0,12,30089
2026-04-20,金融期貨,外資及陸資,-8,161,215,-54,-135400
2026-04-20,股票期貨,自營商,-6714,37903,348806,-310903,-195917954
2026-04-20,股票期貨,投信,8538,13138,303,12835,4635825
2026-04-20,股票期貨,外資及陸資,-22140,151627,435824,-284197,-99090080
2026-04-20,美國標普500期貨,自營商,1,0,56,-56,-79802
2026-04-20,美國標普500期貨,投信,0,1,0,1,1425
2026-04-20,美國標普500期貨,外資及陸資,0,19,43,-24,-34269
2026-04-20,美國那斯達克100期貨,自營商,-14,0,191,-191,-254574
2026-04-20,美國那斯達克100期貨,投信,0,1,0,1,1333
2026-04-20,美國那斯達克100期貨,外資及陸資,12,48,201,-153,-203853
2026-04-20,美國道瓊期貨,自營商,-2,0,38,-38,-37491
2026-04-20,美國道瓊期貨,投信,0,1,0,1,987
2026-04-20,美國道瓊期貨,外資及陸資,-45,138,177,-39,-38499
2026-04-20,美國費城半導體期貨,自營商,1,0,140,-140,-107014
2026-04-20,美國費城半導體期貨,投信,0,8,0,8,6113
2026-04-20,美國費城半導體期貨,外資及陸資,9,161,117,44,33807
2026-04-21,臺股期貨,自營商,-938,3311,8514,-5203,-39597444
2026-04-21,臺股期貨,投信,803,46684,3779,42905,326489888
2026-04-21,臺股期貨,外資及陸資,1335,20082,61377,-41295,-314265416
2026-04-21,電子期貨,自營商,17,79,137,-58,-561568
2026-04-21,電子期貨,投信,1,102,0,102,987584
2026-04-21,電子期貨,外資及陸資,-5,106,219,-113,-1094089
2026-04-21,金融期貨,自營商,21,90,170,-80,-200144
2026-04-21,金融期貨,投信,0,12,0,12,30022
2026-04-21,金融期貨,外資及陸資,-28,160,242,-82,-205148
2026-04-21,股票期貨,自營商,-651,43667,355221,-311554,-202010271
2026-04-21,股票期貨,投信,4295,17433,303,17130,6186996
2026-04-21,股票期貨,外資及陸資,-9156,160994,454347,-293353,-106855559
2026-04-21,美國標普500期貨,自營商,-14,0,70,-70,-100278
2026-04-21,美國標普500期貨,投信,0,1,0,1,1432
2026-04-21,美國標普500期貨,外資及陸資,15,9,18,-9,-12964
2026-04-21,美國那斯達克100期貨,自營商,11,0,180,-180,-241587
2026-04-21,美國那斯達克100期貨,投信,0,1,0,1,1342
2026-04-21,美國那斯達克100期貨,外資及陸資,-27,46,226,-180,-241489
2026-04-21,美國道瓊期貨,自營商,-8,0,46,-46,-45795
2026-04-21,美國道瓊期貨,投信,0,1,0,1,996
2026-04-21,美國道瓊期貨,外資及陸資,-20,138,197,-59,-58758
2026-04-21,美國費城半導體期貨,自營商,-4,0,144,-144,-112050
2026-04-21,美國費城半導體期貨,投信,0,8,0,8,6225
2026-04-21,美國費城半導體期貨,外資及陸資,55,172,73,99,77071
2026-04-22,臺股期貨,自營商,775,3404,7804,-4400,-33634085
2026-04-22,臺股期貨,投信,-1153,45531,3779,41752,319118886
2026-04-22,臺股期貨,外資及陸資,-1260,19557,62112,-42555,-325287372
2026-04-22,電子期貨,自營商,13,89,146,-57,-554622
2026-04-22,電子期貨,投信,-3,99,0,99,963290
2026-04-22,電子期貨,外資及陸資,-31,71,215,-144,-1401149
2026-04-22,金融期貨,自營商,-2,74,169,-95,-237899
2026-04-22,金融期貨,投信,0,12,0,12,30050
2026-04-22,金融期貨,外資及陸資,-11,164,257,-93,-232890
2026-04-22,股票期貨,自營商,-7683,47219,366456,-319237,-207221231
2026-04-22,股票期貨,投信,2682,20115,303,19812,8181118
2026-04-22,股票期貨,外資及陸資,-10758,159796,463907,-304111,-113184363
2026-04-22,美國標普500期貨,自營商,-14,0,84,-84,-120042
2026-04-22,美國標普500期貨,投信,0,1,0,1,1429
2026-04-22,美國標普500期貨,外資及陸資,14,16,11,5,7072
2026-04-22,美國那斯達克100期貨,自營商,11,0,169,-169,-227144
2026-04-22,美國那斯達克100期貨,投信,0,1,0,1,1344
2026-04-22,美國那斯達克100期貨,外資及陸資,-28,39,247,-208,-279465
2026-04-22,美國道瓊期貨,自營商,-28,0,74,-74,-73461
2026-04-22,美國道瓊期貨,投信,0,1,0,1,993
2026-04-22,美國道瓊期貨,外資及陸資,13,139,185,-46,-45687
2026-04-22,美國費城半導體期貨,自營商,-1,0,145,-145,-113292
2026-04-22,美國費城半導體期貨,投信,0,8,0,8,6250
2026-04-22,美國費城半導體期貨,外資及陸資,-28,167,96,71,55508
2026-04-23,臺股期貨,自營商,1672,3543,6661,-3118,-23611665
2026-04-23,臺股期貨,投信,-443,45286,3977,41309,312717392
2026-04-23,臺股期貨,外資及陸資,-1478,18185,62212,-44027,-333338089
2026-04-23,電子期貨,自營商,-34,87,177,-90,-868861
2026-04-23,電子期貨,投信,-4,95,0,95,917111
2026-04-23,電子期貨,外資及陸資,-2,70,216,-146,-1409455
2026-04-23,金融期貨,自營商,-23,55,173,-118,-292310
2026-04-23,金融期貨,投信,0,12,0,12,29726
2026-04-23,金融期貨,外資及陸資,-24,169,286,-117,-289832
2026-04-23,股票期貨,自營商,23820,63867,359284,-295417,-199345210
2026-04-23,股票期貨,投信,682,20797,303,20494,8918679
2026-04-23,股票期貨,外資及陸資,15580,170269,458800,-288531,-101660967
2026-04-23,美國標普500期貨,自營商,10,0,74,-74,-105623
2026-04-23,美國標普500期貨,投信,0,1,0,1,1427
2026-04-23,美國標普500期貨,外資及陸資,-8,11,14,-3,-4355
2026-04-23,美國那斯達克100期貨,自營商,104,0,65,-65,-87679
2026-04-23,美國那斯達克100期貨,投信,0,1,0,1,1349
2026-04-23,美國那斯達克100期貨,外資及陸資,28,38,218,-180,-242789
2026-04-23,美國道瓊期貨,自營商,2,0,72,-72,-71083
2026-04-23,美國道瓊期貨,投信,0,1,0,1,987
2026-04-23,美國道瓊期貨,外資及陸資,-29,134,209,-75,-74087
2026-04-23,美國費城半導體期貨,自營商,-4,0,149,-149,-118700
2026-04-23,美國費城半導體期貨,投信,0,8,0,8,6372
2026-04-23,美國費城半導體期貨,外資及陸資,19,168,78,90,71790
2026-04-24,臺股期貨,自營商,-1977,2923,7885,-4962,-38930380
2026-04-24,臺股期貨,投信,418,45735,4008,41727,327323279
2026-04-24,臺股期貨,外資及陸資,3402,20056,60689,-40633,-318774412
2026-04-24,電子期貨,自營商,-19,59,170,-111,-1121563
2026-04-24,電子期貨,投信,5,100,0,100,1010400
2026-04-24,電子期貨,外資及陸資,93,126,179,-53,-535512
2026-04-24,金融期貨,自營商,15,55,158,-103,-254987
2026-04-24,金融期貨,投信,0,12,0,12,29707
2026-04-24,金融期貨,外資及陸資,20,176,273,-97,-240133
2026-04-24,股票期貨,自營商,-1117,67169,363703,-296534,-209359100
2026-04-24,股票期貨,投信,510,21307,303,21004,13548900
2026-04-24,股票期貨,外資及陸資,6838,174883,456576,-281693,-113720994
2026-04-24,美國標普500期貨,自營商,-11,0,85,-85,-121395
2026-04-24,美國標普500期貨,投信,0,1,0,1,1428
2026-04-24,美國標普500期貨,外資及陸資,9,15,9,6,8506
2026-04-24,美國那斯達克100期貨,自營商,-20,0,85,-85,-115175
2026-04-24,美國那斯達克100期貨,投信,0,1,0,1,1355
2026-04-24,美國那斯達克100期貨,外資及陸資,-92,39,311,-272,-368525
2026-04-24,美國道瓊期貨,自營商,-7,0,79,-79,-78090
2026-04-24,美國道瓊期貨,投信,0,1,0,1,988
2026-04-24,美國道瓊期貨,外資及陸資,-33,111,219,-108,-106795
2026-04-24,美國費城半導體期貨,自營商,-5,0,154,-154,-127381
2026-04-24,美國費城半導體期貨,投信,0,8,0,8,6616
2026-04-24,美國費城半導體期貨,外資及陸資,25,162,47,115,95262
2026-04-27,臺股期貨,自營商,1074,3168,6960,-3792,-30288784
2026-04-27,臺股期貨,投信,918,47132,4487,42645,340486209
2026-04-27,臺股期貨,外資及陸資,-3603,18523,62746,-44223,-353116641
2026-04-27,電子期貨,自營商,15,84,182,-98,-1011379
2026-04-27,電子期貨,投信,-5,95,0,95,980400
2026-04-27,電子期貨,外資及陸資,-57,101,211,-110,-1135200
2026-04-27,金融期貨,自營商,-14,49,166,-117,-289926
2026-04-27,金融期貨,投信,0,12,0,12,29736
2026-04-27,金融期貨,外資及陸資,-24,170,291,-121,-299838
2026-04-27,股票期貨,自營商,-5026,67926,369486,-301560,-215313923
2026-04-27,股票期貨,投信,-8918,12389,303,12086,14405775
2026-04-27,股票期貨,外資及陸資,-14481,178084,474258,-296174,-127659103
2026-04-27,美國標普500期貨,自營商,11,0,74,-74,-106685
2026-04-27,美國標普500期貨,投信,0,1,0,1,1442
2026-04-27,美國標普500期貨,外資及陸資,-10,26,30,-4,-5829
2026-04-27,美國那斯達克100期貨,自營商,-1,0,86,-86,-118168
2026-04-27,美國那斯達克100期貨,投信,0,1,0,1,1374
2026-04-27,美國那斯達克100期貨,外資及陸資,12,40,300,-260,-357148
2026-04-27,美國道瓊期貨,自營商,-3,0,82,-82,-80854
2026-04-27,美國道瓊期貨,投信,0,1,0,1,986
2026-04-27,美國道瓊期貨,外資及陸資,-9,92,209,-117,-115427
2026-04-27,美國費城半導體期貨,自營商,-16,0,170,-170,-144400
2026-04-27,美國費城半導體期貨,投信,0,8,0,8,6794
2026-04-27,美國費城半導體期貨,外資及陸資,-15,157,57,100,85056
2026-04-28,臺股期貨,自營商,1071,4294,7002,-2708,-21524903
2026-04-28,臺股期貨,投信,-72,47093,4520,42573,338310602
2026-04-28,臺股期貨,外資及陸資,-1598,17922,63791,-45869,-364544299
2026-04-28,電子期貨,自營商,-11,86,195,-109,-1117705
2026-04-28,電子期貨,投信,0,95,0,95,974130
2026-04-28,電子期貨,外資及陸資,21,134,223,-89,-912606
2026-04-28,金融期貨,自營商,-12,36,165,-129,-321313
2026-04-28,金融期貨,投信,0,12,0,12,29890
2026-04-28,金融期貨,外資及陸資,6,153,268,-115,-286442
2026-04-28,股票期貨,自營商,-7964,67754,377278,-309524,-221141088
2026-04-28,股票期貨,投信,1876,14270,308,13962,16214852
2026-04-28,股票期貨,外資及陸資,-12426,177939,486539,-308600,-142200557
2026-04-28,美國標普500期貨,自營商,0,0,74,-74,-106574
2026-04-28,美國標普500期貨,投信,0,1,0,1,1440
2026-04-28,美國標普500期貨,外資及陸資,0,26,30,-4,-5824
2026-04-28,美國那斯達克100期貨,自營商,-3,0,89,-89,-121917
2026-04-28,美國那斯達克100期貨,投信,0,1,0,1,1370
2026-04-28,美國那斯達克100期貨,外資及陸資,-18,38,316,-278,-380725
2026-04-28,美國道瓊期貨,自營商,1,0,81,-81,-80036
2026-04-28,美國道瓊期貨,投信,0,1,0,1,988
2026-04-28,美國道瓊期貨,外資及陸資,-5,86,208,-122,-120610
2026-04-28,美國費城半導體期貨,自營商,9,0,161,-161,-133717
2026-04-28,美國費城半導體期貨,投信,0,8,0,8,6643
2026-04-28,美國費城半導體期貨,外資及陸資,-26,155,81,74,61568
2026-04-29,臺股期貨,自營商,1517,4732,6049,-1317,-10384926
2026-04-29,臺股期貨,投信,-378,46801,4606,42195,333163281
2026-04-29,臺股期貨,外資及陸資,-66,18063,65137,-47074,-371735161
2026-04-29,電子期貨,自營商,7,73,173,-100,-1015275
2026-04-29,電子期貨,投信,0,95,0,95,964497
2026-04-29,電子期貨,外資及陸資,-26,128,243,-115,-1167549
2026-04-29,金融期貨,自營商,-21,23,173,-150,-378600
2026-04-29,金融期貨,投信,0,12,0,12,30288
2026-04-29,金融期貨,外資及陸資,62,187,240,-53,-133772
2026-04-29,股票期貨,自營商,-1524,69939,380987,-311048,-221407890
2026-04-29,股票期貨,投信,567,14837,308,14529,18368611
2026-04-29,股票期貨,外資及陸資,-13119,178596,500315,-321719,-147269231
2026-04-29,美國標普500期貨,自營商,0,0,74,-74,-106423
2026-04-29,美國標普500期貨,投信,0,1,0,1,1438
2026-04-29,美國標普500期貨,外資及陸資,0,26,30,-4,-5815
2026-04-29,美國那斯達克100期貨,自營商,1,0,88,-88,-120164
2026-04-29,美國那斯達克100期貨,投信,0,1,0,1,1366
2026-04-29,美國那斯達克100期貨,外資及陸資,-29,36,343,-307,-419150
2026-04-29,美國道瓊期貨,自營商,-3,0,84,-84,-83024
2026-04-29,美國道瓊期貨,投信,0,1,0,1,988
2026-04-29,美國道瓊期貨,外資及陸資,12,85,195,-110,-108790
2026-04-29,美國費城半導體期貨,自營商,-36,0,197,-197,-160982
2026-04-29,美國費城半導體期貨,投信,0,8,0,8,6528
2026-04-29,美國費城半導體期貨,外資及陸資,22,195,99,96,78687
2026-04-30,臺股期貨,自營商,-299,4708,6247,-1539,-12098171
2026-04-30,臺股期貨,投信,122,46884,4567,42317,332967083
2026-04-30,臺股期貨,外資及陸資,3006,19569,63613,-44044,-346598854
2026-04-30,電子期貨,自營商,20,83,163,-80,-808116
2026-04-30,電子期貨,投信,0,95,0,95,959785
2026-04-30,電子期貨,外資及陸資,-27,105,247,-142,-1434626
2026-04-30,金融期貨,自營商,-17,41,208,-167,-416064
2026-04-30,金融期貨,投信,0,12,0,12,29897
2026-04-30,金融期貨,外資及陸資,-38,177,268,-91,-226717
2026-04-30,股票期貨,自營商,3107,72951,380892,-307941,-219398075
2026-04-30,股票期貨,投信,-30,14807,308,14499,17970653
2026-04-30,股票期貨,外資及陸資,-5350,180994,508063,-327069,-147544565
2026-04-30,美國標普500期貨,自營商,0,0,74,-74,-105880
2026-04-30,美國標普500期貨,投信,0,1,0,1,1431
2026-04-30,美國標普500期貨,外資及陸資,0,48,52,-4,-5792
2026-04-30,美國那斯達克100期貨,自營商,2,0,86,-86,-117399
2026-04-30,美國那斯達克100期貨,投信,0,1,0,1,1365
2026-04-30,美國那斯達克100期貨,外資及陸資,21,44,330,-286,-390361
2026-04-30,美國道瓊期貨,自營商,9,0,75,-75,-73083
2026-04-30,美國道瓊期貨,投信,0,1,0,1,974
2026-04-30,美國道瓊期貨,外資及陸資,74,68,104,-36,-35172
2026-04-30,美國費城半導體期貨,自營商,4,0,193,-193,-160220
2026-04-30,美國費城半導體期貨,投信,0,8,0,8,6623
2026-04-30,美國費城半導體期貨,外資及陸資,11,194,87,107,89185
2026-05-04,臺股期貨,自營商,-843,4399,6363,-1964,-16118931
2026-05-04,臺股期貨,投信,1789,48625,4519,44106,362163187
2026-05-04,臺股期貨,外資及陸資,-876,21596,65100,-43504,-357252707
2026-05-04,電子期貨,自營商,-23,66,169,-103,-1095059
2026-05-04,電子期貨,投信,0,95,0,95,1010116
2026-05-04,電子期貨,外資及陸資,75,133,200,-67,-712398
2026-05-04,金融期貨,自營商,16,54,205,-151,-376443
2026-05-04,金融期貨,投信,0,12,0,12,29916
2026-05-04,金融期貨,外資及陸資,-10,162,263,-101,-251793
2026-05-04,股票期貨,自營商,-5841,70224,384006,-313782,-232816340
2026-05-04,股票期貨,投信,-38,14769,308,14461,18760093
2026-05-04,股票期貨,外資及陸資,-2354,179757,509180,-329423,-159153998
2026-05-04,美國標普500期貨,自營商,0,0,74,-74,-107641
2026-05-04,美國標普500期貨,投信,0,1,0,1,1454
2026-05-04,美國標普500期貨,外資及陸資,0,59,63,-4,-5886
2026-05-04,美國那斯達克100期貨,自營商,15,0,71,-71,-99279
2026-05-04,美國那斯達克100期貨,投信,0,1,0,1,1398
2026-05-04,美國那斯達克100期貨,外資及陸資,-60,32,378,-346,-483789
2026-05-04,美國道瓊期貨,自營商,-2,0,77,-77,-76421
2026-05-04,美國道瓊期貨,投信,0,1,0,1,992
2026-05-04,美國道瓊期貨,外資及陸資,-43,71,150,-79,-78445
2026-05-04,美國費城半導體期貨,自營商,-19,0,212,-212,-182375
2026-05-04,美國費城半導體期貨,投信,0,8,0,8,6880
2026-05-04,美國費城半導體期貨,外資及陸資,22,208,79,129,111014
2026-05-05,臺股期貨,自營商,1133,4812,5660,-848,-6951509
2026-05-05,臺股期貨,投信,103,48828,4619,44209,362814421
2026-05-05,臺股期貨,外資及陸資,-4107,20156,68843,-48687,-399603752
2026-05-05,電子期貨,自營商,-13,73,189,-116,-1233552
2026-05-05,電子期貨,投信,4,99,0,99,1052825
2026-05-05,電子期貨,外資及陸資,-21,109,197,-88,-935845
2026-05-05,金融期貨,自營商,-43,50,242,-192,-481114
2026-05-05,金融期貨,投信,0,12,0,12,30070
2026-05-05,金融期貨,外資及陸資,40,194,255,-61,-152854
2026-05-05,股票期貨,自營商,-16427,64152,394361,-330209,-238672677
2026-05-05,股票期貨,投信,4019,18783,303,18480,19883181
2026-05-05,股票期貨,外資及陸資,-14169,182351,525943,-343592,-169964825
2026-05-05,美國標普500期貨,自營商,0,0,74,-74,-107192
2026-05-05,美國標普500期貨,投信,0,1,0,1,1448
2026-05-05,美國標普500期貨,外資及陸資,0,59,63,-4,-5856
2026-05-05,美國那斯達克100期貨,自營商,4,0,67,-67,-93354
2026-05-05,美國那斯達克100期貨,投信,0,1,0,1,1393
2026-05-05,美國那斯達克100期貨,外資及陸資,30,12,328,-316,-440275
2026-05-05,美國道瓊期貨,自營商,-1,0,78,-78,-76668
2026-05-05,美國道瓊期貨,投信,0,1,0,1,983
2026-05-05,美國道瓊期貨,外資及陸資,55,77,101,-24,-23623
2026-05-05,美國費城半導體期貨,自營商,-3,0,215,-215,-183097
2026-05-05,美國費城半導體期貨,投信,0,8,0,8,6801
2026-05-05,美國費城半導體期貨,外資及陸資,-16,208,95,113,96521
2026-05-06,臺股期貨,自營商,-340,4524,5761,-1237,-10267770
2026-05-06,臺股期貨,投信,889,49865,4767,45098,374439674
2026-05-06,臺股期貨,外資及陸資,-2280,19078,70045,-50967,-423210425
2026-05-06,電子期貨,自營商,10,75,182,-107,-1149824
2026-05-06,電子期貨,投信,-12,87,0,87,934989
2026-05-06,電子期貨,外資及陸資,-29,111,228,-117,-1257399
2026-05-06,金融期貨,自營商,-42,36,264,-228,-581674
2026-05-06,金融期貨,投信,0,12,0,12,30614
2026-05-06,金融期貨,外資及陸資,50,225,236,-11,-28063
2026-05-06,股票期貨,自營商,-6140,64974,401323,-336349,-239526591
2026-05-06,股票期貨,投信,705,19503,318,19185,20313245
2026-05-06,股票期貨,外資及陸資,-7137,184724,535453,-350729,-175948558
2026-05-06,美國標普500期貨,自營商,1,0,73,-73,-106671
2026-05-06,美國標普500期貨,投信,0,1,0,1,1461
2026-05-06,美國標普500期貨,外資及陸資,0,59,63,-4,-5910
2026-05-06,美國那斯達克100期貨,自營商,17,14,64,-50,-70915
2026-05-06,美國那斯達克100期貨,投信,0,1,0,1,1418
2026-05-06,美國那斯達克100期貨,外資及陸資,6,12,322,-310,-439625
2026-05-06,美國道瓊期貨,自營商,14,0,64,-64,-63360
2026-05-06,美國道瓊期貨,投信,0,1,0,1,990
2026-05-06,美國道瓊期貨,外資及陸資,-74,38,136,-98,-97053
2026-05-06,美國費城半導體期貨,自營商,-9,0,224,-224,-201682
2026-05-06,美國費城半導體期貨,投信,0,8,0,8,7190
2026-05-06,美國費城半導體期貨,外資及陸資,32,218,73,145,130894
2026-05-07,臺股期貨,自營商,194,4645,5679,-1034,-8764509
2026-05-07,臺股期貨,投信,1079,50998,4821,46177,391137661
2026-05-07,臺股期貨,外資及陸資,-163,20333,71465,-51132,-433157920
2026-05-07,電子期貨,自營商,-17,61,185,-124,-1367439
2026-05-07,電子期貨,投信,14,101,0,101,1113909
2026-05-07,電子期貨,外資及陸資,41,145,221,-76,-838189
2026-05-07,金融期貨,自營商,17,35,246,-211,-544169
2026-05-07,金融期貨,投信,0,12,0,12,30948
2026-05-07,金融期貨,外資及陸資,-6,257,274,-17,-43843
2026-05-07,股票期貨,自營商,-15147,64934,416430,-351496,-249436409
2026-05-07,股票期貨,投信,2455,21954,314,21640,20537555
2026-05-07,股票期貨,外資及陸資,-19367,189418,559513,-370095,-189031608
2026-05-07,美國標普500期貨,自營商,0,0,73,-73,-107971
2026-05-07,美國標普500期貨,投信,0,1,0,1,1479
2026-05-07,美國標普500期貨,外資及陸資,0,60,64,-4,-5985
2026-05-07,美國那斯達克100期貨,自營商,-5,12,67,-55,-78996
2026-05-07,美國那斯達克100期貨,投信,0,1,0,1,1436
2026-05-07,美國那斯達克100期貨,外資及陸資,-21,15,346,-331,-475368
2026-05-07,美國道瓊期貨,自營商,1,0,63,-63,-63169
2026-05-07,美國道瓊期貨,投信,0,1,0,1,1003
2026-05-07,美國道瓊期貨,外資及陸資,-20,21,139,-118,-118320
2026-05-07,美國費城半導體期貨,自營商,14,6,216,-210,-192836
2026-05-07,美國費城半導體期貨,投信,0,8,0,8,7337
2026-05-07,美國費城半導體期貨,外資及陸資,-38,197,90,107,98484
2026-05-08,臺股期貨,自營商,643,5377,5877,-500,-4202548
2026-05-08,臺股期貨,投信,130,51381,5074,46307,388339763
2026-05-08,臺股期貨,外資及陸資,-2317,20593,75123,-54530,-457369690
2026-05-08,電子期貨,自營商,40,93,177,-84,-912921
2026-05-08,電子期貨,投信,0,101,0,101,1097789
2026-05-08,電子期貨,外資及陸資,-91,99,274,-175,-1902110
2026-05-08,金融期貨,自營商,5,43,248,-205,-532344
2026-05-08,金融期貨,投信,0,12,0,12,31162
2026-05-08,金融期貨,外資及陸資,2,210,270,-60,-155808
2026-05-08,股票期貨,自營商,5418,64770,410848,-346078,-243716134
2026-05-08,股票期貨,投信,20,21954,294,21660,19758207
2026-05-08,股票期貨,外資及陸資,-5878,187254,563227,-375973,-185144187
2026-05-08,美國標普500期貨,自營商,19,13,67,-54,-79651
2026-05-08,美國標普500期貨,投信,0,1,0,1,1475
2026-05-08,美國標普500期貨,外資及陸資,-21,60,85,-25,-36940
2026-05-08,美國那斯達克100期貨,自營商,34,29,50,-21,-30258
2026-05-08,美國那斯達克100期貨,投信,0,1,0,1,1441
2026-05-08,美國那斯達克100期貨,外資及陸資,38,19,312,-293,-422089
2026-05-08,美國道瓊期貨,自營商,1,0,62,-62,-61728
2026-05-08,美國道瓊期貨,投信,0,1,0,1,996
2026-05-08,美國道瓊期貨,外資及陸資,-16,22,156,-134,-133535
2026-05-08,美國費城半導體期貨,自營商,-1,15,226,-211,-191047
2026-05-08,美國費城半導體期貨,投信,0,8,0,8,7233
2026-05-08,美國費城半導體期貨,外資及陸資,-13,199,105,94,85350
2026-05-11,臺股期貨,自營商,542,5626,5600,26,230601
2026-05-11,臺股期貨,投信,302,51653,5044,46609,391226846
2026-05-11,臺股期貨,外資及陸資,280,21382,75607,-54225,-455232088
2026-05-11,電子期貨,自營商,-36,65,185,-120,-1308066
2026-05-11,電子期貨,投信,7,108,0,108,1177308
2026-05-11,電子期貨,外資及陸資,26,115,264,-149,-1624249
2026-05-11,金融期貨,自營商,-24,39,267,-228,-587100
2026-05-11,金融期貨,投信,0,12,0,12,30900
2026-05-11,金融期貨,外資及陸資,-34,206,300,-94,-242050
2026-05-11,股票期貨,自營商,-2789,65190,414057,-348867,-252744437
2026-05-11,股票期貨,投信,1989,23908,259,23649,22574651
2026-05-11,股票期貨,外資及陸資,-15785,192265,584023,-391758,-199706566
2026-05-11,美國標普500期貨,自營商,-15,0,69,-69,-102277
2026-05-11,美國標普500期貨,投信,0,1,0,1,1482
2026-05-11,美國標普500期貨,外資及陸資,10,61,76,-15,-22301
2026-05-11,美國那斯達克100期貨,自營商,-44,12,77,-65,-95381
2026-05-11,美國那斯達克100期貨,投信,0,1,0,1,1467
2026-05-11,美國那斯達克100期貨,外資及陸資,135,5,163,-158,-232083
2026-05-11,美國道瓊期貨,自營商,6,0,56,-56,-55552
2026-05-11,美國道瓊期貨,投信,0,1,0,1,992
2026-05-11,美國道瓊期貨,外資及陸資,38,52,148,-96,-95393
2026-05-11,美國費城半導體期貨,自營商,5,14,220,-206,-196127
2026-05-11,美國費城半導體期貨,投信,0,8,0,8,7606
2026-05-11,美國費城半導體期貨,外資及陸資,19,207,94,113,107839
2026-05-12,臺股期貨,自營商,-317,4948,5332,-384,-3183885
2026-05-12,臺股期貨,投信,-1744,49961,5096,44865,374212188
2026-05-12,臺股期貨,外資及陸資,1153,22285,75357,-53072,-442759137
2026-05-12,電子期貨,自營商,24,54,150,-96,-1040452
2026-05-12,電子期貨,投信,-8,100,0,100,1083860
2026-05-12,電子期貨,外資及陸資,5,112,256,-144,-1560732
2026-05-12,金融期貨,自營商,23,55,260,-205,-514686
2026-05-12,金融期貨,投信,0,12,0,12,30127
2026-05-12,金融期貨,外資及陸資,-55,175,324,-149,-374079
2026-05-12,股票期貨,自營商,-1760,65396,416023,-350627,-247436864
2026-05-12,股票期貨,投信,865,24788,274,24514,23199327
2026-05-12,股票期貨,外資及陸資,-17005,199980,608743,-408763,-206119999
2026-05-12,美國標普500期貨,自營商,0,0,69,-69,-102411
2026-05-12,美國標普500期貨,投信,0,1,0,1,1484
2026-05-12,美國標普500期貨,外資及陸資,-4,61,80,-19,-28312
2026-05-12,美國那斯達克100期貨,自營商,-3,1,69,-68,-99555
2026-05-12,美國那斯達克100期貨,投信,0,1,0,1,1464
2026-05-12,美國那斯達克100期貨,外資及陸資,-44,20,222,-202,-296109
2026-05-12,美國道瓊期貨,自營商,22,0,34,-34,-33854
2026-05-12,美國道瓊期貨,投信,0,1,0,1,996
2026-05-12,美國道瓊期貨,外資及陸資,-23,27,146,-119,-118656
2026-05-12,美國費城半導體期貨,自營商,25,24,205,-181,-174221
2026-05-12,美國費城半導體期貨,投信,0,8,0,8,7682
2026-05-12,美國費城半導體期貨,外資及陸資,-42,170,99,71,68671
2026-05-13,臺股期貨,自營商,836,6129,5746,383,3210220
2026-05-13,臺股期貨,投信,-278,49734,5147,44587,369612235
2026-05-13,臺股期貨,外資及陸資,295,22098,74858,-52760,-437472664
2026-05-13,電子期貨,自營商,8,57,145,-88,-946814
2026-05-13,電子期貨,投信,0,100,0,100,1076000
2026-05-13,電子期貨,外資及陸資,-23,106,273,-167,-1796887
2026-05-13,金融期貨,自營商,12,42,240,-198,-502207
2026-05-13,金融期貨,投信,0,12,0,12,30434
2026-05-13,金融期貨,外資及陸資,21,175,303,-128,-324634
2026-05-13,股票期貨,自營商,9589,71994,413032,-341038,-239316766
2026-05-13,股票期貨,投信,226,24985,245,24740,22029264
2026-05-13,股票期貨,外資及陸資,-17350,205070,631183,-426113,-197933565
2026-05-13,美國標普500期貨,自營商,10,8,67,-59,-87763
2026-05-13,美國標普500期貨,投信,0,1,0,1,1487
2026-05-13,美國標普500期貨,外資及陸資,-7,64,90,-26,-38790
2026-05-13,美國那斯達克100期貨,自營商,-6,1,75,-74,-108395
2026-05-13,美國那斯達克100期貨,投信,0,1,0,1,1465
2026-05-13,美國那斯達克100期貨,外資及陸資,-63,12,277,-265,-388587
2026-05-13,美國道瓊期貨,自營商,0,0,34,-34,-33932
2026-05-13,美國道瓊期貨,投信,0,1,0,1,998
2026-05-13,美國道瓊期貨,外資及陸資,51,52,120,-68,-68006
2026-05-13,美國費城半導體期貨,自營商,-34,14,229,-215,-205028
2026-05-13,美國費城半導體期貨,投信,0,8,0,8,7616
2026-05-13,美國費城半導體期貨,外資及陸資,38,181,72,109,104190
2026-05-14,臺股期貨,自營商,324,6419,5797,622,5219361
2026-05-14,臺股期貨,投信,-1471,48561,5445,43116,359065039
2026-05-14,臺股期貨,外資及陸資,1673,22401,73469,-51068,-425393348
2026-05-14,電子期貨,自營商,-1,60,149,-89,-963623
2026-05-14,電子期貨,投信,0,100,0,100,1082800
2026-05-14,電子期貨,外資及陸資,-3,94,264,-170,-1840760
2026-05-14,金融期貨,自營商,-37,43,278,-235,-591582
2026-05-14,金融期貨,投信,0,12,0,12,30206
2026-05-14,金融期貨,外資及陸資,26,188,290,-102,-256754
2026-05-14,股票期貨,自營商,-4769,74245,420052,-345807,-241187223
2026-05-14,股票期貨,投信,4380,29365,245,29120,24498824
2026-05-14,股票期貨,外資及陸資,-9771,204241,640125,-435884,-206864041
2026-05-14,美國標普500期貨,自營商,0,8,67,-59,-88250
2026-05-14,美國標普500期貨,投信,0,1,0,1,1496
2026-05-14,美國標普500期貨,外資及陸資,0,64,90,-26,-39003
2026-05-14,美國那斯達克100期貨,自營商,-29,1,104,-103,-152645
2026-05-14,美國那斯達克100期貨,投信,0,1,0,1,1479
2026-05-14,美國那斯達克100期貨,外資及陸資,24,14,255,-241,-357151
2026-05-14,美國道瓊期貨,自營商,0,0,34,-34,-33949
2026-05-14,美國道瓊期貨,投信,0,1,0,1,999
2026-05-14,美國道瓊期貨,外資及陸資,-54,26,148,-122,-121966
2026-05-14,美國費城半導體期貨,自營商,-5,13,233,-220,-212543
2026-05-14,美國費城半導體期貨,投信,0,8,0,8,7718
2026-05-14,美國費城半導體期貨,外資及陸資,4,215,102,113,109414
2026-05-15,臺股期貨,自營商,-121,6648,5914,734,6099825
2026-05-15,臺股期貨,投信,-1378,47469,5731,41738,342437219
2026-05-15,臺股期貨,外資及陸資,158,20970,71933,-50963,-418268214
2026-05-15,電子期貨,自營商,11,68,146,-78,-829264
2026-05-15,電子期貨,投信,0,100,0,100,1063240
2026-05-15,電子期貨,外資及陸資,7,97,260,-163,-1732894
2026-05-15,金融期貨,自營商,19,44,260,-216,-544164
2026-05-15,金融期貨,投信,0,12,0,12,30228
2026-05-15,金融期貨,外資及陸資,30,195,267,-72,-181368
2026-05-15,股票期貨,自營商,16644,81605,410768,-329163,-223081867
2026-05-15,股票期貨,投信,12048,41413,245,41168,25995531
2026-05-15,股票期貨,外資及陸資,12656,210871,634102,-423231,-194789531
2026-05-15,美國標普500期貨,自營商,0,8,67,-59,-88250
2026-05-15,美國標普500期貨,投信,0,1,0,1,1496
2026-05-15,美國標普500期貨,外資及陸資,0,74,100,-26,-38980
2026-05-15,美國那斯達克100期貨,自營商,-3,1,107,-106,-155883
2026-05-15,美國那斯達克100期貨,投信,0,1,0,1,1468
2026-05-15,美國那斯達克100期貨,外資及陸資,-50,10,301,-291,-427693
2026-05-15,美國道瓊期貨,自營商,0,0,34,-34,-33969
2026-05-15,美國道瓊期貨,投信,0,1,0,1,999
2026-05-15,美國道瓊期貨,外資及陸資,-23,33,178,-145,-145000
2026-05-15,美國費城半導體期貨,自營商,-65,29,314,-285,-270695
2026-05-15,美國費城半導體期貨,投信,0,8,0,8,7590
2026-05-15,美國費城半導體期貨,外資及陸資,-64,214,165,49,46869
2026-05-18,臺股期貨,自營商,809,7090,5540,1550,12708480
2026-05-18,臺股期貨,投信,-2015,45517,5794,39723,325005673
2026-05-18,臺股期貨,外資及陸資,5996,21791,66787,-44996,-368134053
2026-05-18,電子期貨,自營商,-32,38,149,-111,-1177183
2026-05-18,電子期貨,投信,1,101,0,101,1072555
2026-05-18,電子期貨,外資及陸資,37,203,329,-126,-1343423
2026-05-18,金融期貨,自營商,-60,23,299,-276,-694170
2026-05-18,金融期貨,投信,0,12,0,12,30180
2026-05-18,金融期貨,外資及陸資,61,190,201,-11,-27968
2026-05-18,股票期貨,自營商,-2165,82132,413460,-331328,-225010924
2026-05-18,股票期貨,投信,-1356,40057,245,39812,24219775
2026-05-18,股票期貨,外資及陸資,10619,215706,628318,-412612,-190338991
2026-05-18,美國標普500期貨,自營商,0,8,67,-59,-87196
2026-05-18,美國標普500期貨,投信,0,1,0,1,1478
2026-05-18,美國標普500期貨,外資及陸資,5,89,110,-21,-31132
2026-05-18,美國那斯達克100期貨,自營商,14,6,98,-92,-134112
2026-05-18,美國那斯達克100期貨,投信,0,1,0,1,1454
2026-05-18,美國那斯達克100期貨,外資及陸資,24,86,353,-267,-388409
2026-05-18,美國道瓊期貨,自營商,0,0,34,-34,-33483
2026-05-18,美國道瓊期貨,投信,0,1,0,1,985
2026-05-18,美國道瓊期貨,外資及陸資,83,79,141,-62,-61206
2026-05-18,美國費城半導體期貨,自營商,-6,12,303,-291,-270027
2026-05-18,美國費城半導體期貨,投信,0,8,0,8,7418
2026-05-18,美國費城半導體期貨,外資及陸資,32,241,160,81,75411
2026-05-19,臺股期貨,自營商,898,7824,5212,2612,21100898
2026-05-19,臺股期貨,投信,-1081,44542,5900,38642,312246916
2026-05-19,臺股期貨,外資及陸資,-377,21448,66824,-45376,-366566298
2026-05-19,電子期貨,自營商,-3,37,149,-112,-1169332
2026-05-19,電子期貨,投信,0,101,0,101,1059611
2026-05-19,電子期貨,外資及陸資,-26,125,277,-152,-1593560
2026-05-19,金融期貨,自營商,23,26,279,-253,-644718
2026-05-19,金融期貨,投信,0,12,0,12,30742
2026-05-19,金融期貨,外資及陸資,73,200,138,62,158448
2026-05-19,股票期貨,自營商,13775,88471,406024,-317553,-209114989
2026-05-19,股票期貨,投信,0,40057,245,39812,23160262
2026-05-19,股票期貨,外資及陸資,7502,228950,634060,-405110,-177194474
2026-05-19,美國標普500期貨,自營商,-19,0,78,-78,-115456
2026-05-19,美國標普500期貨,投信,0,1,0,1,1480
2026-05-19,美國標普500期貨,外資及陸資,20,90,91,-1,-1603
2026-05-19,美國那斯達克100期貨,自營商,1,1,92,-91,-132114
2026-05-19,美國那斯達克100期貨,投信,0,1,0,1,1452
2026-05-19,美國那斯達克100期貨,外資及陸資,-34,53,354,-301,-437267
2026-05-19,美國道瓊期貨,自營商,0,0,34,-34,-33751
2026-05-19,美國道瓊期貨,投信,0,1,0,1,993
2026-05-19,美國道瓊期貨,外資及陸資,36,104,130,-26,-25953
2026-05-19,美國費城半導體期貨,自營商,16,7,282,-275,-247823
2026-05-19,美國費城半導體期貨,投信,0,8,0,8,7204
2026-05-19,美國費城半導體期貨,外資及陸資,-187,208,314,-106,-95181
2026-05-20,臺股期貨,自營商,573,6772,4324,2448,19629711
2026-05-20,臺股期貨,投信,341,44928,5945,38983,312830778
2026-05-20,臺股期貨,外資及陸資,-803,18699,61443,-42744,-343047046
2026-05-20,電子期貨,自營商,-27,20,89,-69,-716151
2026-05-20,電子期貨,投信,10,111,0,111,1152069
2026-05-20,電子期貨,外資及陸資,-5,26,187,-161,-1671019
2026-05-20,金融期貨,自營商,-4,7,143,-136,-347942
2026-05-20,金融期貨,投信,0,12,0,12,30701
2026-05-20,金融期貨,外資及陸資,-10,141,59,82,209788
2026-05-20,股票期貨,自營商,7494,36342,306556,-270214,-196675375
2026-05-20,股票期貨,投信,-9670,15471,244,15227,9097312
2026-05-20,股票期貨,外資及陸資,-10216,123324,485952,-362628,-150107480
2026-05-20,美國標普500期貨,自營商,12,0,66,-66,-97307
2026-05-20,美國標普500期貨,投信,0,1,0,1,1474
2026-05-20,美國標普500期貨,外資及陸資,-12,77,90,-13,-19289
2026-05-20,美國那斯達克100期貨,自營商,-12,1,104,-103,-149077
2026-05-20,美國那斯達克100期貨,投信,0,1,0,1,1447
2026-05-20,美國那斯達克100期貨,外資及陸資,-40,52,393,-341,-493989
2026-05-20,美國道瓊期貨,自營商,0,0,34,-34,-33578
2026-05-20,美國道瓊期貨,投信,0,1,0,1,988
2026-05-20,美國道瓊期貨,外資及陸資,8,120,138,-18,-17961
2026-05-20,美國費城半導體期貨,自營商,19,6,262,-256,-233355
2026-05-20,美國費城半導體期貨,投信,0,8,0,8,7286
2026-05-20,美國費城半導體期貨,外資及陸資,13,207,300,-93,-84459
2026-05-21,臺股期貨,自營商,-1207,5861,4606,1255,10403570
2026-05-21,臺股期貨,投信,1744,46431,5718,40713,337942328
2026-05-21,臺股期貨,外資及陸資,-1725,17834,62288,-44454,-369012636
2026-05-21,電子期貨,自營商,-20,21,110,-89,-960826
2026-05-21,電子期貨,投信,0,111,0,111,1198334
2026-05-21,電子期貨,外資及陸資,53,68,176,-108,-1165947
2026-05-21,金融期貨,自營商,-20,20,176,-156,-399355
2026-05-21,金融期貨,投信,0,12,0,12,30718
2026-05-21,金融期貨,外資及陸資,-43,99,60,39,99832
2026-05-21,股票期貨,自營商,-23507,37640,331361,-293721,-217370067
2026-05-21,股票期貨,投信,1050,16521,244,16277,9830173
2026-05-21,股票期貨,外資及陸資,-22827,135282,520737,-385455,-178302987
2026-05-21,美國標普500期貨,自營商,0,0,66,-66,-98307
2026-05-21,美國標普500期貨,投信,0,1,0,1,1490
2026-05-21,美國標普500期貨,外資及陸資,-2,76,91,-15,-22458
2026-05-21,美國那斯達克100期貨,自營商,1,1,103,-102,-149879
2026-05-21,美國那斯達克100期貨,投信,0,1,0,1,1469
2026-05-21,美國那斯達克100期貨,外資及陸資,50,78,369,-291,-428153
2026-05-21,美國道瓊期貨,自營商,0,0,34,-34,-34041
2026-05-21,美國道瓊期貨,投信,0,1,0,1,1001
2026-05-21,美國道瓊期貨,外資及陸資,-106,27,151,-124,-124372
2026-05-21,美國費城半導體期貨,自營商,4,6,258,-252,-239939
2026-05-21,美國費城半導體期貨,投信,0,8,0,8,7609
2026-05-21,美國費城半導體期貨,外資及陸資,4,215,304,-89,-84312
2026-05-22,臺股期貨,自營商,-349,5609,4680,929,7877420
2026-05-22,臺股期貨,投信,1334,47640,5593,42047,357021077
2026-05-22,臺股期貨,外資及陸資,-2059,16747,63230,-46483,-394712170
2026-05-22,電子期貨,自營商,18,25,96,-71,-785587
2026-05-22,電子期貨,投信,0,111,0,111,1228171
2026-05-22,電子期貨,外資及陸資,-14,52,174,-122,-1349881
2026-05-22,金融期貨,自營商,2,30,184,-154,-394174
2026-05-22,金融期貨,投信,0,12,0,12,30713
2026-05-22,金融期貨,外資及陸資,-48,85,94,-9,-23035
2026-05-22,股票期貨,自營商,-17866,38625,350212,-311587,-232896151
2026-05-22,股票期貨,投信,4281,20811,253,20558,12456215
2026-05-22,股票期貨,外資及陸資,-27949,142322,555726,-413404,-205443910
2026-05-22,美國標普500期貨,自營商,0,0,66,-66,-98881
2026-05-22,美國標普500期貨,投信,0,1,0,1,1498
2026-05-22,美國標普500期貨,外資及陸資,-1,65,81,-16,-24092
2026-05-22,美國那斯達克100期貨,自營商,0,1,103,-102,-150853
2026-05-22,美國那斯達克100期貨,投信,0,1,0,1,1479
2026-05-22,美國那斯達克100期貨,外資及陸資,-112,59,462,-403,-596609
2026-05-22,美國道瓊期貨,自營商,0,0,34,-34,-34381
2026-05-22,美國道瓊期貨,投信,0,1,0,1,1011
2026-05-22,美國道瓊期貨,外資及陸資,-12,27,163,-136,-137701
2026-05-22,美國費城半導體期貨,自營商,-12,6,270,-264,-255713
2026-05-22,美國費城半導體期貨,投信,0,8,0,8,7744
2026-05-22,美國費城半導體期貨,外資及陸資,-69,177,335,-158,-152753
2026-05-25,臺股期貨,自營商,799,6816,5088,1728,15149604
2026-05-25,臺股期貨,投信,971,48466,5448,43018,377439932
2026-05-25,臺股期貨,外資及陸資,-4938,16232,67690,-51458,-451516155
2026-05-25,電子期貨,自營商,-39,23,133,-110,-1271204
2026-05-25,電子期貨,投信,27,138,0,138,1594783
2026-05-25,電子期貨,外資及陸資,22,84,184,-100,-1155640
2026-05-25,金融期貨,自營商,35,43,162,-119,-304262
2026-05-25,金融期貨,投信,0,12,0,12,30679
2026-05-25,金融期貨,外資及陸資,-56,80,145,-65,-166179
2026-05-25,股票期貨,自營商,-1536,47366,360489,-313123,-250875774
2026-05-25,股票期貨,投信,3168,23979,253,23726,14901197
2026-05-25,股票期貨,外資及陸資,-45701,148621,607726,-459105,-234670616
2026-05-25,美國標普500期貨,自營商,0,0,66,-66,-99726
2026-05-25,美國標普500期貨,投信,0,1,0,1,1511
2026-05-25,美國標普500期貨,外資及陸資,-2,30,48,-18,-27319
2026-05-25,美國那斯達克100期貨,自營商,2,1,101,-100,-150050
2026-05-25,美國那斯達克100期貨,投信,0,1,0,1,1501
2026-05-25,美國那斯達克100期貨,外資及陸資,34,66,435,-369,-554287
2026-05-25,美國道瓊期貨,自營商,0,0,34,-34,-34732
2026-05-25,美國道瓊期貨,投信,0,1,0,1,1022
2026-05-25,美國道瓊期貨,外資及陸資,13,28,151,-123,-125855
2026-05-25,美國費城半導體期貨,自營商,7,6,263,-257,-259993
2026-05-25,美國費城半導體期貨,投信,0,8,0,8,8085
2026-05-25,美國費城半導體期貨,外資及陸資,-19,182,359,-177,-178543
2026-05-26,臺股期貨,自營商,253,7482,5489,1993,17469986
2026-05-26,臺股期貨,投信,318,48784,5448,43336,380178061
2026-05-26,臺股期貨,外資及陸資,-2874,15813,70204,-54391,-477189517
2026-05-26,電子期貨,自營商,-2,21,133,-112,-1285054
2026-05-26,電子期貨,投信,-3,135,0,135,1548963
2026-05-26,電子期貨,外資及陸資,-40,62,202,-140,-1606332
2026-05-26,金融期貨,自營商,-13,46,178,-132,-342725
2026-05-26,金融期貨,投信,0,12,0,12,31154
2026-05-26,金融期貨,外資及陸資,43,107,129,-22,-57117
2026-05-26,股票期貨,自營商,-2959,53363,369445,-316082,-257483152
2026-05-26,股票期貨,投信,6408,30387,253,30134,17815223
2026-05-26,股票期貨,外資及陸資,-42706,148017,649828,-501811,-258260805
2026-05-26,美國標普500期貨,自營商,0,0,66,-66,-99541
2026-05-26,美國標普500期貨,投信,0,1,0,1,1508
2026-05-26,美國標普500期貨,外資及陸資,-4,4,26,-22,-33301
2026-05-26,美國那斯達克100期貨,自營商,0,1,101,-100,-149190
2026-05-26,美國那斯達克100期貨,投信,0,1,0,1,1492
2026-05-26,美國那斯達克100期貨,外資及陸資,-31,92,492,-400,-597407
2026-05-26,美國道瓊期貨,自營商,0,0,34,-34,-34672
2026-05-26,美國道瓊期貨,投信,0,1,0,1,1020
2026-05-26,美國道瓊期貨,外資及陸資,40,69,152,-83,-84819
2026-05-26,美國費城半導體期貨,自營商,3,6,260,-254,-255447
2026-05-26,美國費城半導體期貨,投信,0,8,0,8,8040
2026-05-26,美國費城半導體期貨,外資及陸資,-76,123,376,-253,-253992
2026-05-27,臺股期貨,自營商,-377,6929,5268,1661,14868589
2026-05-27,臺股期貨,投信,1937,50621,5348,45273,405591753
2026-05-27,臺股期貨,外資及陸資,-1949,15979,72281,-56302,-504430493
2026-05-27,電子期貨,自營商,4,22,130,-108,-1266192
2026-05-27,電子期貨,投信,0,135,0,135,1582740
2026-05-27,電子期貨,外資及陸資,-13,54,207,-153,-1793772
2026-05-27,金融期貨,自營商,-5,24,170,-146,-387218
2026-05-27,金融期貨,投信,0,12,0,12,31824
2026-05-27,金融期貨,外資及陸資,12,154,164,-10,-26520
2026-05-27,股票期貨,自營商,2838,57282,370526,-313244,-263251060
2026-05-27,股票期貨,投信,6371,36758,253,36505,22483659
2026-05-27,股票期貨,外資及陸資,-15080,146824,663715,-516891,-274986355
2026-05-27,美國標普500期貨,自營商,0,0,66,-66,-99564
2026-05-27,美國標普500期貨,投信,0,1,0,1,1509
2026-05-27,美國標普500期貨,外資及陸資,-1,14,37,-23,-34818
2026-05-27,美國那斯達克100期貨,自營商,0,1,101,-100,-150525
2026-05-27,美國那斯達克100期貨,投信,0,1,0,1,1505
2026-05-27,美國那斯達克100期貨,外資及陸資,46,130,484,-354,-533592
2026-05-27,美國道瓊期貨,自營商,0,0,34,-34,-34401
2026-05-27,美國道瓊期貨,投信,0,1,0,1,1012
2026-05-27,美國道瓊期貨,外資及陸資,-51,38,172,-134,-135856
2026-05-27,美國費城半導體期貨,自營商,8,3,249,-246,-255805
2026-05-27,美國費城半導體期貨,投信,0,8,0,8,8313
2026-05-27,美國費城半導體期貨,外資及陸資,-30,177,460,-283,-293841
2026-05-28,臺股期貨,自營商,2524,8355,4471,3884,34037706
2026-05-28,臺股期貨,投信,-506,50140,5373,44767,392508103
2026-05-28,臺股期貨,外資及陸資,-545,16585,74781,-58196,-510290115
2026-05-28,電子期貨,自營商,3,28,133,-105,-1205190
2026-05-28,電子期貨,投信,0,135,0,135,1549530
2026-05-28,電子期貨,外資及陸資,-24,32,209,-177,-2031606
2026-05-28,金融期貨,自營商,-3,22,171,-149,-392582
2026-05-28,金融期貨,投信,0,12,0,12,31615
2026-05-28,金融期貨,外資及陸資,-6,147,163,-16,-42154
2026-05-28,股票期貨,自營商,5220,58854,366878,-308024,-249846519
2026-05-28,股票期貨,投信,6233,42991,253,42738,24215886
2026-05-28,股票期貨,外資及陸資,-12805,153007,682703,-529696,-271885520
2026-05-28,美國標普500期貨,自營商,0,0,66,-66,-99218
2026-05-28,美國標普500期貨,投信,0,1,0,1,1503
2026-05-28,美國標普500期貨,外資及陸資,3,16,36,-20,-30187
2026-05-28,美國那斯達克100期貨,自營商,-1,1,102,-101,-150940
2026-05-28,美國那斯達克100期貨,投信,0,1,0,1,1494
2026-05-28,美國那斯達克100期貨,外資及陸資,-74,82,510,-428,-640266
2026-05-28,美國道瓊期貨,自營商,0,0,34,-34,-34475
2026-05-28,美國道瓊期貨,投信,0,1,0,1,1014
2026-05-28,美國道瓊期貨,外資及陸資,112,146,168,-22,-22393
2026-05-28,美國費城半導體期貨,自營商,-135,0,381,-381,-381619
2026-05-28,美國費城半導體期貨,投信,0,8,0,8,8013
2026-05-28,美國費城半導體期貨,外資及陸資,53,190,420,-230,-230358
2026-05-29,臺股期貨,自營商,-1811,6682,4608,2074,18782710
2026-05-29,臺股期貨,投信,2159,52228,5302,46926,425290338
2026-05-29,臺股期貨,外資及陸資,-3511,15766,76416,-60650,-549700229
2026-05-29,電子期貨,自營商,-8,29,142,-113,-1342452
2026-05-29,電子期貨,投信,0,135,0,135,1603827
2026-05-29,電子期貨,外資及陸資,27,43,193,-150,-1782030
2026-05-29,金融期貨,自營商,27,47,169,-122,-326425
2026-05-29,金融期貨,投信,0,12,0,12,32105
2026-05-29,金融期貨,外資及陸資,-15,160,191,-31,-82937
2026-05-29,股票期貨,自營商,-12512,58083,378619,-320536,-259997053
2026-05-29,股票期貨,投信,254,43245,253,42992,25029116
2026-05-29,股票期貨,外資及陸資,-29442,149071,708209,-559138,-304915355
2026-05-29,美國標普500期貨,自營商,0,0,66,-66,-100043
2026-05-29,美國標普500期貨,投信,0,1,0,1,1516
2026-05-29,美國標普500期貨,外資及陸資,-8,13,41,-28,-42662
2026-05-29,美國那斯達克100期貨,自營商,0,1,102,-101,-153061
2026-05-29,美國那斯達克100期貨,投信,0,1,0,1,1515
2026-05-29,美國那斯達克100期貨,外資及陸資,-2,83,513,-430,-652283
2026-05-29,美國道瓊期貨,自營商,0,0,34,-34,-34534
2026-05-29,美國道瓊期貨,投信,0,1,0,1,1016
2026-05-29,美國道瓊期貨,外資及陸資,0,142,164,-22,-22446
2026-05-29,美國費城半導體期貨,自營商,-3,0,384,-384,-397014
2026-05-29,美國費城半導體期貨,投信,0,8,0,8,8267
2026-05-29,美國費城半導體期貨,外資及陸資,27,228,431,-203,-209498
2026-06-01,臺股期貨,自營商,379,7217,4761,2456,22599597
2026-06-01,臺股期貨,投信,1493,53713,5294,48419,445851836
2026-06-01,臺股期貨,外資及陸資,-3978,16134,80807,-64673,-595563906
2026-06-01,電子期貨,自營商,-34,25,172,-147,-1773731
2026-06-01,電子期貨,投信,26,161,0,161,1942658
2026-06-01,電子期貨,外資及陸資,9,47,188,-141,-1701335
2026-06-01,金融期貨,自營商,-14,47,183,-136,-371143
2026-06-01,金融期貨,投信,0,12,0,12,32746
2026-06-01,金融期貨,外資及陸資,0,152,183,-31,-84592
2026-06-01,股票期貨,自營商,-5548,58384,384468,-326084,-264790611
2026-06-01,股票期貨,投信,-30,43215,253,42962,25335298
2026-06-01,股票期貨,外資及陸資,-15227,154026,728391,-574365,-329858067
2026-06-01,美國標普500期貨,自營商,14,10,62,-52,-79201
2026-06-01,美國標普500期貨,投信,0,1,0,1,1523
2026-06-01,美國標普500期貨,外資及陸資,-12,13,53,-40,-61158
2026-06-01,美國那斯達克100期貨,自營商,1,1,101,-100,-152970
2026-06-01,美國那斯達克100期貨,投信,0,1,0,1,1530
2026-06-01,美國那斯達克100期貨,外資及陸資,44,106,492,-386,-591235
2026-06-01,美國道瓊期貨,自營商,16,0,18,-18,-18406
2026-06-01,美國道瓊期貨,投信,0,1,0,1,1023
2026-06-01,美國道瓊期貨,外資及陸資,3,129,148,-19,-19565
2026-06-01,美國費城半導體期貨,自營商,-6,0,390,-390,-406803
2026-06-01,美國費城半導體期貨,投信,0,8,0,8,8340
2026-06-01,美國費城半導體期貨,外資及陸資,-12,233,448,-215,-223803
2026-06-02,臺股期貨,自營商,107,7664,5100,2564,23625423
2026-06-02,臺股期貨,投信,1346,55075,5310,49765,458863159
2026-06-02,臺股期貨,外資及陸資,-2343,15432,82450,-67018,-617995145
2026-06-02,電子期貨,自營商,27,26,146,-120,-1445926
2026-06-02,電子期貨,投信,0,161,0,161,1939953
2026-06-02,電子期貨,外資及陸資,-41,51,233,-182,-2192991
2026-06-02,金融期貨,自營商,53,65,148,-83,-230434
2026-06-02,金融期貨,投信,0,12,0,12,33312
2026-06-02,金融期貨,外資及陸資,13,176,194,-18,-49968
2026-06-02,股票期貨,自營商,6834,64070,383320,-319250,-255969999
2026-06-02,股票期貨,投信,-2387,40835,260,40575,21012788
2026-06-02,股票期貨,外資及陸資,-22547,158088,755000,-596912,-335970416
2026-06-02,美國標普500期貨,自營商,0,10,62,-52,-78832
2026-06-02,美國標普500期貨,投信,0,1,0,1,1516
2026-06-02,美國標普500期貨,外資及陸資,-1,2,43,-41,-62419
2026-06-02,美國那斯達克100期貨,自營商,5,1,96,-95,-144818
2026-06-02,美國那斯達克100期貨,投信,0,1,0,1,1524
2026-06-02,美國那斯達克100期貨,外資及陸資,-25,147,558,-411,-627393
2026-06-02,美國道瓊期貨,自營商,0,0,18,-18,-18344
2026-06-02,美國道瓊期貨,投信,0,1,0,1,1019
2026-06-02,美國道瓊期貨,外資及陸資,-14,113,146,-33,-33776
2026-06-02,美國費城半導體期貨,自營商,-23,0,413,-413,-429548
2026-06-02,美國費城半導體期貨,投信,0,8,0,8,8317
2026-06-02,美國費城半導體期貨,外資及陸資,16,218,417,-199,-206718
2026-06-03,臺股期貨,自營商,-29,6981,4507,2474,23173262
2026-06-03,臺股期貨,投信,1539,56541,5237,51304,480790314
2026-06-03,臺股期貨,外資及陸資,177,15473,82245,-66772,-625816571
2026-06-03,電子期貨,自營商,11,26,140,-114,-1393216
2026-06-03,電子期貨,投信,3,164,0,164,2004211
2026-06-03,電子期貨,外資及陸資,-1,55,238,-183,-2236406
2026-06-03,金融期貨,自營商,-26,50,143,-93,-270656
2026-06-03,金融期貨,投信,0,12,0,12,34920
2026-06-03,金融期貨,外資及陸資,30,181,169,12,34920
2026-06-03,股票期貨,自營商,-4432,65476,389158,-323682,-257583290
2026-06-03,股票期貨,投信,-2982,37853,260,37593,19154542
2026-06-03,股票期貨,外資及陸資,3592,154597,747917,-593320,-335221110
2026-06-03,美國標普500期貨,自營商,0,10,62,-52,-79115
2026-06-03,美國標普500期貨,投信,0,1,0,1,1521
2026-06-03,美國標普500期貨,外資及陸資,0,2,43,-41,-62642
2026-06-03,美國那斯達克100期貨,自營商,0,1,96,-95,-145977
2026-06-03,美國那斯達克100期貨,投信,0,1,0,1,1537
2026-06-03,美國那斯達克100期貨,外資及陸資,62,139,488,-349,-537137
2026-06-03,美國道瓊期貨,自營商,0,0,18,-18,-18489
2026-06-03,美國道瓊期貨,投信,0,1,0,1,1027
2026-06-03,美國道瓊期貨,外資及陸資,19,128,142,-14,-14510
2026-06-03,美國費城半導體期貨,自營商,6,0,407,-407,-451947
2026-06-03,美國費城半導體期貨,投信,0,8,0,8,8880
2026-06-03,美國費城半導體期貨,外資及陸資,33,230,396,-166,-183997
2026-06-04,臺股期貨,自營商,739,8233,5014,3219,29794619
2026-06-04,臺股期貨,投信,554,57154,5296,51858,480308807
2026-06-04,臺股期貨,外資及陸資,-2704,15138,84614,-69476,-643572285
2026-06-04,電子期貨,自營商,-24,31,168,-137,-1647053
2026-06-04,電子期貨,投信,3,167,0,167,2007641
2026-06-04,電子期貨,外資及陸資,-11,39,233,-194,-2332229
2026-06-04,金融期貨,自營商,17,58,134,-76,-222949
2026-06-04,金融期貨,投信,0,12,0,12,35198
2026-06-04,金融期貨,外資及陸資,-35,162,185,-23,-67464
2026-06-04,股票期貨,自營商,8663,71115,386134,-315019,-244259879
2026-06-04,股票期貨,投信,-7166,30682,255,30427,15729894
2026-06-04,股票期貨,外資及陸資,-7773,154833,755926,-601093,-324344782
2026-06-04,美國標普500期貨,自營商,0,10,62,-52,-78437
2026-06-04,美國標普500期貨,投信,0,1,0,1,1508
2026-06-04,美國標普500期貨,外資及陸資,-2,1,44,-43,-65128
2026-06-04,美國那斯達克100期貨,自營商,3,1,93,-92,-140369
2026-06-04,美國那斯達克100期貨,投信,0,1,0,1,1526
2026-06-04,美國那斯達克100期貨,外資及陸資,-10,198,557,-359,-548665
2026-06-04,美國道瓊期貨,自營商,0,0,18,-18,-18286
2026-06-04,美國道瓊期貨,投信,0,1,0,1,1016
2026-06-04,美國道瓊期貨,外資及陸資,-43,62,119,-57,-58097
2026-06-04,美國費城半導體期貨,自營商,-12,0,419,-419,-460658
2026-06-04,美國費城半導體期貨,投信,0,8,0,8,8790
2026-06-04,美國費城半導體期貨,外資及陸資,25,236,377,-141,-154574
2026-06-05,臺股期貨,自營商,1501,9340,4533,4807,43455533
2026-06-05,臺股期貨,投信,302,57526,5366,52160,471797650
2026-06-05,臺股期貨,外資及陸資,1016,12857,82003,-69146,-625559019
2026-06-05,電子期貨,自營商,-9,35,181,-146,-1711012
2026-06-05,電子期貨,投信,0,167,0,167,1957040
2026-06-05,電子期貨,外資及陸資,-13,41,248,-207,-2425791
2026-06-05,金融期貨,自營商,10,77,143,-66,-193987
2026-06-05,金融期貨,投信,0,12,0,12,35266
2026-06-05,金融期貨,外資及陸資,4,176,195,-19,-55837
2026-06-05,股票期貨,自營商,18178,79346,376187,-296841,-232859234
2026-06-05,股票期貨,投信,0,30682,255,30427,16118779
2026-06-05,股票期貨,外資及陸資,17602,160799,744290,-583491,-306630740
2026-06-05,美國標普500期貨,自營商,15,0,37,-37,-55981
2026-06-05,美國標普500期貨,投信,0,1,0,1,1513
2026-06-05,美國標普500期貨,外資及陸資,-14,0,57,-57,-86507
2026-06-05,美國那斯達克100期貨,自營商,-57,0,149,-149,-225005
2026-06-05,美國那斯達克100期貨,投信,0,1,0,1,1510
2026-06-05,美國那斯達克100期貨,外資及陸資,-69,122,550,-428,-647428
2026-06-05,美國道瓊期貨,自營商,0,0,18,-18,-18589
2026-06-05,美國道瓊期貨,投信,0,1,0,1,1033
2026-06-05,美國道瓊期貨,外資及陸資,111,115,61,54,55821
2026-06-05,美國費城半導體期貨,自營商,-24,0,443,-443,-474293
2026-06-05,美國費城半導體期貨,投信,0,8,0,8,8559
2026-06-05,美國費城半導體期貨,外資及陸資,-30,217,388,-171,-182630
2026-06-08,臺股期貨,自營商,596,9637,4191,5446,46913833
2026-06-08,臺股期貨,投信,1714,59541,5667,53874,464210722
2026-06-08,臺股期貨,外資及陸資,3524,11990,77491,-65501,-564498816
2026-06-08,電子期貨,自營商,15,46,177,-131,-1462212
2026-06-08,電子期貨,投信,5,172,0,172,1919898
2026-06-08,電子期貨,外資及陸資,-13,37,257,-220,-2455684
2026-06-08,金融期貨,自營商,-38,50,154,-104,-295377
2026-06-08,金融期貨,投信,0,12,0,12,34085
2026-06-08,金融期貨,外資及陸資,-4,164,187,-23,-65329
2026-06-08,股票期貨,自營商,23986,89330,362185,-272855,-207552971
2026-06-08,股票期貨,投信,-10000,20682,255,20427,12549496
2026-06-08,股票期貨,外資及陸資,32766,172261,722986,-550725,-262289036
2026-06-08,美國標普500期貨,自營商,34,0,3,-3,-4443
2026-06-08,美國標普500期貨,投信,0,1,0,1,1481
2026-06-08,美國標普500期貨,外資及陸資,-31,8,96,-88,-130590
2026-06-08,美國那斯達克100期貨,自營商,42,0,107,-107,-155257
2026-06-08,美國那斯達克100期貨,投信,0,1,0,1,1451
2026-06-08,美國那斯達克100期貨,外資及陸資,-98,81,607,-526,-764468
2026-06-08,美國道瓊期貨,自營商,-4,0,22,-22,-22309
2026-06-08,美國道瓊期貨,投信,0,1,0,1,1014
2026-06-08,美國道瓊期貨,外資及陸資,-18,89,53,36,36600
2026-06-08,美國費城半導體期貨,自營商,76,0,367,-367,-363049
2026-06-08,美國費城半導體期貨,投信,0,8,0,8,7904
2026-06-08,美國費城半導體期貨,外資及陸資,57,216,330,-114,-112220
2026-06-09,臺股期貨,自營商,-1288,8335,4258,4077,36428693
2026-06-09,臺股期貨,投信,1379,60730,5477,55253,493726125
2026-06-09,臺股期貨,外資及陸資,2388,9344,71215,-61871,-552957422
2026-06-09,電子期貨,自營商,-11,42,184,-142,-1642023
2026-06-09,電子期貨,投信,0,172,0,172,1988974
2026-06-09,電子期貨,外資及陸資,16,42,246,-204,-2359015
2026-06-09,金融期貨,自營商,11,67,160,-93,-280793
2026-06-09,金融期貨,投信,0,12,0,12,36238
2026-06-09,金融期貨,外資及陸資,21,183,185,-2,-6040
2026-06-09,股票期貨,自營商,16861,101083,357077,-255994,-212466269
2026-06-09,股票期貨,投信,0,20682,255,20427,13664368
2026-06-09,股票期貨,外資及陸資,-23958,163567,738250,-574683,-286500870
2026-06-09,美國標普500期貨,自營商,0,0,3,-3,-4462
2026-06-09,美國標普500期貨,投信,0,1,0,1,1487
2026-06-09,美國標普500期貨,外資及陸資,1,8,95,-87,-129669
2026-06-09,美國那斯達克100期貨,自營商,11,0,96,-96,-142253
2026-06-09,美國那斯達克100期貨,投信,0,1,0,1,1482
2026-06-09,美國那斯達克100期貨,外資及陸資,-20,82,628,-546,-809771
2026-06-09,美國道瓊期貨,自營商,0,0,22,-22,-22412
2026-06-09,美國道瓊期貨,投信,0,1,0,1,1019
2026-06-09,美國道瓊期貨,外資及陸資,-8,77,49,28,28618
2026-06-09,美國費城半導體期貨,自營商,2,0,365,-365,-384780
2026-06-09,美國費城半導體期貨,投信,0,8,0,8,8427
2026-06-09,美國費城半導體期貨,外資及陸資,50,199,263,-64,-67129
2026-06-10,臺股期貨,自營商,1051,8420,3567,4853,42097806
2026-06-10,臺股期貨,投信,-1067,59889,5703,54186,470009386
2026-06-10,臺股期貨,外資及陸資,-81,9129,71078,-61949,-537441555
2026-06-10,電子期貨,自營商,-29,45,212,-167,-1868217
2026-06-10,電子期貨,投信,33,205,0,205,2293376
2026-06-10,電子期貨,外資及陸資,-11,35,250,-215,-2405248
2026-06-10,金融期貨,自營商,34,65,124,-59,-175282
2026-06-10,金融期貨,投信,-1,11,0,11,32734
2026-06-10,金融期貨,外資及陸資,-16,172,190,-18,-53564
2026-06-10,股票期貨,自營商,29798,116253,342449,-226196,-186797508
2026-06-10,股票期貨,投信,0,20682,255,20427,13152148
2026-06-10,股票期貨,外資及陸資,27349,176076,723410,-547334,-261700065
2026-06-10,美國標普500期貨,自營商,0,0,3,-3,-4420
2026-06-10,美國標普500期貨,投信,0,1,0,1,1473
2026-06-10,美國標普500期貨,外資及陸資,0,0,87,-87,-128467
2026-06-10,美國那斯達克100期貨,自營商,-6,0,102,-102,-147609
2026-06-10,美國那斯達克100期貨,投信,0,1,0,1,1447
2026-06-10,美國那斯達克100期貨,外資及陸資,0,73,619,-546,-791468
2026-06-10,美國道瓊期貨,自營商,0,0,22,-22,-22340
2026-06-10,美國道瓊期貨,投信,0,1,0,1,1015
2026-06-10,美國道瓊期貨,外資及陸資,19,79,32,47,47812
2026-06-10,美國費城半導體期貨,自營商,-17,0,382,-382,-378728
2026-06-10,美國費城半導體期貨,投信,0,8,0,8,7925
2026-06-10,美國費城半導體期貨,外資及陸資,11,194,247,-53,-52213
2026-06-11,臺股期貨,自營商,-706,8380,4225,4155,35916571
2026-06-11,臺股期貨,投信,1126,61092,5780,55312,478214169
2026-06-11,臺股期貨,外資及陸資,-1182,8969,72137,-63168,-546236057
2026-06-11,電子期貨,自營商,-3,50,220,-170,-1887705
2026-06-11,電子期貨,投信,17,222,0,222,2464333
2026-06-11,電子期貨,外資及陸資,-9,41,265,-224,-2486534
2026-06-11,金融期貨,自營商,-11,40,110,-70,-207875
2026-06-11,金融期貨,投信,0,11,0,11,32712
2026-06-11,金融期貨,外資及陸資,-4,174,196,-22,-65424
2026-06-11,股票期貨,自營商,-1059,121201,348456,-227255,-184616524
2026-06-11,股票期貨,投信,-648,20034,255,19779,12694710
2026-06-11,股票期貨,外資及陸資,-5972,181674,734980,-553306,-265699873
2026-06-11,美國標普500期貨,自營商,0,0,3,-3,-4385
2026-06-11,美國標普500期貨,投信,0,1,0,1,1462
2026-06-11,美國標普500期貨,外資及陸資,-1,3,91,-88,-128897
2026-06-11,美國那斯達克100期貨,自營商,3,0,99,-99,-142228
2026-06-11,美國那斯達克100期貨,投信,0,1,0,1,1437
2026-06-11,美國那斯達克100期貨,外資及陸資,-21,67,634,-567,-816490
2026-06-11,美國道瓊期貨,自營商,0,0,22,-22,-22055
2026-06-11,美國道瓊期貨,投信,0,1,0,1,1003
2026-06-11,美國道瓊期貨,外資及陸資,-52,45,50,-5,-5059
2026-06-11,美國費城半導體期貨,自營商,3,0,379,-379,-375347
2026-06-11,美國費城半導體期貨,投信,0,8,0,8,7916
2026-06-11,美國費城半導體期貨,外資及陸資,32,192,213,-21,-20507
2026-06-12,臺股期貨,自營商,-464,8116,4548,3568,31544230
2026-06-12,臺股期貨,投信,1799,62719,5608,57111,505385355
2026-06-12,臺股期貨,外資及陸資,-1900,9318,74357,-65039,-575617196
2026-06-12,電子期貨,自營商,17,55,208,-153,-1752577
2026-06-12,電子期貨,投信,-5,217,0,217,2485648
2026-06-12,電子期貨,外資及陸資,15,40,249,-209,-2394008
2026-06-12,金融期貨,自營商,27,53,96,-43,-127854
2026-06-12,金融期貨,投信,0,11,0,11,32888
2026-06-12,金融期貨,外資及陸資,-8,162,192,-30,-89602
2026-06-12,股票期貨,自營商,-10868,119480,357603,-238123,-193146956
2026-06-12,股票期貨,投信,150,20184,255,19929,13735839
2026-06-12,股票期貨,外資及陸資,-2014,186205,741525,-555320,-279599969
2026-06-12,美國標普500期貨,自營商,8,5,0,5,7406
2026-06-12,美國標普500期貨,投信,0,1,0,1,1481
2026-06-12,美國標普500期貨,外資及陸資,-8,0,96,-96,-142466
2026-06-12,美國那斯達克100期貨,自營商,26,8,81,-73,-107675
2026-06-12,美國那斯達克100期貨,投信,0,1,0,1,1475
2026-06-12,美國那斯達克100期貨,外資及陸資,-43,71,681,-610,-902016
2026-06-12,美國道瓊期貨,自營商,9,0,13,-13,-13241
2026-06-12,美國道瓊期貨,投信,0,1,0,1,1019
2026-06-12,美國道瓊期貨,外資及陸資,1,45,49,-4,-4075
2026-06-12,美國費城半導體期貨,自營商,-7,0,386,-386,-407773
2026-06-12,美國費城半導體期貨,投信,0,8,0,8,8444
2026-06-12,美國費城半導體期貨,外資及陸資,34,195,182,13,14017
2026-06-15,臺股期貨,自營商,-948,8351,5733,2618,23774486
2026-06-15,臺股期貨,投信,591,63010,5308,57702,528127292
2026-06-15,臺股期貨,外資及陸資,-2914,12920,79654,-66734,-610655529
2026-06-15,電子期貨,自營商,-10,49,212,-163,-1924304
2026-06-15,電子期貨,投信,-9,208,0,208,2457314
2026-06-15,電子期貨,外資及陸資,-1,32,242,-210,-2486341
2026-06-15,金融期貨,自營商,-14,74,131,-57,-174439
2026-06-15,金融期貨,投信,0,11,0,11,33801
2026-06-15,金融期貨,外資及陸資,11,158,177,-19,-58699
2026-06-15,股票期貨,自營商,-14597,113940,366660,-252720,-205927387
2026-06-15,股票期貨,投信,-46,20138,255,19883,14746025
2026-06-15,股票期貨,外資及陸資,16476,191123,729967,-538844,-296874094
2026-06-15,美國標普500期貨,自營商,0,5,0,5,7530
2026-06-15,美國標普500期貨,投信,0,1,0,1,1506
2026-06-15,美國標普500期貨,外資及陸資,0,8,104,-96,-144868
2026-06-15,美國那斯達克100期貨,自營商,4,10,79,-69,-104287
2026-06-15,美國那斯達克100期貨,投信,0,1,0,1,1511
2026-06-15,美國那斯達克100期貨,外資及陸資,-50,65,725,-660,-1001942
2026-06-15,美國道瓊期貨,自營商,-2,0,15,-15,-15521
2026-06-15,美國道瓊期貨,投信,0,1,0,1,1035
2026-06-15,美國道瓊期貨,外資及陸資,-3,30,37,-7,-7103
2026-06-15,美國費城半導體期貨,自營商,12,3,377,-374,-416815
2026-06-15,美國費城半導體期貨,投信,0,8,0,8,8904
2026-06-15,美國費城半導體期貨,外資及陸資,-13,204,204,0,776
2026-06-16,臺股期貨,自營商,-564,7794,5575,2219,20308680
2026-06-16,臺股期貨,投信,-808,62169,5275,56894,521603673
2026-06-16,臺股期貨,外資及陸資,-3145,11803,81650,-69847,-640332544
2026-06-16,電子期貨,自營商,4,83,242,-159,-1887636
2026-06-16,電子期貨,投信,-14,194,0,194,2303714
2026-06-16,電子期貨,外資及陸資,21,43,232,-189,-2240544
2026-06-16,金融期貨,自營商,15,113,155,-42,-129298
2026-06-16,金融期貨,投信,0,11,0,11,34043
2026-06-16,金融期貨,外資及陸資,4,146,161,-15,-47220
2026-06-16,股票期貨,自營商,-10391,120412,383523,-263111,-211689130
2026-06-16,股票期貨,投信,0,20138,255,19883,14871958
2026-06-16,股票期貨,外資及陸資,13356,202782,728270,-525488,-294085636
2026-06-16,美國標普500期貨,自營商,0,5,0,5,7556
2026-06-16,美國標普500期貨,投信,0,1,0,1,1511
2026-06-16,美國標普500期貨,外資及陸資,0,8,104,-96,-145620
2026-06-16,美國那斯達克100期貨,自營商,0,10,79,-69,-105191
2026-06-16,美國那斯達克100期貨,投信,0,1,0,1,1525
2026-06-16,美國那斯達克100期貨,外資及陸資,14,156,802,-646,-991273
2026-06-16,美國道瓊期貨,自營商,0,0,15,-15,-15526
2026-06-16,美國道瓊期貨,投信,0,1,0,1,1035
2026-06-16,美國道瓊期貨,外資及陸資,-8,29,44,-15,-15351
2026-06-16,美國費城半導體期貨,自營商,-1,0,375,-375,-422027
2026-06-16,美國費城半導體期貨,投信,0,8,0,8,8989
2026-06-16,美國費城半導體期貨,外資及陸資,2,180,178,2,2638
2026-06-17,臺股期貨,自營商,1858,4121,4049,72,663100
2026-06-17,臺股期貨,投信,189,62358,5275,57083,525289183
2026-06-17,臺股期貨,外資及陸資,-729,9996,77390,-67394,-620251911
2026-06-17,電子期貨,自營商,22,7,130,-123,-1468472
2026-06-17,電子期貨,投信,-32,162,0,162,1934086
2026-06-17,電子期貨,外資及陸資,-13,35,182,-147,-1755004
2026-06-17,金融期貨,自營商,11,8,79,-71,-224957
2026-06-17,金融期貨,投信,0,11,0,11,34852
2026-06-17,金融期貨,外資及陸資,-21,109,112,-3,-9505
2026-06-17,股票期貨,自營商,-13664,39583,322892,-283309,-217576645
2026-06-17,股票期貨,投信,0,3868,255,3613,2683882
2026-06-17,股票期貨,外資及陸資,-24713,113115,548989,-435874,-271209144
2026-06-17,美國標普500期貨,自營商,0,5,0,5,7538
2026-06-17,美國標普500期貨,投信,0,1,0,1,1508
2026-06-17,美國標普500期貨,外資及陸資,-1,0,97,-97,-146937
2026-06-17,美國那斯達克100期貨,自營商,0,10,79,-69,-104142
2026-06-17,美國那斯達克100期貨,投信,0,1,0,1,1509
2026-06-17,美國那斯達克100期貨,外資及陸資,-56,148,850,-702,-1067648
2026-06-17,美國道瓊期貨,自營商,0,0,15,-15,-15628
2026-06-17,美國道瓊期貨,投信,0,1,0,1,1042
2026-06-17,美國道瓊期貨,外資及陸資,65,72,22,50,52555
2026-06-17,美國費城半導體期貨,自營商,-2,0,377,-377,-410425
2026-06-17,美國費城半導體期貨,投信,-8,0,0,0,0
2026-06-17,美國費城半導體期貨,外資及陸資,-23,134,155,-21,-22593
2026-06-18,臺股期貨,自營商,54,4252,4189,63,579587
2026-06-18,臺股期貨,投信,1514,63555,4958,58597,547905389
2026-06-18,臺股期貨,外資及陸資,223,10085,78422,-68337,-639056402
2026-06-18,電子期貨,自營商,9,15,131,-116,-1400074
2026-06-18,電子期貨,投信,17,179,0,179,2160458
2026-06-18,電子期貨,外資及陸資,-35,34,216,-182,-2196668
2026-06-18,金融期貨,自營商,-3,13,87,-74,-238044
2026-06-18,金融期貨,投信,0,11,0,11,35385
2026-06-18,金融期貨,外資及陸資,-14,101,118,-17,-54685
2026-06-18,股票期貨,自營商,-18726,42610,344645,-302035,-231542488
2026-06-18,股票期貨,投信,464,4332,255,4077,3634734
2026-06-18,股票期貨,外資及陸資,-50617,123821,610312,-486491,-302185814
2026-06-18,美國標普500期貨,自營商,0,0,0,0,0
2026-06-18,美國標普500期貨,投信,-1,0,0,0,0
2026-06-18,美國標普500期貨,外資及陸資,0,0,53,-53,-80054
2026-06-18,美國那斯達克100期貨,自營商,0,0,0,0,0
2026-06-18,美國那斯達克100期貨,投信,-1,0,0,0,0
2026-06-18,美國那斯達克100期貨,外資及陸資,-19,12,456,-444,-674602
2026-06-18,美國道瓊期貨,自營商,0,0,0,0,0
2026-06-18,美國道瓊期貨,投信,-1,0,0,0,0
2026-06-18,美國道瓊期貨,外資及陸資,-16,45,3,42,43865
2026-06-18,美國費城半導體期貨,自營商,0,0,146,-146,-163900
2026-06-18,美國費城半導體期貨,投信,0,0,0,0,0
2026-06-18,美國費城半導體期貨,外資及陸資,-11,0,51,-51,-57253
2026-06-22,臺股期貨,自營商,-627,3687,4250,-563,-5458757
2026-06-22,臺股期貨,投信,2599,66059,4863,61196,592719977
2026-06-22,臺股期貨,外資及陸資,-2006,11004,81294,-70290,-680877095
2026-06-22,電子期貨,自營商,4,15,127,-112,-1407952
2026-06-22,電子期貨,投信,-12,167,0,167,2099357
2026-06-22,電子期貨,外資及陸資,29,52,205,-153,-1923363
2026-06-22,金融期貨,自營商,-14,9,97,-88,-282421
2026-06-22,金融期貨,投信,0,11,0,11,35303
2026-06-22,金融期貨,外資及陸資,-12,94,123,-29,-93072
2026-06-22,股票期貨,自營商,-16361,45806,364202,-318396,-242753116
2026-06-22,股票期貨,投信,-1223,3109,255,2854,2888434
2026-06-22,股票期貨,外資及陸資,-32145,133925,652561,-518636,-332469396
2026-06-22,美國標普500期貨,自營商,0,0,0,0,0
2026-06-22,美國標普500期貨,投信,0,0,0,0,0
2026-06-22,美國標普500期貨,外資及陸資,2,0,55,-55,-82995
2026-06-22,美國那斯達克100期貨,自營商,-189,0,189,-189,-289907
2026-06-22,美國那斯達克100期貨,投信,0,0,0,0,0
2026-06-22,美國那斯達克100期貨,外資及陸資,96,8,364,-356,-546120
2026-06-22,美國道瓊期貨,自營商,1,1,0,1,1037
2026-06-22,美國道瓊期貨,投信,0,0,0,0,0
2026-06-22,美國道瓊期貨,外資及陸資,-35,47,39,8,8291
2026-06-22,美國費城半導體期貨,自營商,-1,0,147,-147,-171578
2026-06-22,美國費城半導體期貨,投信,0,0,0,0,0
2026-06-22,美國費城半導體期貨,外資及陸資,22,0,140,-140,-163408
2026-06-23,臺股期貨,自營商,1483,5232,4302,930,8834773
2026-06-23,臺股期貨,投信,-1016,65128,4948,60180,570951732
2026-06-23,臺股期貨,外資及陸資,-6136,10506,87008,-76502,-725932747
2026-06-23,電子期貨,自營商,-2,19,133,-114,-1403348
2026-06-23,電子期貨,投信,0,167,0,167,2056338
2026-06-23,電子期貨,外資及陸資,-26,30,209,-179,-2204099
2026-06-23,金融期貨,自營商,-9,9,106,-97,-311030
2026-06-23,金融期貨,投信,0,11,0,11,35273
2026-06-23,金融期貨,外資及陸資,19,122,132,-10,-32066
2026-06-23,股票期貨,自營商,3314,55410,370429,-315019,-232578966
2026-06-23,股票期貨,投信,16,3125,255,2870,2680275
2026-06-23,股票期貨,外資及陸資,-2417,137396,658462,-521066,-321368423
2026-06-23,美國標普500期貨,自營商,0,0,0,0,0
2026-06-23,美國標普500期貨,投信,0,0,0,0,0
2026-06-23,美國標普500期貨,外資及陸資,1,0,54,-54,-80717
2026-06-23,美國那斯達克100期貨,自營商,-38,0,227,-227,-342566
2026-06-23,美國那斯達克100期貨,投信,0,0,0,0,0
2026-06-23,美國那斯達克100期貨,外資及陸資,17,6,345,-339,-511659
2026-06-23,美國道瓊期貨,自營商,0,1,0,1,1039
2026-06-23,美國道瓊期貨,投信,0,0,0,0,0
2026-06-23,美國道瓊期貨,外資及陸資,-4,62,58,4,4156
2026-06-23,美國費城半導體期貨,自營商,-22,0,169,-169,-193350
2026-06-23,美國費城半導體期貨,投信,0,0,0,0,0
2026-06-23,美國費城半導體期貨,外資及陸資,-119,0,259,-259,-296317
2026-06-24,臺股期貨,自營商,2455,7647,4370,3277,30437465
2026-06-24,臺股期貨,投信,577,66066,5309,60757,563892859
2026-06-24,臺股期貨,外資及陸資,-4877,7263,90868,-83605,-776098289
2026-06-24,電子期貨,自營商,24,18,108,-90,-1078864
2026-06-24,電子期貨,投信,0,167,0,167,2002597
2026-06-24,電子期貨,外資及陸資,-43,21,243,-222,-2662135
2026-06-24,金融期貨,自營商,-17,13,127,-114,-359271
2026-06-24,金融期貨,投信,0,11,0,11,34668
2026-06-24,金融期貨,外資及陸資,21,159,148,11,34667
2026-06-24,股票期貨,自營商,-16062,55042,386123,-331081,-231466530
2026-06-24,股票期貨,投信,4600,7725,255,7470,4322667
2026-06-24,股票期貨,外資及陸資,-4936,142403,668405,-526002,-315955477
2026-06-24,美國標普500期貨,自營商,0,0,0,0,0
2026-06-24,美國標普500期貨,投信,0,0,0,0,0
2026-06-24,美國標普500期貨,外資及陸資,-1,0,55,-55,-81994
2026-06-24,美國那斯達克100期貨,自營商,0,0,227,-227,-339501
2026-06-24,美國那斯達克100期貨,投信,0,0,0,0,0
2026-06-24,美國那斯達克100期貨,外資及陸資,38,2,303,-301,-450236
2026-06-24,美國道瓊期貨,自營商,0,1,0,1,1041
2026-06-24,美國道瓊期貨,投信,0,0,0,0,0
2026-06-24,美國道瓊期貨,外資及陸資,51,84,29,55,57269
2026-06-24,美國費城半導體期貨,自營商,1,0,168,-168,-183456
2026-06-24,美國費城半導體期貨,投信,0,0,0,0,0
2026-06-24,美國費城半導體期貨,外資及陸資,68,14,205,-191,-208572
2026-06-25,臺股期貨,自營商,-323,7349,4346,3003,27967604
2026-06-25,臺股期貨,投信,164,66672,5751,60921,566869174
2026-06-25,臺股期貨,外資及陸資,2509,6034,87085,-81051,-754344950
2026-06-25,電子期貨,自營商,13,24,101,-77,-924020
2026-06-25,電子期貨,投信,1,168,0,168,2016874
2026-06-25,電子期貨,外資及陸資,-25,21,268,-247,-2965285
2026-06-25,金融期貨,自營商,29,61,146,-85,-268946
2026-06-25,金融期貨,投信,0,11,0,11,34806
2026-06-25,金融期貨,外資及陸資,-27,183,199,-16,-50627
2026-06-25,股票期貨,自營商,-3679,60898,395658,-334760,-232632108
2026-06-25,股票期貨,投信,4782,12507,255,12252,6573071
2026-06-25,股票期貨,外資及陸資,-4870,148767,679639,-530872,-319008623
2026-06-25,美國標普500期貨,自營商,0,0,0,0,0
2026-06-25,美國標普500期貨,投信,0,0,0,0,0
2026-06-25,美國標普500期貨,外資及陸資,0,0,55,-55,-82222
2026-06-25,美國那斯達克100期貨,自營商,1,0,226,-226,-340695
2026-06-25,美國那斯達克100期貨,投信,0,0,0,0,0
2026-06-25,美國那斯達克100期貨,外資及陸資,48,80,333,-253,-381497
2026-06-25,美國道瓊期貨,自營商,0,1,0,1,1046
2026-06-25,美國道瓊期貨,投信,0,0,0,0,0
2026-06-25,美國道瓊期貨,外資及陸資,7,128,66,62,64840
2026-06-25,美國費城半導體期貨,自營商,116,0,52,-52,-58947
2026-06-25,美國費城半導體期貨,投信,0,0,0,0,0
2026-06-25,美國費城半導體期貨,外資及陸資,170,78,99,-21,-23805
2026-06-26,臺股期貨,自營商,1477,8088,3447,4641,41279878
2026-06-26,臺股期貨,投信,326,67223,5976,61247,544488629
2026-06-26,臺股期貨,外資及陸資,4700,7493,83884,-76391,-679284536
2026-06-26,電子期貨,自營商,-3,24,104,-80,-918231
2026-06-26,電子期貨,投信,0,168,0,168,1928707
2026-06-26,電子期貨,外資及陸資,1,23,269,-246,-2824179
2026-06-26,金融期貨,自營商,44,95,136,-41,-126838
2026-06-26,金融期貨,投信,0,11,0,11,34034
2026-06-26,金融期貨,外資及陸資,-43,176,235,-59,-182546
2026-06-26,股票期貨,自營商,39863,77097,371994,-294897,-196317531
2026-06-26,股票期貨,投信,0,12507,255,12252,6020813
2026-06-26,股票期貨,外資及陸資,23981,169616,676507,-506891,-261716355
2026-06-26,美國標普500期貨,自營商,0,0,0,0,0
2026-06-26,美國標普500期貨,投信,0,0,0,0,0
2026-06-26,美國標普500期貨,外資及陸資,1,23,77,-54,-79577
2026-06-26,美國那斯達克100期貨,自營商,15,0,211,-211,-309843
2026-06-26,美國那斯達克100期貨,投信,2,2,0,2,2937
2026-06-26,美國那斯達克100期貨,外資及陸資,9,170,414,-244,-358332
2026-06-26,美國道瓊期貨,自營商,-10,0,9,-9,-9397
2026-06-26,美國道瓊期貨,投信,0,0,0,0,0
2026-06-26,美國道瓊期貨,外資及陸資,35,139,42,97,101275
2026-06-26,美國費城半導體期貨,自營商,10,0,42,-42,-45642
2026-06-26,美國費城半導體期貨,投信,0,0,0,0,0
2026-06-26,美國費城半導體期貨,外資及陸資,1,79,99,-20,-21734
2026-06-29,臺股期貨,自營商,-2118,6536,4121,2415,22032669
2026-06-29,臺股期貨,投信,1715,69122,6160,62962,573629487
2026-06-29,臺股期貨,外資及陸資,-301,7494,84121,-76627,-698308393
2026-06-29,電子期貨,自營商,-7,13,100,-87,-1021179
2026-06-29,電子期貨,投信,0,168,0,168,1972320
2026-06-29,電子期貨,外資及陸資,25,35,256,-221,-2594540
2026-06-29,金融期貨,自營商,-5,77,123,-46,-142446
2026-06-29,金融期貨,投信,6,17,0,17,52649
2026-06-29,金融期貨,外資及陸資,-24,155,238,-83,-257051
2026-06-29,股票期貨,自營商,9997,80880,365780,-284900,-197791115
2026-06-29,股票期貨,投信,0,12507,255,12252,6132881
2026-06-29,股票期貨,外資及陸資,23983,177185,660093,-482908,-263718419
2026-06-29,美國標普500期貨,自營商,0,0,0,0,0
2026-06-29,美國標普500期貨,投信,0,0,0,0,0
2026-06-29,美國標普500期貨,外資及陸資,0,23,77,-54,-80489
2026-06-29,美國那斯達克100期貨,自營商,14,0,197,-197,-292053
2026-06-29,美國那斯達克100期貨,投信,0,2,0,2,2965
2026-06-29,美國那斯達克100期貨,外資及陸資,14,148,378,-230,-341175
2026-06-29,美國道瓊期貨,自營商,-10,0,19,-19,-19904
2026-06-29,美國道瓊期貨,投信,0,0,0,0,0
2026-06-29,美國道瓊期貨,外資及陸資,-9,140,52,88,92202
2026-06-29,美國費城半導體期貨,自營商,-94,0,136,-136,-148077
2026-06-29,美國費城半導體期貨,投信,0,0,0,0,0
2026-06-29,美國費城半導體期貨,外資及陸資,4,89,105,-16,-17421
2026-06-30,臺股期貨,自營商,-837,6022,4451,1571,14723626
2026-06-30,臺股期貨,投信,3661,72749,6126,66623,623284247
2026-06-30,臺股期貨,外資及陸資,-6454,5391,88454,-83063,-777247371
2026-06-30,電子期貨,自營商,-24,14,125,-111,-1350980
2026-06-30,電子期貨,投信,4,172,0,172,2093584
2026-06-30,電子期貨,外資及陸資,17,39,243,-204,-2483088
2026-06-30,金融期貨,自營商,6,85,125,-40,-125048
2026-06-30,金融期貨,投信,8,25,0,25,78165
2026-06-30,金融期貨,外資及陸資,-5,144,232,-88,-275141
2026-06-30,股票期貨,自營商,-16775,75098,376836,-301738,-213919579
2026-06-30,股票期貨,投信,0,12507,255,12252,6294965
2026-06-30,股票期貨,外資及陸資,-13179,178498,674572,-496074,-294793917
2026-06-30,美國標普500期貨,自營商,0,0,0,0,0
2026-06-30,美國標普500期貨,投信,0,0,0,0,0
2026-06-30,美國標普500期貨,外資及陸資,-3,68,125,-57,-85728
2026-06-30,美國那斯達克100期貨,自營商,0,0,197,-197,-297165
2026-06-30,美國那斯達克100期貨,投信,0,2,0,2,3017
2026-06-30,美國那斯達克100期貨,外資及陸資,19,147,358,-211,-318440
2026-06-30,美國道瓊期貨,自營商,0,0,19,-19,-19989
2026-06-30,美國道瓊期貨,投信,0,0,0,0,0
2026-06-30,美國道瓊期貨,外資及陸資,-5,159,76,83,87362
2026-06-30,美國費城半導體期貨,自營商,-41,0,177,-177,-194424
2026-06-30,美國費城半導體期貨,投信,0,0,0,0,0
2026-06-30,美國費城半導體期貨,外資及陸資,-10,115,141,-26,-28559
2026-07-01,臺股期貨,自營商,67,6129,4537,1592,15070428
2026-07-01,臺股期貨,投信,571,73084,5890,67194,634562292
2026-07-01,臺股期貨,外資及陸資,-1088,5526,89694,-84168,-795028605
2026-07-01,電子期貨,自營商,27,14,99,-85,-1043183
2026-07-01,電子期貨,投信,-1,171,0,171,2098751
2026-07-01,電子期貨,外資及陸資,-27,38,269,-231,-2835156
2026-07-01,金融期貨,自營商,-31,58,129,-71,-218792
2026-07-01,金融期貨,投信,0,25,0,25,77045
2026-07-01,金融期貨,外資及陸資,-1,132,221,-89,-274280
2026-07-01,股票期貨,自營商,-2257,79815,383810,-303995,-218532688
2026-07-01,股票期貨,投信,-2554,9953,255,9698,5088670
2026-07-01,股票期貨,外資及陸資,-22699,182977,701750,-518773,-301140131
2026-07-01,美國標普500期貨,自營商,0,0,0,0,0
2026-07-01,美國標普500期貨,投信,0,0,0,0,0
2026-07-01,美國標普500期貨,外資及陸資,0,24,81,-57,-85921
2026-07-01,美國那斯達克100期貨,自營商,0,0,197,-197,-300327
2026-07-01,美國那斯達克100期貨,投信,0,2,0,2,3049
2026-07-01,美國那斯達克100期貨,外資及陸資,-1,126,338,-212,-323366
2026-07-01,美國道瓊期貨,自營商,0,0,19,-19,-19958
2026-07-01,美國道瓊期貨,投信,0,0,0,0,0
2026-07-01,美國道瓊期貨,外資及陸資,-5,162,84,78,81973
2026-07-01,美國費城半導體期貨,自營商,-9,0,186,-186,-212486
2026-07-01,美國費城半導體期貨,投信,0,0,0,0,0
2026-07-01,美國費城半導體期貨,外資及陸資,47,238,217,21,23990
2026-07-02,臺股期貨,自營商,2042,8087,4404,3683,34363431
2026-07-02,臺股期貨,投信,-784,72344,5934,66410,618989457
2026-07-02,臺股期貨,外資及陸資,-267,4770,89257,-84487,-787657412
2026-07-02,電子期貨,自營商,3,16,98,-82,-992407
2026-07-02,電子期貨,投信,4,175,0,175,2118060
2026-07-02,電子期貨,外資及陸資,-14,38,283,-245,-2965284
2026-07-02,金融期貨,自營商,-32,32,135,-103,-314404
2026-07-02,金融期貨,投信,0,25,0,25,76320
2026-07-02,金融期貨,外資及陸資,0,129,218,-89,-271699
2026-07-02,股票期貨,自營商,-13251,80915,398161,-317246,-220902432
2026-07-02,股票期貨,投信,0,9953,255,9698,4897600
2026-07-02,股票期貨,外資及陸資,-19969,182226,720968,-538742,-307548551
2026-07-02,美國標普500期貨,自營商,0,0,0,0,0
2026-07-02,美國標普500期貨,投信,0,0,0,0,0
2026-07-02,美國標普500期貨,外資及陸資,-4,1,62,-61,-92024
2026-07-02,美國那斯達克100期貨,自營商,0,0,197,-197,-296318
2026-07-02,美國那斯達克100期貨,投信,0,2,0,2,3008
2026-07-02,美國那斯達克100期貨,外資及陸資,-142,48,402,-354,-532768
2026-07-02,美國道瓊期貨,自營商,0,0,19,-19,-20025
2026-07-02,美國道瓊期貨,投信,0,0,0,0,0
2026-07-02,美國道瓊期貨,外資及陸資,4,156,74,82,86489
2026-07-02,美國費城半導體期貨,自營商,-43,0,229,-229,-248053
2026-07-02,美國費城半導體期貨,投信,0,0,0,0,0
2026-07-02,美國費城半導體期貨,外資及陸資,-10,230,219,11,11915
2026-07-03,臺股期貨,自營商,-645,7819,4748,3071,28899737
2026-07-03,臺股期貨,投信,803,73101,5888,67213,631768956
2026-07-03,臺股期貨,外資及陸資,3455,6178,87230,-81052,-762023687
2026-07-03,電子期貨,自營商,4,21,99,-78,-946318
2026-07-03,電子期貨,投信,7,182,0,182,2208206
2026-07-03,電子期貨,外資及陸資,-28,39,312,-273,-3312309
2026-07-03,金融期貨,自營商,5,33,131,-98,-300943
2026-07-03,金融期貨,投信,0,25,0,25,76780
2026-07-03,金融期貨,外資及陸資,-13,142,244,-102,-313263
2026-07-03,股票期貨,自營商,-10838,82859,410943,-328084,-226505723
2026-07-03,股票期貨,投信,0,9953,255,9698,5067842
2026-07-03,股票期貨,外資及陸資,-12505,186290,737537,-551247,-318251795
2026-07-03,美國標普500期貨,自營商,-41,0,41,-41,-62008
2026-07-03,美國標普500期貨,投信,0,0,0,0,0
2026-07-03,美國標普500期貨,外資及陸資,37,16,40,-24,-36369
2026-07-03,美國那斯達克100期貨,自營商,6,0,191,-191,-285259
2026-07-03,美國那斯達克100期貨,投信,0,2,0,2,2987
2026-07-03,美國那斯達克100期貨,外資及陸資,-126,32,512,-480,-717165
2026-07-03,美國道瓊期貨,自營商,1,0,18,-18,-19184
2026-07-03,美國道瓊期貨,投信,0,0,0,0,0
2026-07-03,美國道瓊期貨,外資及陸資,22,161,57,104,110905
2026-07-03,美國費城半導體期貨,自營商,-112,0,341,-341,-354640
2026-07-03,美國費城半導體期貨,投信,0,0,0,0,0
2026-07-03,美國費城半導體期貨,外資及陸資,81,308,216,92,95680
2026-07-06,臺股期貨,自營商,-420,7201,4531,2670,25075033
2026-07-06,臺股期貨,投信,41,73263,6009,67254,630500845
2026-07-06,臺股期貨,外資及陸資,892,6297,86384,-80087,-751016499
2026-07-06,電子期貨,自營商,-16,15,106,-91,-1102720
2026-07-06,電子期貨,投信,18,200,0,200,2423622
2026-07-06,電子期貨,外資及陸資,4,28,297,-269,-3259689
2026-07-06,金融期貨,自營商,10,34,122,-88,-273070
2026-07-06,金融期貨,投信,0,25,0,25,77595
2026-07-06,金融期貨,外資及陸資,-20,144,266,-122,-378664
2026-07-06,股票期貨,自營商,-10293,81792,420169,-338377,-218817354
2026-07-06,股票期貨,投信,0,9953,255,9698,4800440
2026-07-06,股票期貨,外資及陸資,8455,188632,731424,-542792,-311903207
2026-07-06,美國標普500期貨,自營商,-6,0,47,-47,-70975
2026-07-06,美國標普500期貨,投信,0,0,0,0,0
2026-07-06,美國標普500期貨,外資及陸資,5,21,40,-19,-28763
2026-07-06,美國那斯達克100期貨,自營商,-2,0,193,-193,-287589
2026-07-06,美國那斯達克100期貨,投信,0,2,0,2,2980
2026-07-06,美國那斯達克100期貨,外資及陸資,8,39,511,-472,-703670
2026-07-06,美國道瓊期貨,自營商,3,0,15,-15,-15959
2026-07-06,美國道瓊期貨,投信,0,0,0,0,0
2026-07-06,美國道瓊期貨,外資及陸資,-11,160,67,93,99004
2026-07-06,美國費城半導體期貨,自營商,0,0,341,-341,-357368
2026-07-06,美國費城半導體期貨,投信,0,0,0,0,0
2026-07-06,美國費城半導體期貨,外資及陸資,3,308,213,95,99560
2026-07-07,臺股期貨,自營商,874,8255,4462,3793,34733609
2026-07-07,臺股期貨,投信,933,74373,6186,68187,623241478
2026-07-07,臺股期貨,外資及陸資,89,6562,86604,-80042,-731852690
2026-07-07,電子期貨,自營商,-23,18,132,-114,-1340846
2026-07-07,電子期貨,投信,21,221,0,221,2599436
2026-07-07,電子期貨,外資及陸資,-10,37,316,-279,-3281542
2026-07-07,金融期貨,自營商,39,61,110,-49,-153197
2026-07-07,金融期貨,投信,-1,24,0,24,75035
2026-07-07,金融期貨,外資及陸資,14,161,269,-108,-337802
2026-07-07,股票期貨,自營商,40298,94505,392584,-298079,-190839210
2026-07-07,股票期貨,投信,5,9953,250,9703,4502216
2026-07-07,股票期貨,外資及陸資,36723,197204,703273,-506069,-269900795
2026-07-07,美國標普500期貨,自營商,0,0,47,-47,-71165
2026-07-07,美國標普500期貨,投信,0,0,0,0,0
2026-07-07,美國標普500期貨,外資及陸資,-1,21,41,-20,-30350
2026-07-07,美國那斯達克100期貨,自營商,-6,0,199,-199,-295207
2026-07-07,美國那斯達克100期貨,投信,0,2,0,2,2967
2026-07-07,美國那斯達克100期貨,外資及陸資,132,144,484,-340,-504716
2026-07-07,美國道瓊期貨,自營商,0,0,15,-15,-16024
2026-07-07,美國道瓊期貨,投信,0,0,0,0,0
2026-07-07,美國道瓊期貨,外資及陸資,17,159,49,110,117570
2026-07-07,美國費城半導體期貨,自營商,-28,0,369,-369,-372838
2026-07-07,美國費城半導體期貨,投信,0,0,0,0,0
2026-07-07,美國費城半導體期貨,外資及陸資,-105,272,282,-10,-10104
2026-07-08,臺股期貨,自營商,-490,8047,4736,3311,30234903
2026-07-08,臺股期貨,投信,1800,76013,6026,69987,638010709
2026-07-08,臺股期貨,外資及陸資,-1195,5632,86900,-81268,-741063530
2026-07-08,電子期貨,自營商,-8,19,151,-132,-1544659
2026-07-08,電子期貨,投信,9,230,0,230,2691086
2026-07-08,電子期貨,外資及陸資,4,11,286,-275,-3217500
2026-07-08,金融期貨,自營商,24,62,87,-25,-78810
2026-07-08,金融期貨,投信,0,24,0,24,75764
2026-07-08,金融期貨,外資及陸資,-18,148,274,-126,-397933
2026-07-08,股票期貨,自營商,-2299,93655,394033,-300378,-193455889
2026-07-08,股票期貨,投信,5,9953,245,9708,4665924
2026-07-08,股票期貨,外資及陸資,-1139,194181,701389,-507208,-270985671
2026-07-08,美國標普500期貨,自營商,0,0,47,-47,-71196
2026-07-08,美國標普500期貨,投信,0,0,0,0,0
2026-07-08,美國標普500期貨,外資及陸資,-2,21,43,-22,-33393
2026-07-08,美國那斯達克100期貨,自營商,-11,0,210,-210,-308690
2026-07-08,美國那斯達克100期貨,投信,0,2,0,2,2940
2026-07-08,美國那斯達克100期貨,外資及陸資,-25,106,471,-365,-536813
2026-07-08,美國道瓊期貨,自營商,0,0,15,-15,-15947
2026-07-08,美國道瓊期貨,投信,0,0,0,0,0
2026-07-08,美國道瓊期貨,外資及陸資,5,170,55,115,122328
2026-07-08,美國費城半導體期貨,自營商,-6,0,375,-375,-374880
2026-07-08,美國費城半導體期貨,投信,0,0,0,0,0
2026-07-08,美國費城半導體期貨,外資及陸資,8,294,296,-2,-1999
2026-07-09,臺股期貨,自營商,-950,7455,5212,2243,20526530
2026-07-09,臺股期貨,投信,1702,77706,6017,71689,655114460
2026-07-09,臺股期貨,外資及陸資,468,6562,87292,-80730,-737916874
2026-07-09,電子期貨,自營商,3,17,146,-129,-1511744
2026-07-09,電子期貨,投信,11,241,0,241,2823546
2026-07-09,電子期貨,外資及陸資,-5,17,297,-280,-3280368
2026-07-09,金融期貨,自營商,5,63,83,-20,-62518
2026-07-09,金融期貨,投信,5,29,0,29,90973
2026-07-09,金融期貨,外資及陸資,-30,127,283,-156,-489560
2026-07-09,股票期貨,自營商,-5354,95181,400913,-305732,-193647012
2026-07-09,股票期貨,投信,0,9953,245,9708,4596995
2026-07-09,股票期貨,外資及陸資,-8270,193966,709444,-515478,-276906125
2026-07-09,美國標普500期貨,自營商,0,0,47,-47,-70921
2026-07-09,美國標普500期貨,投信,0,0,0,0,0
2026-07-09,美國標普500期貨,外資及陸資,1,23,44,-21,-31754
2026-07-09,美國那斯達克100期貨,自營商,0,0,210,-210,-310517
2026-07-09,美國那斯達克100期貨,投信,0,2,0,2,2957
2026-07-09,美國那斯達克100期貨,外資及陸資,123,94,336,-242,-358068
2026-07-09,美國道瓊期貨,自營商,0,0,15,-15,-15804
2026-07-09,美國道瓊期貨,投信,0,0,0,0,0
2026-07-09,美國道瓊期貨,外資及陸資,-77,173,135,38,40097
2026-07-09,美國費城半導體期貨,自營商,72,0,303,-303,-306830
2026-07-09,美國費城半導體期貨,投信,0,0,0,0,0
2026-07-09,美國費城半導體期貨,外資及陸資,44,293,251,42,42531
2026-07-13,臺股期貨,自營商,-943,7010,5740,1270,11538103
2026-07-13,臺股期貨,投信,105,77830,6036,71794,657732697
2026-07-13,臺股期貨,外資及陸資,-429,10564,91630,-81066,-742420303
2026-07-13,電子期貨,自營商,-6,23,158,-135,-1584387
2026-07-13,電子期貨,投信,7,248,0,248,2907000
2026-07-13,電子期貨,外資及陸資,12,30,298,-268,-3144137
2026-07-13,金融期貨,自營商,-54,53,127,-74,-231641
2026-07-13,金融期貨,投信,0,29,0,29,90792
2026-07-13,金融期貨,外資及陸資,24,130,262,-132,-413248
2026-07-13,股票期貨,自營商,11265,99574,394041,-294467,-189973039
2026-07-13,股票期貨,投信,0,9953,245,9708,4510200
2026-07-13,股票期貨,外資及陸資,8647,193988,700819,-506831,-271133112
2026-07-13,美國標普500期貨,自營商,0,0,47,-47,-71290
2026-07-13,美國標普500期貨,投信,0,0,0,0,0
2026-07-13,美國標普500期貨,外資及陸資,1,26,46,-20,-30402
2026-07-13,美國那斯達克100期貨,自營商,-13,0,223,-223,-330887
2026-07-13,美國那斯達克100期貨,投信,0,2,0,2,2968
2026-07-13,美國那斯達克100期貨,外資及陸資,-81,23,346,-323,-479473
2026-07-13,美國道瓊期貨,自營商,3,0,12,-12,-12652
2026-07-13,美國道瓊期貨,投信,0,0,0,0,0
2026-07-13,美國道瓊期貨,外資及陸資,-7,174,143,31,32735
2026-07-13,美國費城半導體期貨,自營商,-75,0,378,-378,-382536
2026-07-13,美國費城半導體期貨,投信,0,0,0,0,0
2026-07-13,美國費城半導體期貨,外資及陸資,66,301,193,108,109308
2026-07-14,臺股期貨,自營商,835,7573,5221,2352,21112288
2026-07-14,臺股期貨,投信,2079,79928,6055,73873,666967864
2026-07-14,臺股期貨,外資及陸資,-2219,10732,94122,-83390,-752610792
2026-07-14,電子期貨,自營商,24,44,150,-106,-1243847
2026-07-14,電子期貨,投信,11,259,0,259,3020337
2026-07-14,電子期貨,外資及陸資,-7,97,372,-275,-3196163
2026-07-14,金融期貨,自營商,34,62,102,-40,-123167
2026-07-14,金融期貨,投信,0,29,0,29,89192
2026-07-14,金融期貨,外資及陸資,-41,93,266,-173,-531609
2026-07-14,股票期貨,自營商,19197,117536,392806,-275270,-176439158
2026-07-14,股票期貨,投信,-120,9824,236,9588,4134910
2026-07-14,股票期貨,外資及陸資,33529,223483,696785,-473302,-245885714
2026-07-14,美國標普500期貨,自營商,0,0,47,-47,-71153
2026-07-14,美國標普500期貨,投信,0,0,0,0,0
2026-07-14,美國標普500期貨,外資及陸資,-1,26,47,-21,-31862
2026-07-14,美國那斯達克100期貨,自營商,26,0,197,-197,-291570
2026-07-14,美國那斯達克100期貨,投信,0,2,0,2,2960
2026-07-14,美國那斯達克100期貨,外資及陸資,11,27,339,-312,-461937
2026-07-14,美國道瓊期貨,自營商,0,0,12,-12,-12659
2026-07-14,美國道瓊期貨,投信,0,0,0,0,0
2026-07-14,美國道瓊期貨,外資及陸資,47,170,92,78,82331
2026-07-14,美國費城半導體期貨,自營商,15,0,363,-363,-363000
2026-07-14,美國費城半導體期貨,投信,0,0,0,0,0
2026-07-14,美國費城半導體期貨,外資及陸資,10,310,192,118,118012
2026-07-15,臺股期貨,自營商,-1943,3941,4605,-664,-6103921
2026-07-15,臺股期貨,投信,1773,81601,5955,75646,696941727
2026-07-15,臺股期貨,外資及陸資,1192,7319,86876,-79557,-733065323
2026-07-15,電子期貨,自營商,36,7,111,-104,-1226368
2026-07-15,電子期貨,投信,-69,190,0,190,2240480
2026-07-15,電子期貨,外資及陸資,-21,37,238,-201,-2370192
2026-07-15,金融期貨,自營商,-1,11,90,-79,-243525
2026-07-15,金融期貨,投信,0,29,0,29,89395
2026-07-15,金融期貨,外資及陸資,-46,102,171,-69,-212700
2026-07-15,股票期貨,自營商,-5059,49400,306162,-256762,-187720559
2026-07-15,股票期貨,投信,6,9775,236,9539,4393218
2026-07-15,股票期貨,外資及陸資,-16056,127405,548752,-421347,-233133498
2026-07-15,美國標普500期貨,自營商,0,0,47,-47,-71494
2026-07-15,美國標普500期貨,投信,0,0,0,0,0
2026-07-15,美國標普500期貨,外資及陸資,0,37,58,-21,-32018
2026-07-15,美國那斯達克100期貨,自營商,-8,0,205,-205,-307439
2026-07-15,美國那斯達克100期貨,投信,0,2,0,2,2999
2026-07-15,美國那斯達克100期貨,外資及陸資,-80,17,409,-392,-588292
2026-07-15,美國道瓊期貨,自營商,0,0,12,-12,-12684
2026-07-15,美國道瓊期貨,投信,0,0,0,0,0
2026-07-15,美國道瓊期貨,外資及陸資,-8,174,104,70,74050
2026-07-15,美國費城半導體期貨,自營商,-2,0,365,-365,-377410
2026-07-15,美國費城半導體期貨,投信,0,0,0,0,0
2026-07-15,美國費城半導體期貨,外資及陸資,20,298,160,138,142704
2026-07-16,臺股期貨,自營商,1333,5377,4720,657,6026859
2026-07-16,臺股期貨,投信,618,82210,5946,76264,696915685
2026-07-16,臺股期貨,外資及陸資,-3207,5895,90348,-84453,-771867410
2026-07-16,電子期貨,自營商,27,22,101,-79,-924271
2026-07-16,電子期貨,投信,0,190,0,190,2223000
2026-07-16,電子期貨,外資及陸資,-37,49,287,-238,-2784600
2026-07-16,金融期貨,自營商,19,20,80,-60,-184836
2026-07-16,金融期貨,投信,0,29,0,29,89337
2026-07-16,金融期貨,外資及陸資,-31,80,180,-100,-308060
2026-07-16,股票期貨,自營商,-23910,52624,333296,-280672,-186602118
2026-07-16,股票期貨,投信,0,9775,236,9539,4122441
2026-07-16,股票期貨,外資及陸資,-13230,136762,571339,-434577,-230386619
2026-07-16,美國標普500期貨,自營商,0,0,47,-47,-71748
2026-07-16,美國標普500期貨,投信,0,0,0,0,0
2026-07-16,美國標普500期貨,外資及陸資,0,39,60,-21,-32132
2026-07-16,美國那斯達克100期貨,自營商,-1,0,206,-206,-306374
2026-07-16,美國那斯達克100期貨,投信,0,2,0,2,2975
2026-07-16,美國那斯達克100期貨,外資及陸資,68,114,438,-324,-482265
2026-07-16,美國道瓊期貨,自營商,0,0,12,-12,-12710
2026-07-16,美國道瓊期貨,投信,0,0,0,0,0
2026-07-16,美國道瓊期貨,外資及陸資,15,185,100,85,90095
2026-07-16,美國費城半導體期貨,自營商,-51,0,416,-416,-416000
2026-07-16,美國費城半導體期貨,投信,0,0,0,0,0
2026-07-16,美國費城半導體期貨,外資及陸資,-2,298,162,136,136012
2026-07-17,臺股期貨,自營商,4014,8531,3865,4666,39787584
2026-07-17,臺股期貨,投信,-1049,81369,6154,75215,640891972
2026-07-17,臺股期貨,外資及陸資,-807,6867,93056,-86189,-734533095
2026-07-17,電子期貨,自營商,-5,26,112,-86,-926456
2026-07-17,電子期貨,投信,0,190,0,190,2046984
2026-07-17,電子期貨,外資及陸資,-70,18,326,-308,-3318269
2026-07-17,金融期貨,自營商,24,40,76,-36,-108886
2026-07-17,金融期貨,投信,0,29,0,29,87713
2026-07-17,金融期貨,外資及陸資,-33,75,208,-133,-402272
2026-07-17,股票期貨,自營商,39011,69760,311421,-241661,-154738250
2026-07-17,股票期貨,投信,0,9775,236,9539,3714923
2026-07-17,股票期貨,外資及陸資,28003,160399,566973,-406574,-181745738
2026-07-17,美國標普500期貨,自營商,1,0,46,-46,-69000
2026-07-17,美國標普500期貨,投信,0,0,0,0,0
2026-07-17,美國標普500期貨,外資及陸資,1,44,64,-20,-30068
2026-07-17,美國那斯達克100期貨,自營商,2,0,204,-204,-293372
2026-07-17,美國那斯達克100期貨,投信,0,2,0,2,2876
2026-07-17,美國那斯達克100期貨,外資及陸資,-305,12,641,-629,-905489
2026-07-17,美國道瓊期貨,自營商,-13,0,25,-25,-26184
2026-07-17,美國道瓊期貨,投信,0,0,0,0,0
2026-07-17,美國道瓊期貨,外資及陸資,78,184,21,163,170790
2026-07-17,美國費城半導體期貨,自營商,-39,0,455,-455,-416780
2026-07-17,美國費城半導體期貨,投信,0,0,0,0,0
2026-07-17,美國費城半導體期貨,外資及陸資,-1,298,163,135,123672
2026-07-20,臺股期貨,自營商,-1695,7093,4119,2974,25409213
2026-07-20,臺股期貨,投信,-2769,78642,6196,72446,618138251
2026-07-20,臺股期貨,外資及陸資,6561,10496,88833,-78337,-668521069
2026-07-20,電子期貨,自營商,-8,17,111,-94,-1014524
2026-07-20,電子期貨,投信,-8,182,0,182,1964435
2026-07-20,電子期貨,外資及陸資,-3,14,325,-311,-3356810
2026-07-20,金融期貨,自營商,0,40,76,-36,-109224
2026-07-20,金融期貨,投信,6,35,0,35,106190
2026-07-20,金融期貨,外資及陸資,-9,70,212,-142,-430828
2026-07-20,股票期貨,自營商,21775,73491,293377,-219886,-148194073
2026-07-20,股票期貨,投信,-1800,7975,236,7739,2965651
2026-07-20,股票期貨,外資及陸資,28264,183113,561423,-378310,-163722857
2026-07-20,美國標普500期貨,自營商,0,0,46,-46,-69041
2026-07-20,美國標普500期貨,投信,0,0,0,0,0
2026-07-20,美國標普500期貨,外資及陸資,4,49,65,-16,-24096
2026-07-20,美國那斯達克100期貨,自營商,25,0,179,-179,-258270
2026-07-20,美國那斯達克100期貨,投信,0,2,0,2,2886
2026-07-20,美國那斯達克100期貨,外資及陸資,65,63,627,-564,-814684
2026-07-20,美國道瓊期貨,自營商,-22,0,47,-47,-49218
2026-07-20,美國道瓊期貨,投信,0,0,0,0,0
2026-07-20,美國道瓊期貨,外資及陸資,30,195,2,193,202160
2026-07-20,美國費城半導體期貨,自營商,4,0,451,-451,-425149
2026-07-20,美國費城半導體期貨,投信,0,0,0,0,0
2026-07-20,美國費城半導體期貨,外資及陸資,30,298,133,165,155546
2026-07-21,臺股期貨,自營商,-1764,5607,4404,1203,10717869
2026-07-21,臺股期貨,投信,3124,81608,6038,75570,670683750
2026-07-21,臺股期貨,外資及陸資,-198,9379,87869,-78490,-696730179
2026-07-21,電子期貨,自營商,-2,19,116,-97,-1094047
2026-07-21,電子期貨,投信,-3,179,0,179,2019048
2026-07-21,電子期貨,外資及陸資,22,13,302,-289,-3259804
2026-07-21,金融期貨,自營商,-34,19,89,-70,-214032
2026-07-21,金融期貨,投信,0,35,0,35,107016
2026-07-21,金融期貨,外資及陸資,41,84,185,-101,-308818
2026-07-21,股票期貨,自營商,-6030,77017,302933,-225916,-162223669
2026-07-21,股票期貨,投信,0,7975,236,7739,3189711
2026-07-21,股票期貨,外資及陸資,-11875,183502,573687,-390185,-174707689
2026-07-21,美國標普500期貨,自營商,0,0,46,-46,-69184
2026-07-21,美國標普500期貨,投信,0,0,0,0,0
2026-07-21,美國標普500期貨,外資及陸資,-1,51,68,-17,-25649
2026-07-21,美國那斯達克100期貨,自營商,0,0,179,-179,-260517
2026-07-21,美國那斯達克100期貨,投信,0,2,0,2,2911
2026-07-21,美國那斯達克100期貨,外資及陸資,168,124,520,-396,-576788
2026-07-21,美國道瓊期貨,自營商,0,0,47,-47,-49120
2026-07-21,美國道瓊期貨,投信,0,0,0,0,0
2026-07-21,美國道瓊期貨,外資及陸資,-89,155,51,104,108724
2026-07-21,美國費城半導體期貨,自營商,-21,0,472,-472,-453875
2026-07-21,美國費城半導體期貨,投信,0,0,0,0,0
2026-07-21,美國費城半導體期貨,外資及陸資,50,327,112,215,206748
2026-07-22,臺股期貨,自營商,-65,5108,3969,1139,10208144
2026-07-22,臺股期貨,投信,53,81796,6173,75623,675237767
2026-07-22,臺股期貨,外資及陸資,465,8455,85050,-76595,-684039958
2026-07-22,電子期貨,自營商,-18,20,135,-115,-1309637
2026-07-22,電子期貨,投信,20,199,0,199,2266371
2026-07-22,電子期貨,外資及陸資,14,10,285,-275,-3131920
2026-07-22,金融期貨,自營商,-38,17,125,-108,-332640
2026-07-22,金融期貨,投信,2,37,0,37,113960
2026-07-22,金融期貨,外資及陸資,42,102,161,-59,-181720
2026-07-22,股票期貨,自營商,-7705,75326,308947,-233621,-168818234
2026-07-22,股票期貨,投信,0,7975,236,7739,3304836
2026-07-22,股票期貨,外資及陸資,-17293,180236,587714,-407478,-188785759
2026-07-22,美國標普500期貨,自營商,0,0,46,-46,-69380
2026-07-22,美國標普500期貨,投信,0,0,0,0,0
2026-07-22,美國標普500期貨,外資及陸資,6,57,68,-11,-16672
2026-07-22,美國那斯達克100期貨,自營商,0,0,179,-179,-261107
2026-07-22,美國那斯達克100期貨,投信,0,2,0,2,2917
2026-07-22,美國那斯達克100期貨,外資及陸資,8,50,438,-388,-566425
2026-07-22,美國道瓊期貨,自營商,0,0,47,-47,-49275
2026-07-22,美國道瓊期貨,投信,0,0,0,0,0
2026-07-22,美國道瓊期貨,外資及陸資,-5,152,53,99,103834
2026-07-22,美國費城半導體期貨,自營商,13,0,459,-459,-448920
2026-07-22,美國費城半導體期貨,投信,0,0,0,0,0
2026-07-22,美國費城半導體期貨,外資及陸資,10,336,111,225,220063
2026-07-23,臺股期貨,自營商,-405,4944,4205,739,6677060
2026-07-23,臺股期貨,投信,-131,81714,6222,75492,678099341
2026-07-23,臺股期貨,外資及陸資,1397,8155,83353,-75198,-675581738
2026-07-23,電子期貨,自營商,-17,12,144,-132,-1516764
2026-07-23,電子期貨,投信,2,201,0,201,2309731
2026-07-23,電子期貨,外資及陸資,14,12,273,-261,-2999204
2026-07-23,金融期貨,自營商,0,22,130,-108,-333590
2026-07-23,金融期貨,投信,0,37,0,37,114286
2026-07-23,金融期貨,外資及陸資,1,74,132,-58,-179151
2026-07-23,股票期貨,自營商,-7491,77830,318942,-241112,-174755182
2026-07-23,股票期貨,投信,1,7975,235,7740,3351329
2026-07-23,股票期貨,外資及陸資,3361,188790,592907,-404117,-189601871
2026-07-23,美國標普500期貨,自營商,0,0,46,-46,-69276
2026-07-23,美國標普500期貨,投信,0,0,0,0,0
2026-07-23,美國標普500期貨,外資及陸資,1,60,70,-10,-15141
2026-07-23,美國那斯達克100期貨,自營商,0,0,179,-179,-261242
2026-07-23,美國那斯達克100期貨,投信,0,2,0,2,2919
2026-07-23,美國那斯達克100期貨,外資及陸資,134,133,387,-254,-371063
2026-07-23,美國道瓊期貨,自營商,0,0,47,-47,-49242
2026-07-23,美國道瓊期貨,投信,0,0,0,0,0
2026-07-23,美國道瓊期貨,外資及陸資,2,153,52,101,105869
2026-07-23,美國費城半導體期貨,自營商,10,0,449,-449,-449718
2026-07-23,美國費城半導體期貨,投信,0,0,0,0,0
2026-07-23,美國費城半導體期貨,外資及陸資,5,342,112,230,230372
2026-07-24,臺股期貨,自營商,1537,6543,4285,2258,19817976
2026-07-24,臺股期貨,投信,-1654,80216,6378,73838,647027627
2026-07-24,臺股期貨,外資及陸資,-1044,7107,83367,-76260,-668363767
2026-07-24,電子期貨,自營商,21,18,129,-111,-1234134
2026-07-24,電子期貨,投信,-5,196,0,196,2179324
2026-07-24,電子期貨,外資及陸資,-21,13,295,-282,-3135558
2026-07-24,金融期貨,自營商,6,21,123,-102,-315037
2026-07-24,金融期貨,投信,1,38,0,38,117367
2026-07-24,金融期貨,外資及陸資,49,113,122,-9,-27797
2026-07-24,股票期貨,自營商,2703,83076,321485,-238409,-166776848
2026-07-24,股票期貨,投信,-1981,5975,216,5759,2542173
2026-07-24,股票期貨,外資及陸資,4245,194319,594191,-399872,-180172216
2026-07-24,美國標普500期貨,自營商,0,0,46,-46,-68623
2026-07-24,美國標普500期貨,投信,0,0,0,0,0
2026-07-24,美國標普500期貨,外資及陸資,-1,61,72,-11,-16491
2026-07-24,美國那斯達克100期貨,自營商,38,0,141,-141,-201686
2026-07-24,美國那斯達克100期貨,投信,0,2,0,2,2861
2026-07-24,美國那斯達克100期貨,外資及陸資,-94,14,362,-348,-498170
2026-07-24,美國道瓊期貨,自營商,0,0,47,-47,-48810
2026-07-24,美國道瓊期貨,投信,0,0,0,0,0
2026-07-24,美國道瓊期貨,外資及陸資,-12,146,57,89,92452
2026-07-24,美國費城半導體期貨,自營商,1,0,448,-448,-439398
2026-07-24,美國費城半導體期貨,投信,0,0,0,0,0
2026-07-24,美國費城半導體期貨,外資及陸資,18,360,112,248,243242
2026-07-27,臺股期貨,自營商,-343,6543,4652,1891,16635184
2026-07-27,臺股期貨,投信,273,80139,6028,74111,650398136
2026-07-27,臺股期貨,外資及陸資,-1246,6870,85569,-78699,-690787525
2026-07-27,電子期貨,自營商,-12,14,138,-124,-1385428
2026-07-27,電子期貨,投信,0,196,0,196,2189986
2026-07-27,電子期貨,外資及陸資,1,12,293,-281,-3139725
2026-07-27,金融期貨,自營商,1,15,116,-101,-317322
2026-07-27,金融期貨,投信,0,38,0,38,119388
2026-07-27,金融期貨,外資及陸資,13,144,140,4,12567
2026-07-27,股票期貨,自營商,10514,87781,315676,-227895,-161417263
2026-07-27,股票期貨,投信,-5603,372,216,156,595497
2026-07-27,股票期貨,外資及陸資,18579,202240,583533,-381293,-166654114
2026-07-27,美國標普500期貨,自營商,0,0,46,-46,-69120
2026-07-27,美國標普500期貨,投信,0,0,0,0,0
2026-07-27,美國標普500期貨,外資及陸資,-1,62,74,-12,-18112
2026-07-27,美國那斯達克100期貨,自營商,39,0,102,-102,-146436
2026-07-27,美國那斯達克100期貨,投信,0,2,0,2,2871
2026-07-27,美國那斯達克100期貨,外資及陸資,-50,21,419,-398,-571748
2026-07-27,美國道瓊期貨,自營商,9,0,38,-38,-39927
2026-07-27,美國道瓊期貨,投信,0,0,0,0,0
2026-07-27,美國道瓊期貨,外資及陸資,4,149,56,93,97780
2026-07-27,美國費城半導體期貨,自營商,-17,0,465,-465,-454026
2026-07-27,美國費城半導體期貨,投信,0,0,0,0,0
2026-07-27,美國費城半導體期貨,外資及陸資,1,360,111,249,243128
2026-07-28,臺股期貨,自營商,689,7675,5087,2588,21575289
2026-07-28,臺股期貨,投信,775,79411,4525,74886,622647136
2026-07-28,臺股期貨,外資及陸資,-2544,7401,89656,-82255,-684077301
2026-07-28,電子期貨,自營商,5,19,139,-120,-1261365
2026-07-28,電子期貨,投信,0,196,0,196,2060352
2026-07-28,電子期貨,外資及陸資,-18,18,317,-299,-3143088
2026-07-28,金融期貨,自營商,12,22,111,-89,-273052
2026-07-28,金融期貨,投信,0,38,0,38,116584
2026-07-28,金融期貨,外資及陸資,-53,101,150,-49,-150332
2026-07-28,股票期貨,自營商,5546,96259,318608,-222349,-145968695
2026-07-28,股票期貨,投信,-222,150,216,-66,26568
2026-07-28,股票期貨,外資及陸資,12171,217256,586378,-369122,-142035215
2026-07-28,美國標普500期貨,自營商,0,0,46,-46,-68384
2026-07-28,美國標普500期貨,投信,0,0,0,0,0
2026-07-28,美國標普500期貨,外資及陸資,7,58,63,-5,-7514
2026-07-28,美國那斯達克100期貨,自營商,6,0,96,-96,-133973
2026-07-28,美國那斯達克100期貨,投信,0,2,0,2,2791
2026-07-28,美國那斯達克100期貨,外資及陸資,-72,27,497,-470,-656430
2026-07-28,美國道瓊期貨,自營商,0,0,38,-38,-39805
2026-07-28,美國道瓊期貨,投信,0,0,0,0,0
2026-07-28,美國道瓊期貨,外資及陸資,7,150,50,100,104805
2026-07-28,美國費城半導體期貨,自營商,-19,0,484,-484,-433354
2026-07-28,美國費城半導體期貨,投信,0,0,0,0,0
2026-07-28,美國費城半導體期貨,外資及陸資,48,409,112,297,265928
2026-07-29,臺股期貨,自營商,383,7399,4847,2552,20641358
2026-07-29,臺股期貨,投信,-144,78241,3499,74742,602839076
2026-07-29,臺股期貨,外資及陸資,-525,11982,94767,-82785,-667865279
2026-07-29,電子期貨,自營商,-14,18,153,-135,-1373104
2026-07-29,電子期貨,投信,2,198,0,198,2013937
2026-07-29,電子期貨,外資及陸資,18,15,296,-281,-2858163
2026-07-29,金融期貨,自營商,27,22,91,-69,-210919
2026-07-29,金融期貨,投信,0,38,0,38,116158
2026-07-29,金融期貨,外資及陸資,-20,85,154,-69,-210919
2026-07-29,股票期貨,自營商,23167,108858,308040,-199182,-131702437
2026-07-29,股票期貨,投信,0,150,216,-66,21755
2026-07-29,股票期貨,外資及陸資,30908,253266,591480,-338214,-110370863
2026-07-29,美國標普500期貨,自營商,5,0,41,-41,-61234
2026-07-29,美國標普500期貨,投信,0,0,0,0,0
2026-07-29,美國標普500期貨,外資及陸資,-4,68,77,-9,-13523
2026-07-29,美國那斯達克100期貨,自營商,7,1,90,-89,-123955
2026-07-29,美國那斯達克100期貨,投信,0,2,0,2,2786
2026-07-29,美國那斯達克100期貨,外資及陸資,32,22,460,-438,-610543
2026-07-29,美國道瓊期貨,自營商,8,0,30,-30,-31758
2026-07-29,美國道瓊期貨,投信,0,0,0,0,0
2026-07-29,美國道瓊期貨,外資及陸資,48,165,17,148,156750
2026-07-29,美國費城半導體期貨,自營商,0,0,484,-484,-421661
2026-07-29,美國費城半導體期貨,投信,0,0,0,0,0
2026-07-29,美國費城半導體期貨,外資及陸資,6,416,113,303,263979
2026-07-30,臺股期貨,自營商,-617,6991,4995,1996,16134755
2026-07-30,臺股期貨,投信,1115,79257,3400,75857,611195020
2026-07-30,臺股期貨,外資及陸資,1781,13822,94839,-81017,-652907889
2026-07-30,電子期貨,自營商,-24,10,171,-161,-1630186
2026-07-30,電子期貨,投信,0,198,0,198,2004869
2026-07-30,電子期貨,外資及陸資,27,23,277,-254,-2571902
2026-07-30,金融期貨,自營商,-26,16,111,-95,-294310
2026-07-30,金融期貨,投信,0,38,0,38,117724
2026-07-30,金融期貨,外資及陸資,39,105,135,-30,-92940
2026-07-30,股票期貨,自營商,4801,112483,306932,-194449,-130489127
2026-07-30,股票期貨,投信,0,150,216,-66,21884
2026-07-30,股票期貨,外資及陸資,207,249791,587714,-337923,-110899315
2026-07-30,美國標普500期貨,自營商,-7,0,48,-48,-70982
2026-07-30,美國標普500期貨,投信,0,0,0,0,0
2026-07-30,美國標普500期貨,外資及陸資,16,84,77,7,10270
2026-07-30,美國那斯達克100期貨,自營商,-23,0,112,-112,-154073
2026-07-30,美國那斯達克100期貨,投信,0,2,0,2,2751
2026-07-30,美國那斯達克100期貨,外資及陸資,-1,17,456,-439,-604594
2026-07-30,美國道瓊期貨,自營商,-14,0,44,-44,-45594
2026-07-30,美國道瓊期貨,投信,0,0,0,0,0
2026-07-30,美國道瓊期貨,外資及陸資,-55,174,81,93,96420
2026-07-30,美國費城半導體期貨,自營商,-8,0,492,-492,-417216
2026-07-30,美國費城半導體期貨,投信,0,0,0,0,0
2026-07-30,美國費城半導體期貨,外資及陸資,-2,403,102,301,255254
2026-07-31,臺股期貨,自營商,-4375,4767,7144,-2377,-20731987
2026-07-31,臺股期貨,投信,9468,88383,3058,85325,746201255
2026-07-31,臺股期貨,外資及陸資,-4292,12704,95219,-82515,-721757019
2026-07-31,電子期貨,自營商,-46,11,219,-208,-2316345
2026-07-31,電子期貨,投信,13,211,0,211,2349780
2026-07-31,電子期貨,外資及陸資,60,25,219,-194,-2160462
2026-07-31,金融期貨,自營商,2,21,114,-93,-300817
2026-07-31,金融期貨,投信,0,38,0,38,122915
2026-07-31,金融期貨,外資及陸資,-18,131,179,-48,-155260
2026-07-31,股票期貨,自營商,3183,117945,309211,-191266,-141966033
2026-07-31,股票期貨,投信,0,150,216,-66,24970
2026-07-31,股票期貨,外資及陸資,-23420,241917,603260,-361343,-135768593
2026-07-31,美國標普500期貨,自營商,-3,0,51,-51,-76602
2026-07-31,美國標普500期貨,投信,1,1,0,1,1502
2026-07-31,美國標普500期貨,外資及陸資,6,77,64,13,19445
2026-07-31,美國那斯達克100期貨,自營商,-4,0,116,-116,-165619
2026-07-31,美國那斯達克100期貨,投信,0,2,0,2,2856
2026-07-31,美國那斯達克100期貨,外資及陸資,3,12,448,-436,-623151
2026-07-31,美國道瓊期貨,自營商,-5,0,49,-49,-51599
2026-07-31,美國道瓊期貨,投信,1,1,0,1,1053
2026-07-31,美國道瓊期貨,外資及陸資,-2,185,94,91,95880
2026-07-31,美國費城半導體期貨,自營商,14,0,478,-478,-447408
2026-07-31,美國費城半導體期貨,投信,0,0,0,0,0
2026-07-31,美國費城半導體期貨,外資及陸資,0,391,90,301,281736
2026-08-03,臺股期貨,自營商,3100,5669,4951,718,6258236
2026-08-03,臺股期貨,投信,-1425,87038,3138,83900,725214820
2026-08-03,臺股期貨,外資及陸資,-6096,9876,99914,-90038,-778400580
2026-08-03,電子期貨,自營商,9,10,206,-196,-2168479
2026-08-03,電子期貨,投信,36,247,0,247,2732759
2026-08-03,電子期貨,外資及陸資,-36,24,254,-230,-2544674
2026-08-03,金融期貨,自營商,8,26,111,-85,-269076
2026-08-03,金融期貨,投信,0,38,0,38,120293
2026-08-03,金融期貨,外資及陸資,-66,102,216,-114,-360879
2026-08-03,股票期貨,自營商,-6123,116470,313859,-197389,-145127868
2026-08-03,股票期貨,投信,75,216,207,9,624308
2026-08-03,股票期貨,外資及陸資,-31614,227302,620259,-392957,-156927898
2026-08-03,美國標普500期貨,自營商,-6,0,57,-57,-86435
2026-08-03,美國標普500期貨,投信,0,1,0,1,1513
2026-08-03,美國標普500期貨,外資及陸資,0,73,60,13,19700
2026-08-03,美國那斯達克100期貨,自營商,-81,0,197,-197,-283228
2026-08-03,美國那斯達克100期貨,投信,0,2,0,2,2865
2026-08-03,美國那斯達克100期貨,外資及陸資,59,45,422,-377,-540232
2026-08-03,美國道瓊期貨,自營商,2,0,47,-47,-49772
2026-08-03,美國道瓊期貨,投信,0,1,0,1,1059
2026-08-03,美國道瓊期貨,外資及陸資,20,199,88,111,117609
2026-08-03,美國費城半導體期貨,自營商,0,0,478,-478,-438919
2026-08-03,美國費城半導體期貨,投信,0,0,0,0,0
2026-08-03,美國費城半導體期貨,外資及陸資,0,382,81,301,276391
2026-08-04,臺股期貨,自營商,1626,6692,4336,2356,20483393
2026-08-04,臺股期貨,投信,-1352,85936,3388,82548,715592103
2026-08-04,臺股期貨,外資及陸資,2155,8626,96484,-87858,-761750391
2026-08-04,電子期貨,自營商,14,25,206,-181,-1983724
2026-08-04,電子期貨,投信,-33,214,0,214,2345483
2026-08-04,電子期貨,外資及陸資,-67,16,313,-297,-3255180
2026-08-04,金融期貨,自營商,-23,31,139,-108,-343440
2026-08-04,金融期貨,投信,0,38,0,38,120840
2026-08-04,金融期貨,外資及陸資,-1,109,224,-115,-365700
2026-08-04,股票期貨,自營商,-3171,115951,316511,-200560,-144423325
2026-08-04,股票期貨,投信,873,1089,207,882,2039650
2026-08-04,股票期貨,外資及陸資,-5804,225028,623789,-398761,-172216551
2026-08-04,美國標普500期貨,自營商,15,0,42,-42,-64518
2026-08-04,美國標普500期貨,投信,0,1,0,1,1530
2026-08-04,美國標普500期貨,外資及陸資,-12,61,60,1,1613
2026-08-04,美國那斯達克100期貨,自營商,-20,0,217,-217,-316535
2026-08-04,美國那斯達克100期貨,投信,0,2,0,2,2907
2026-08-04,美國那斯達克100期貨,外資及陸資,106,132,403,-271,-393338
2026-08-04,美國道瓊期貨,自營商,-15,0,62,-62,-66497
2026-08-04,美國道瓊期貨,投信,0,1,0,1,1070
2026-08-04,美國道瓊期貨,外資及陸資,70,216,35,181,193887
2026-08-04,美國費城半導體期貨,自營商,13,0,465,-465,-431074
2026-08-04,美國費城半導體期貨,投信,0,0,0,0,0
2026-08-04,美國費城半導體期貨,外資及陸資,-10,382,91,291,269768
2026-08-05,臺股期貨,自營商,-1028,5799,4488,1311,11711402
2026-08-05,臺股期貨,投信,2027,88007,3432,84575,753343355
2026-08-05,臺股期貨,外資及陸資,-571,9180,96379,-87199,-776809374
2026-08-05,電子期貨,自營商,-13,17,208,-191,-2169728
2026-08-05,電子期貨,投信,-20,194,0,194,2203840
2026-08-05,電子期貨,外資及陸資,74,43,266,-223,-2533280
2026-08-05,金融期貨,自營商,16,34,125,-91,-291500
2026-08-05,金融期貨,投信,0,38,0,38,121722
2026-08-05,金融期貨,外資及陸資,-7,100,222,-122,-390790
2026-08-05,股票期貨,自營商,12701,123285,311144,-187859,-140339102
2026-08-05,股票期貨,投信,17,1106,207,899,2128940
2026-08-05,股票期貨,外資及陸資,-14585,223751,637097,-413346,-185302021
2026-08-05,美國標普500期貨,自營商,-1,0,43,-43,-67339
2026-08-05,美國標普500期貨,投信,0,1,0,1,1560
2026-08-05,美國標普500期貨,外資及陸資,-22,39,60,-21,-32657
2026-08-05,美國那斯達克100期貨,自營商,29,0,188,-188,-282562
2026-08-05,美國那斯達克100期貨,投信,0,2,0,2,2995
2026-08-05,美國那斯達克100期貨,外資及陸資,64,145,352,-207,-309549
2026-08-05,美國道瓊期貨,自營商,-44,0,106,-106,-116086
2026-08-05,美國道瓊期貨,投信,0,1,0,1,1090
2026-08-05,美國道瓊期貨,外資及陸資,69,271,21,250,273214
2026-08-05,美國費城半導體期貨,自營商,12,0,453,-453,-443433
2026-08-05,美國費城半導體期貨,投信,0,0,0,0,0
2026-08-05,美國費城半導體期貨,外資及陸資,10,392,91,301,294643
2026-08-06,臺股期貨,自營商,1299,7060,4458,2602,23060743
2026-08-06,臺股期貨,投信,-412,87666,3503,84163,744980643
2026-08-06,臺股期貨,外資及陸資,-2121,8953,98336,-89383,-791265923
2026-08-06,電子期貨,自營商,-6,26,223,-197,-2221734
2026-08-06,電子期貨,投信,0,194,0,194,2187932
2026-08-06,電子期貨,外資及陸資,14,71,280,-209,-2357102
2026-08-06,金融期貨,自營商,-22,36,149,-113,-355959
2026-08-06,金融期貨,投信,0,38,0,38,119700
2026-08-06,金融期貨,外資及陸資,-17,91,230,-139,-437850
2026-08-06,股票期貨,自營商,-13915,116736,318510,-201774,-140776066
2026-08-06,股票期貨,投信,-103,998,202,796,2151750
2026-08-06,股票期貨,外資及陸資,-17611,212177,643134,-430957,-201042110
2026-08-06,美國標普500期貨,自營商,7,0,36,-36,-56219
2026-08-06,美國標普500期貨,投信,0,1,0,1,1553
2026-08-06,美國標普500期貨,外資及陸資,-7,43,71,-28,-43328
2026-08-06,美國那斯達克100期貨,自營商,-55,0,243,-243,-360715
2026-08-06,美國那斯達克100期貨,投信,0,2,0,2,2960
2026-08-06,美國那斯達克100期貨,外資及陸資,-61,127,395,-268,-396398
2026-08-06,美國道瓊期貨,自營商,4,0,102,-102,-111943
2026-08-06,美國道瓊期貨,投信,0,1,0,1,1092
2026-08-06,美國道瓊期貨,外資及陸資,30,280,0,280,306510
2026-08-06,美國費城半導體期貨,自營商,-8,0,461,-461,-442560
2026-08-06,美國費城半導體期貨,投信,0,0,0,0,0
2026-08-06,美國費城半導體期貨,外資及陸資,6,407,100,307,294720
2026-08-07,臺股期貨,自營商,-100,7096,4584,2512,22312605
2026-08-07,臺股期貨,投信,-1086,86632,3555,83077,736063028
2026-08-07,臺股期貨,外資及陸資,1449,8321,96232,-87911,-779018583
2026-08-07,電子期貨,自營商,17,17,197,-180,-2022736
2026-08-07,電子期貨,投信,-1,193,0,193,2168857
2026-08-07,電子期貨,外資及陸資,-19,62,290,-228,-2562173
2026-08-07,金融期貨,自營商,38,40,115,-75,-238494
2026-08-07,金融期貨,投信,0,38,0,38,120832
2026-08-07,金融期貨,外資及陸資,7,86,218,-132,-419733
2026-08-07,股票期貨,自營商,-2985,116424,321183,-204759,-140358798
2026-08-07,股票期貨,投信,5,998,197,801,2126593
2026-08-07,股票期貨,外資及陸資,3222,212426,640161,-427735,-196872875
2026-08-07,美國標普500期貨,自營商,19,0,17,-17,-26330
2026-08-07,美國標普500期貨,投信,0,1,0,1,1548
2026-08-07,美國標普500期貨,外資及陸資,-23,30,81,-51,-79072
2026-08-07,美國那斯達克100期貨,自營商,41,0,202,-202,-299573
2026-08-07,美國那斯達克100期貨,投信,0,2,0,2,2957
2026-08-07,美國那斯達克100期貨,外資及陸資,-64,118,450,-332,-490797
2026-08-07,美國道瓊期貨,自營商,24,0,78,-78,-84490
2026-08-07,美國道瓊期貨,投信,0,1,0,1,1079
2026-08-07,美國道瓊期貨,外資及陸資,-96,218,34,184,198976
2026-08-07,美國費城半導體期貨,自營商,0,0,461,-461,-448092
2026-08-07,美國費城半導體期貨,投信,0,0,0,0,0
2026-08-07,美國費城半導體期貨,外資及陸資,-4,404,101,303,294516
2026-08-10,臺股期貨,自營商,-851,6056,4377,1679,15164529
2026-08-10,臺股期貨,投信,674,87299,3548,83751,753701288
2026-08-10,臺股期貨,外資及陸資,-1306,9346,98547,-89201,-802863768
2026-08-10,電子期貨,自營商,-10,17,207,-190,-2183030
2026-08-10,電子期貨,投信,0,193,0,193,2217531
2026-08-10,電子期貨,外資及陸資,26,89,291,-202,-2320940
2026-08-10,金融期貨,自營商,10,35,100,-65,-207268
2026-08-10,金融期貨,投信,0,38,0,38,121167
2026-08-10,金融期貨,外資及陸資,-22,63,217,-154,-491044
2026-08-10,股票期貨,自營商,-9128,113178,326997,-213819,-148812209
2026-08-10,股票期貨,投信,-1,997,197,800,2174791
2026-08-10,股票期貨,外資及陸資,-4751,212947,645517,-432570,-208660809
2026-08-10,美國標普500期貨,自營商,-16,0,33,-33,-51616
2026-08-10,美國標普500期貨,投信,0,1,0,1,1557
2026-08-10,美國標普500期貨,外資及陸資,17,38,72,-34,-52870
2026-08-10,美國那斯達克100期貨,自營商,0,0,202,-202,-303196
2026-08-10,美國那斯達克100期貨,投信,0,2,0,2,2993
2026-08-10,美國那斯達克100期貨,外資及陸資,67,62,327,-265,-396489
2026-08-10,美國道瓊期貨,自營商,0,0,78,-78,-84781
2026-08-10,美國道瓊期貨,投信,0,1,0,1,1083
2026-08-10,美國道瓊期貨,外資及陸資,-14,219,49,170,184509
2026-08-10,美國費城半導體期貨,自營商,-4,0,465,-465,-461280
2026-08-10,美國費城半導體期貨,投信,0,0,0,0,0
2026-08-10,美國費城半導體期貨,外資及陸資,3,407,101,306,303552
2026-08-11,臺股期貨,自營商,219,6390,4491,1899,17182233
2026-08-11,臺股期貨,投信,-333,86966,3548,83418,752362444
2026-08-11,臺股期貨,外資及陸資,277,9385,98309,-88924,-802141917
2026-08-11,電子期貨,自營商,16,24,198,-174,-2002012
2026-08-11,電子期貨,投信,-10,183,0,183,2105598
2026-08-11,電子期貨,外資及陸資,-17,71,290,-219,-2519814
2026-08-11,金融期貨,自營商,-5,36,106,-70,-221391
2026-08-11,金融期貨,投信,0,38,0,38,120179
2026-08-11,金融期貨,外資及陸資,-28,48,230,-182,-575593
2026-08-11,股票期貨,自營商,-2574,115213,331606,-216393,-153903397
2026-08-11,股票期貨,投信,0,992,192,800,2191692
2026-08-11,股票期貨,外資及陸資,-1616,211628,645814,-434186,-209938176
2026-08-11,美國標普500期貨,自營商,-7,0,40,-40,-62540
2026-08-11,美國標普500期貨,投信,0,1,0,1,1558
2026-08-11,美國標普500期貨,外資及陸資,7,45,72,-27,-41956
2026-08-11,美國那斯達克100期貨,自營商,-5,0,207,-207,-309650
2026-08-11,美國那斯達克100期貨,投信,0,2,0,2,2982
2026-08-11,美國那斯達克100期貨,外資及陸資,-1,35,301,-266,-396481
2026-08-11,美國道瓊期貨,自營商,-2,0,80,-80,-86919
2026-08-11,美國道瓊期貨,投信,0,1,0,1,1082
2026-08-11,美國道瓊期貨,外資及陸資,7,223,46,177,192022
2026-08-11,美國費城半導體期貨,自營商,-8,0,473,-473,-457864
2026-08-11,美國費城半導體期貨,投信,0,0,0,0,0
2026-08-11,美國費城半導體期貨,外資及陸資,-5,401,100,301,291368
2026-08-12,臺股期貨,自營商,-600,5564,4325,1239,11343503
2026-08-12,臺股期貨,投信,-1035,85931,3548,82383,750270367
2026-08-12,臺股期貨,外資及陸資,2245,10937,97570,-86633,-789107301
2026-08-12,電子期貨,自營商,-3,18,195,-177,-2056354
2026-08-12,電子期貨,投信,-8,175,0,175,2033150
2026-08-12,電子期貨,外資及陸資,7,73,285,-212,-2463016
2026-08-12,金融期貨,自營商,3,34,100,-66,-208729
2026-08-12,金融期貨,投信,0,38,0,38,120171
2026-08-12,金融期貨,外資及陸資,-3,44,229,-185,-585044
2026-08-12,股票期貨,自營商,1333,115166,330226,-215060,-155006958
2026-08-12,股票期貨,投信,4,996,192,804,2307371
2026-08-12,股票期貨,外資及陸資,2120,215814,647880,-432066,-214626929
2026-08-12,美國標普500期貨,自營商,-16,0,56,-56,-87279
2026-08-12,美國標普500期貨,投信,0,1,0,1,1551
2026-08-12,美國標普500期貨,外資及陸資,16,61,72,-11,-16749
2026-08-12,美國那斯達克100期貨,自營商,-6,0,213,-213,-317573
2026-08-12,美國那斯達克100期貨,投信,0,2,0,2,2972
2026-08-12,美國那斯達克100期貨,外資及陸資,-63,30,359,-329,-488829
2026-08-12,美國道瓊期貨,自營商,8,0,72,-72,-77970
2026-08-12,美國道瓊期貨,投信,0,1,0,1,1078
2026-08-12,美國道瓊期貨,外資及陸資,-18,229,70,159,171988
2026-08-12,美國費城半導體期貨,自營商,0,0,473,-473,-459756
2026-08-12,美國費城半導體期貨,投信,0,0,0,0,0
2026-08-12,美國費城半導體期貨,外資及陸資,1,402,100,302,293544
2026-08-13,臺股期貨,自營商,-772,5276,4804,472,4408736
2026-08-13,臺股期貨,投信,-56,85702,3375,82327,758287823
2026-08-13,臺股期貨,外資及陸資,380,12073,98322,-86249,-794543854
2026-08-13,電子期貨,自營商,-16,18,211,-193,-2279761
2026-08-13,電子期貨,投信,0,175,0,175,2067170
2026-08-13,電子期貨,外資及陸資,24,97,285,-188,-2220731
2026-08-13,金融期貨,自營商,-23,23,112,-89,-280824
2026-08-13,金融期貨,投信,0,38,0,38,119898
2026-08-13,金融期貨,外資及陸資,-3,52,240,-188,-593178
2026-08-13,股票期貨,自營商,-9608,115137,339788,-224651,-159320243
2026-08-13,股票期貨,投信,1398,2394,192,2202,4127994
2026-08-13,股票期貨,外資及陸資,-4293,218096,653971,-435875,-222759028
2026-08-13,美國標普500期貨,自營商,34,0,22,-22,-34452
2026-08-13,美國標普500期貨,投信,0,1,0,1,1554
2026-08-13,美國標普500期貨,外資及陸資,-34,49,94,-45,-69740
2026-08-13,美國那斯達克100期貨,自營商,24,0,189,-189,-283498
2026-08-13,美國那斯達克100期貨,投信,0,2,0,2,2990
2026-08-13,美國那斯達克100期貨,外資及陸資,-15,54,398,-344,-514396
2026-08-13,美國道瓊期貨,自營商,23,0,49,-49,-53099
2026-08-13,美國道瓊期貨,投信,0,1,0,1,1078
2026-08-13,美國道瓊期貨,外資及陸資,-44,188,73,115,124426
2026-08-13,美國費城半導體期貨,自營商,-9,0,482,-482,-478530
2026-08-13,美國費城半導體期貨,投信,0,0,0,0,0
2026-08-13,美國費城半導體期貨,外資及陸資,5,408,101,307,304789
2026-08-14,臺股期貨,自營商,988,5975,4511,1464,13471119
2026-08-14,臺股期貨,投信,-1992,83794,3459,80335,736622638
2026-08-14,臺股期貨,外資及陸資,1034,12934,98113,-85179,-781153831
2026-08-14,電子期貨,自營商,19,25,199,-174,-2030031
2026-08-14,電子期貨,投信,-7,168,0,168,1959955
2026-08-14,電子期貨,外資及陸資,-20,80,288,-208,-2426455
2026-08-14,金融期貨,自營商,6,17,100,-83,-264644
2026-08-14,金融期貨,投信,0,38,0,38,121159
2026-08-14,金融期貨,外資及陸資,14,45,219,-174,-554811
2026-08-14,股票期貨,自營商,1586,114627,337692,-223065,-155700700
2026-08-14,股票期貨,投信,48,2435,185,2250,4255832
2026-08-14,股票期貨,外資及陸資,822,229357,664410,-435053,-222633213
2026-08-14,美國標普500期貨,自營商,9,14,27,-13,-20695
2026-08-14,美國標普500期貨,投信,0,1,0,1,1565
2026-08-14,美國標普500期貨,外資及陸資,-8,41,94,-53,-82765
2026-08-14,美國那斯達克100期貨,自營商,2,0,187,-187,-283065
2026-08-14,美國那斯達克100期貨,投信,0,2,0,2,3017
2026-08-14,美國那斯達克100期貨,外資及陸資,48,55,351,-296,-446785
2026-08-14,美國道瓊期貨,自營商,1,0,48,-48,-52098
2026-08-14,美國道瓊期貨,投信,0,1,0,1,1079
2026-08-14,美國道瓊期貨,外資及陸資,-12,170,67,103,111653
2026-08-14,美國費城半導體期貨,自營商,-1,0,483,-483,-479909
2026-08-14,美國費城半導體期貨,投信,0,0,0,0,0
2026-08-14,美國費城半導體期貨,外資及陸資,4,407,96,311,309009
2026-08-17,臺股期貨,自營商,-246,4884,3863,1021,9365223
2026-08-17,臺股期貨,投信,-2322,81504,3491,78013,717130598
2026-08-17,臺股期貨,外資及陸資,1754,14587,98061,-83474,-767329202
2026-08-17,電子期貨,自營商,-7,33,215,-182,-2133149
2026-08-17,電子期貨,投信,-1,167,0,167,1961813
2026-08-17,電子期貨,外資及陸資,14,88,282,-194,-2283764
2026-08-17,金融期貨,自營商,-20,21,124,-103,-324527
2026-08-17,金融期貨,投信,0,38,0,38,119723
2026-08-17,金融期貨,外資及陸資,-30,50,254,-204,-643181
2026-08-17,股票期貨,自營商,-12542,111029,346636,-235607,-159366240
2026-08-17,股票期貨,投信,745,3180,185,2995,7478705
2026-08-17,股票期貨,外資及陸資,21983,242673,655743,-413070,-222192987
2026-08-17,美國標普500期貨,自營商,-10,4,27,-23,-36308
2026-08-17,美國標普500期貨,投信,0,1,0,1,1563
2026-08-17,美國標普500期貨,外資及陸資,12,53,94,-41,-63920
2026-08-17,美國那斯達克100期貨,自營商,-1,0,188,-188,-285438
2026-08-17,美國那斯達克100期貨,投信,0,2,0,2,3027
2026-08-17,美國那斯達克100期貨,外資及陸資,32,47,311,-264,-399808
2026-08-17,美國道瓊期貨,自營商,-9,0,57,-57,-61565
2026-08-17,美國道瓊期貨,投信,0,1,0,1,1075
2026-08-17,美國道瓊期貨,外資及陸資,-19,170,86,84,90776
2026-08-17,美國費城半導體期貨,自營商,11,0,472,-472,-472000
2026-08-17,美國費城半導體期貨,投信,0,0,0,0,0
2026-08-17,美國費城半導體期貨,外資及陸資,0,408,97,311,311000
2026-08-18,臺股期貨,自營商,1404,6197,3631,2566,23154261
2026-08-18,臺股期貨,投信,-1901,79727,3615,76112,687631564
2026-08-18,臺股期貨,外資及陸資,468,16996,100074,-83078,-750564935
2026-08-18,電子期貨,自營商,6,25,200,-175,-2010859
2026-08-18,電子期貨,投信,0,167,0,167,1935029
2026-08-18,電子期貨,外資及陸資,-18,75,287,-212,-2456976
2026-08-18,金融期貨,自營商,-21,14,138,-124,-394276
2026-08-18,金融期貨,投信,0,38,0,38,120851
2026-08-18,金融期貨,外資及陸資,64,68,208,-140,-445252
2026-08-18,股票期貨,自營商,9384,116890,343113,-226223,-153316827
2026-08-18,股票期貨,投信,10,3190,185,3005,7267962
2026-08-18,股票期貨,外資及陸資,789,246917,659198,-412281,-211548531
2026-08-18,美國標普500期貨,自營商,0,4,27,-23,-35949
2026-08-18,美國標普500期貨,投信,0,1,0,1,1547
2026-08-18,美國標普500期貨,外資及陸資,-3,53,97,-44,-67908
2026-08-18,美國那斯達克100期貨,自營商,-1,0,189,-189,-283296
2026-08-18,美國那斯達克100期貨,投信,0,2,0,2,2987
2026-08-18,美國那斯達克100期貨,外資及陸資,-3,38,305,-267,-399075
2026-08-18,美國道瓊期貨,自營商,-13,0,70,-70,-75181
2026-08-18,美國道瓊期貨,投信,0,1,0,1,1070
2026-08-18,美國道瓊期貨,外資及陸資,-6,174,96,78,83916
2026-08-18,美國費城半導體期貨,自營商,1,0,471,-471,-466365
2026-08-18,美國費城半導體期貨,投信,0,0,0,0,0
2026-08-18,美國費城半導體期貨,外資及陸資,-2,408,99,309,305959
2026-08-19,臺股期貨,自營商,192,5957,3395,2562,22787384
2026-08-19,臺股期貨,投信,-1243,78301,3512,74789,665622100
2026-08-19,臺股期貨,外資及陸資,749,6692,88193,-81501,-725372853
2026-08-19,電子期貨,自營商,-18,2,69,-67,-759378
2026-08-19,電子期貨,投信,-1,166,0,166,1881444
2026-08-19,電子期貨,外資及陸資,42,38,260,-222,-2516148
2026-08-19,金融期貨,自營商,-13,10,45,-35,-110173
2026-08-19,金融期貨,投信,-4,34,0,34,107025
2026-08-19,金融期貨,外資及陸資,-29,25,127,-102,-321076
2026-08-19,股票期貨,自營商,3124,58161,228919,-170758,-140981945
2026-08-19,股票期貨,投信,19,2950,185,2765,5750451
2026-08-19,股票期貨,外資及陸資,-6440,133473,495739,-362266,-178721976
2026-08-19,美國標普500期貨,自營商,-3,3,29,-26,-40450
2026-08-19,美國標普500期貨,投信,0,1,0,1,1543
2026-08-19,美國標普500期貨,外資及陸資,3,56,97,-41,-63093
2026-08-19,美國那斯達克100期貨,自營商,-56,0,245,-245,-362372
2026-08-19,美國那斯達克100期貨,投信,0,2,0,2,2949
2026-08-19,美國那斯達克100期貨,外資及陸資,-73,27,367,-340,-501641
2026-08-19,美國道瓊期貨,自營商,3,0,67,-67,-71841
2026-08-19,美國道瓊期貨,投信,0,1,0,1,1068
2026-08-19,美國道瓊期貨,外資及陸資,-3,167,92,75,80548
2026-08-19,美國費城半導體期貨,自營商,-1,0,472,-472,-449533
2026-08-19,美國費城半導體期貨,投信,0,0,0,0,0
2026-08-19,美國費城半導體期貨,外資及陸資,-27,408,126,282,268561
2026-08-20,臺股期貨,自營商,-542,5674,3655,2019,18118705
2026-08-20,臺股期貨,投信,1036,79336,3511,75825,680953995
2026-08-20,臺股期貨,外資及陸資,-901,6959,89382,-82423,-740222329
2026-08-20,電子期貨,自營商,6,17,78,-61,-695974
2026-08-20,電子期貨,投信,-13,153,0,153,1745638
2026-08-20,電子期貨,外資及陸資,-12,40,274,-234,-2669800
2026-08-20,金融期貨,自營商,9,37,63,-26,-81374
2026-08-20,金融期貨,投信,0,34,0,34,106413
2026-08-20,金融期貨,外資及陸資,-74,44,220,-176,-550845
2026-08-20,股票期貨,自營商,6488,70016,234286,-164270,-139126463
2026-08-20,股票期貨,投信,-21,2929,185,2744,5896185
2026-08-20,股票期貨,外資及陸資,-20999,148669,531934,-383265,-187022940
2026-08-20,美國標普500期貨,自營商,-1,2,29,-27,-42157
2026-08-20,美國標普500期貨,投信,0,1,0,1,1547
2026-08-20,美國標普500期貨,外資及陸資,2,58,97,-39,-60177
2026-08-20,美國那斯達克100期貨,自營商,46,0,199,-199,-296089
2026-08-20,美國那斯達克100期貨,投信,0,2,0,2,2964
2026-08-20,美國那斯達克100期貨,外資及陸資,43,22,319,-297,-440318
2026-08-20,美國道瓊期貨,自營商,0,0,67,-67,-72092
2026-08-20,美國道瓊期貨,投信,0,1,0,1,1071
2026-08-20,美國道瓊期貨,外資及陸資,-2,165,92,73,78695
2026-08-20,美國費城半導體期貨,自營商,-13,0,485,-485,-460362
2026-08-20,美國費城半導體期貨,投信,0,0,0,0,0
2026-08-20,美國費城半導體期貨,外資及陸資,-12,390,120,270,256268
2026-08-21,臺股期貨,自營商,-321,5096,3397,1699,15325265
2026-08-21,臺股期貨,投信,491,79713,3397,76316,688950322
2026-08-21,臺股期貨,外資及陸資,-204,6735,89329,-82594,-745641514
2026-08-21,電子期貨,自營商,-22,16,99,-83,-949089
2026-08-21,電子期貨,投信,-4,149,0,149,1703785
2026-08-21,電子期貨,外資及陸資,3,41,272,-231,-2641439
2026-08-21,金融期貨,自營商,45,57,38,19,60838
2026-08-21,金融期貨,投信,0,34,0,34,108868
2026-08-21,金融期貨,外資及陸資,47,72,201,-129,-413058
2026-08-21,股票期貨,自營商,-3491,72666,240427,-167761,-140739134
2026-08-21,股票期貨,投信,23,2952,185,2767,5847514
2026-08-21,股票期貨,外資及陸資,-10662,155620,549547,-393927,-193949512
2026-08-21,美國標普500期貨,自營商,-1,2,30,-28,-43361
2026-08-21,美國標普500期貨,投信,0,1,0,1,1535
2026-08-21,美國標普500期貨,外資及陸資,-3,55,97,-42,-64270
2026-08-21,美國那斯達克100期貨,自營商,8,0,191,-191,-281786
2026-08-21,美國那斯達克100期貨,投信,0,2,0,2,2936
2026-08-21,美國那斯達克100期貨,外資及陸資,-42,22,361,-339,-497763
2026-08-21,美國道瓊期貨,自營商,-6,0,73,-73,-77577
2026-08-21,美國道瓊期貨,投信,0,1,0,1,1058
2026-08-21,美國道瓊期貨,外資及陸資,-39,137,103,34,36399
2026-08-21,美國費城半導體期貨,自營商,13,0,472,-472,-447456
2026-08-21,美國費城半導體期貨,投信,0,0,0,0,0
2026-08-21,美國費城半導體期貨,外資及陸資,0,390,120,270,255944
2026-08-24,臺股期貨,自營商,624,5559,3244,2315,20701649
2026-08-24,臺股期貨,投信,-508,79244,3436,75808,678329984
2026-08-24,臺股期貨,外資及陸資,108,6842,89371,-82529,-738490633
2026-08-24,電子期貨,自營商,-2,14,99,-85,-966692
2026-08-24,電子期貨,投信,0,149,0,149,1694666
2026-08-24,電子期貨,外資及陸資,12,46,265,-219,-2490818
2026-08-24,金融期貨,自營商,-24,29,34,-5,-15824
2026-08-24,金融期貨,投信,0,34,0,34,107603
2026-08-24,金融期貨,外資及陸資,-21,59,209,-150,-474720
2026-08-24,股票期貨,自營商,-958,75189,244091,-168902,-139300646
2026-08-24,股票期貨,投信,-2,2950,185,2765,5652941
2026-08-24,股票期貨,外資及陸資,-8083,157457,558167,-400710,-195297778
2026-08-24,美國標普500期貨,自營商,0,2,30,-28,-43402
2026-08-24,美國標普500期貨,投信,0,1,0,1,1536
2026-08-24,美國標普500期貨,外資及陸資,2,58,98,-40,-61235
2026-08-24,美國那斯達克100期貨,自營商,34,1,158,-157,-230572
2026-08-24,美國那斯達克100期貨,投信,0,2,0,2,2926
2026-08-24,美國那斯達克100期貨,外資及陸資,24,22,337,-315,-460923
2026-08-24,美國道瓊期貨,自營商,6,0,67,-67,-71838
2026-08-24,美國道瓊期貨,投信,0,1,0,1,1067
2026-08-24,美國道瓊期貨,外資及陸資,24,129,71,58,62369
2026-08-24,美國費城半導體期貨,自營商,-4,0,476,-476,-442794
2026-08-24,美國費城半導體期貨,投信,0,0,0,0,0
2026-08-24,美國費城半導體期貨,外資及陸資,0,390,120,270,251150
2026-08-25,臺股期貨,自營商,292,5693,3192,2501,22515430
2026-08-25,臺股期貨,投信,501,79638,3329,76309,687269377
2026-08-25,臺股期貨,外資及陸資,-1880,5030,90410,-85380,-768988293
2026-08-25,電子期貨,自營商,-30,9,124,-115,-1318393
2026-08-25,電子期貨,投信,-2,147,0,147,1685414
2026-08-25,電子期貨,外資及陸資,39,28,208,-180,-2063772
2026-08-25,金融期貨,自營商,3,38,40,-2,-6462
2026-08-25,金融期貨,投信,0,34,0,34,109854
2026-08-25,金融期貨,外資及陸資,44,88,194,-106,-342486
2026-08-25,股票期貨,自營商,-2390,77555,248847,-171292,-141294468
2026-08-25,股票期貨,投信,30,2980,185,2795,5795233
2026-08-25,股票期貨,外資及陸資,1892,164056,562874,-398818,-198225520
2026-08-25,美國標普500期貨,自營商,-4,0,32,-32,-49563
2026-08-25,美國標普500期貨,投信,0,1,0,1,1536
2026-08-25,美國標普500期貨,外資及陸資,0,69,109,-40,-61259
2026-08-25,美國那斯達克100期貨,自營商,7,0,150,-150,-219726
2026-08-25,美國那斯達克100期貨,投信,0,2,0,2,2922
2026-08-25,美國那斯達克100期貨,外資及陸資,-104,27,446,-419,-612167
2026-08-25,美國道瓊期貨,自營商,-4,0,71,-71,-76279
2026-08-25,美國道瓊期貨,投信,0,1,0,1,1070
2026-08-25,美國道瓊期貨,外資及陸資,25,100,17,83,89248
2026-08-25,美國費城半導體期貨,自營商,-7,0,483,-483,-449074
2026-08-25,美國費城半導體期貨,投信,0,0,0,0,0
2026-08-25,美國費城半導體期貨,外資及陸資,-9,390,129,261,242355
2026-08-26,臺股期貨,自營商,-2666,3499,3920,-421,-3881500
2026-08-26,臺股期貨,投信,1734,81249,3206,78043,718042425
2026-08-26,臺股期貨,外資及陸資,1659,8657,92311,-83654,-769691954
2026-08-26,電子期貨,自營商,-5,6,129,-123,-1441268
2026-08-26,電子期貨,投信,1,148,0,148,1734323
2026-08-26,電子期貨,外資及陸資,19,33,194,-161,-1886663
2026-08-26,金融期貨,自營商,-40,27,59,-32,-103424
2026-08-26,金融期貨,投信,0,34,0,34,109888
2026-08-26,金融期貨,外資及陸資,14,81,173,-92,-297344
2026-08-26,股票期貨,自營商,-5045,80043,256380,-176337,-148284665
2026-08-26,股票期貨,投信,268,3248,185,3063,6068051
2026-08-26,股票期貨,外資及陸資,-6077,166278,571173,-404895,-208639647
2026-08-26,美國標普500期貨,自營商,-12,0,44,-44,-68021
2026-08-26,美國標普500期貨,投信,0,1,0,1,1536
2026-08-26,美國標普500期貨,外資及陸資,13,80,107,-27,-41216
2026-08-26,美國那斯達克100期貨,自營商,-19,0,169,-169,-247963
2026-08-26,美國那斯達克100期貨,投信,0,2,0,2,2926
2026-08-26,美國那斯達克100期貨,外資及陸資,18,38,439,-401,-586104
2026-08-26,美國道瓊期貨,自營商,15,0,56,-56,-60484
2026-08-26,美國道瓊期貨,投信,0,1,0,1,1074
2026-08-26,美國道瓊期貨,外資及陸資,-14,102,33,69,74595
2026-08-26,美國費城半導體期貨,自營商,-2,0,485,-485,-452796
2026-08-26,美國費城半導體期貨,投信,0,0,0,0,0
2026-08-26,美國費城半導體期貨,外資及陸資,0,390,129,261,243358
2026-08-27,臺股期貨,自營商,794,4142,3766,376,3450733
2026-08-27,臺股期貨,投信,-1209,80120,3286,76834,707856275
2026-08-27,臺股期貨,外資及陸資,-1148,6963,91799,-84836,-781605502
2026-08-27,電子期貨,自營商,-8,6,137,-131,-1534700
2026-08-27,電子期貨,投信,1,149,0,149,1745684
2026-08-27,電子期貨,外資及陸資,3,34,192,-158,-1851128
2026-08-27,金融期貨,自營商,4,24,52,-28,-90501
2026-08-27,金融期貨,投信,0,34,0,34,109895
2026-08-27,金融期貨,外資及陸資,-11,74,177,-103,-332916
2026-08-27,股票期貨,自營商,-13238,79025,268600,-189575,-158071117
2026-08-27,股票期貨,投信,1098,4346,185,4161,9678014
2026-08-27,股票期貨,外資及陸資,-4449,167074,576418,-409344,-214808686
2026-08-27,美國標普500期貨,自營商,10,0,34,-34,-52999
2026-08-27,美國標普500期貨,投信,0,1,0,1,1545
2026-08-27,美國標普500期貨,外資及陸資,-10,71,108,-37,-56933
2026-08-27,美國那斯達克100期貨,自營商,-58,0,227,-227,-335063
2026-08-27,美國那斯達克100期貨,投信,0,2,0,2,2945
2026-08-27,美國那斯達克100期貨,外資及陸資,-27,35,463,-428,-629601
2026-08-27,美國道瓊期貨,自營商,1,0,55,-55,-59382
2026-08-27,美國道瓊期貨,投信,0,1,0,1,1073
2026-08-27,美國道瓊期貨,外資及陸資,35,104,0,104,112118
2026-08-27,美國費城半導體期貨,自營商,-5,0,490,-490,-462874
2026-08-27,美國費城半導體期貨,投信,0,0,0,0,0
2026-08-27,美國費城半導體期貨,外資及陸資,1,392,130,262,247184
2026-08-28,臺股期貨,自營商,295,3992,3335,657,6087157
2026-08-28,臺股期貨,投信,-82,80036,3284,76752,711598492
2026-08-28,臺股期貨,外資及陸資,1137,8732,92387,-83655,-775634509
2026-08-28,電子期貨,自營商,5,6,132,-126,-1484259
2026-08-28,電子期貨,投信,-5,144,0,144,1696406
2026-08-28,電子期貨,外資及陸資,6,32,184,-152,-1790651
2026-08-28,金融期貨,自營商,-4,27,59,-32,-105056
2026-08-28,金融期貨,投信,0,34,0,34,111622
2026-08-28,金融期貨,外資及陸資,22,91,172,-81,-265923
2026-08-28,股票期貨,自營商,-3954,77739,271268,-193529,-162319796
2026-08-28,股票期貨,投信,39,4385,185,4200,9702685
2026-08-28,股票期貨,外資及陸資,-9504,170459,589307,-418848,-224142518
2026-08-28,美國標普500期貨,自營商,2,2,34,-32,-49981
2026-08-28,美國標普500期貨,投信,0,1,0,1,1548
2026-08-28,美國標普500期貨,外資及陸資,0,71,108,-37,-57016
2026-08-28,美國那斯達克100期貨,自營商,-52,0,279,-279,-415021
2026-08-28,美國那斯達克100期貨,投信,0,2,0,2,2962
2026-08-28,美國那斯達克100期貨,外資及陸資,43,44,429,-385,-569316
2026-08-28,美國道瓊期貨,自營商,16,0,39,-39,-42155
2026-08-28,美國道瓊期貨,投信,0,1,0,1,1074
2026-08-28,美國道瓊期貨,外資及陸資,-5,99,0,99,106776
2026-08-28,美國費城半導體期貨,自營商,-5,0,495,-495,-469656
2026-08-28,美國費城半導體期貨,投信,0,0,0,0,0
2026-08-28,美國費城半導體期貨,外資及陸資,1,392,129,263,249223
2026-08-31,臺股期貨,自營商,973,4825,3216,1609,14795388
2026-08-31,臺股期貨,投信,-874,79165,3287,75878,697728561
2026-08-31,臺股期貨,外資及陸資,712,8105,91075,-82970,-762991934
2026-08-31,電子期貨,自營商,14,8,123,-115,-1339953
2026-08-31,電子期貨,投信,-2,142,0,142,1654669
2026-08-31,電子期貨,外資及陸資,-18,29,199,-170,-1980942
2026-08-31,金融期貨,自營商,-24,21,77,-56,-186424
2026-08-31,金融期貨,投信,0,34,0,34,113186
2026-08-31,金融期貨,外資及陸資,50,124,155,-31,-103199
2026-08-31,股票期貨,自營商,-5711,80784,280024,-199240,-161860613
2026-08-31,股票期貨,投信,-82,4303,185,4118,9130075
2026-08-31,股票期貨,外資及陸資,-12308,171568,602724,-431156,-229053073
2026-08-31,美國標普500期貨,自營商,0,2,34,-32,-49765
2026-08-31,美國標普500期貨,投信,0,1,0,1,1541
2026-08-31,美國標普500期貨,外資及陸資,2,71,106,-35,-53671
2026-08-31,美國那斯達克100期貨,自營商,27,0,252,-252,-372547
2026-08-31,美國那斯達克100期貨,投信,0,2,0,2,2945
2026-08-31,美國那斯達克100期貨,外資及陸資,68,37,354,-317,-466295
2026-08-31,美國道瓊期貨,自營商,-5,0,44,-44,-47308
2026-08-31,美國道瓊期貨,投信,0,1,0,1,1069
2026-08-31,美國道瓊期貨,外資及陸資,-1,103,5,98,105228
2026-08-31,美國費城半導體期貨,自營商,-20,0,515,-515,-471452
2026-08-31,美國費城半導體期貨,投信,0,0,0,0,0
2026-08-31,美國費城半導體期貨,外資及陸資,-2,391,130,261,238658
2026-09-01,臺股期貨,自營商,-2405,3092,4082,-990,-9341245
2026-09-01,臺股期貨,投信,149,79188,3161,76027,717710086
2026-09-01,臺股期貨,外資及陸資,4251,9797,88503,-78706,-743054605
2026-09-01,電子期貨,自營商,-19,8,138,-130,-1562563
2026-09-01,電子期貨,投信,20,162,0,162,1947240
2026-09-01,電子期貨,外資及陸資,23,46,193,-147,-1766940
2026-09-01,金融期貨,自營商,52,56,60,-4,-13574
2026-09-01,金融期貨,投信,0,34,0,34,115376
2026-09-01,金融期貨,外資及陸資,-5,122,158,-36,-122162
2026-09-01,股票期貨,自營商,-6989,82530,288759,-206229,-168843186
2026-09-01,股票期貨,投信,-475,3843,200,3643,8671973
2026-09-01,股票期貨,外資及陸資,-8015,178146,617317,-439171,-237332278
2026-09-01,美國標普500期貨,自營商,0,2,34,-32,-49741
2026-09-01,美國標普500期貨,投信,0,1,0,1,1541
2026-09-01,美國標普500期貨,外資及陸資,3,74,106,-32,-49066
2026-09-01,美國那斯達克100期貨,自營商,10,5,247,-242,-359310
2026-09-01,美國那斯達克100期貨,投信,0,2,0,2,2956
2026-09-01,美國那斯達克100期貨,外資及陸資,-72,33,422,-389,-574496
2026-09-01,美國道瓊期貨,自營商,-4,0,48,-48,-51467
2026-09-01,美國道瓊期貨,投信,0,1,0,1,1067
2026-09-01,美國道瓊期貨,外資及陸資,-22,93,17,76,81523
2026-09-01,美國費城半導體期貨,自營商,4,0,511,-511,-474004
2026-09-01,美國費城半導體期貨,投信,0,0,0,0,0
2026-09-01,美國費城半導體期貨,外資及陸資,-3,392,134,258,239146
2026-09-02,臺股期貨,自營商,2220,4543,3434,1109,10248314
2026-09-02,臺股期貨,投信,-965,78292,3230,75062,693047446
2026-09-02,臺股期貨,外資及陸資,-5039,6686,92015,-85329,-787927558
2026-09-02,電子期貨,自營商,-10,9,146,-137,-1604201
2026-09-02,電子期貨,投信,41,203,0,203,2377211
2026-09-02,電子期貨,外資及陸資,-62,26,235,-209,-2447474
2026-09-02,金融期貨,自營商,-26,38,68,-30,-102318
2026-09-02,金融期貨,投信,0,34,0,34,115960
2026-09-02,金融期貨,外資及陸資,22,130,144,-14,-47748
2026-09-02,股票期貨,自營商,-7890,85356,299475,-214119,-166896537
2026-09-02,股票期貨,投信,145,3983,195,3788,8411257
2026-09-02,股票期貨,外資及陸資,-12203,175086,626460,-451374,-238198144
2026-09-02,美國標普500期貨,自營商,48,50,34,16,24016
2026-09-02,美國標普500期貨,投信,0,1,0,1,1529
2026-09-02,美國標普500期貨,外資及陸資,-48,32,112,-80,-122054
2026-09-02,美國那斯達克100期貨,自營商,25,0,217,-217,-317131
2026-09-02,美國那斯達克100期貨,投信,0,2,0,2,2910
2026-09-02,美國那斯達克100期貨,外資及陸資,-143,31,563,-532,-774711
2026-09-02,美國道瓊期貨,自營商,35,0,13,-13,-13825
2026-09-02,美國道瓊期貨,投信,0,1,0,1,1057
2026-09-02,美國道瓊期貨,外資及陸資,-77,60,61,-1,-817
2026-09-02,美國費城半導體期貨,自營商,-1,0,512,-512,-460124
2026-09-02,美國費城半導體期貨,投信,0,0,0,0,0
2026-09-02,美國費城半導體期貨,外資及陸資,-50,385,177,208,186699
2026-09-03,臺股期貨,自營商,96,4590,3456,1134,10410263
2026-09-03,臺股期貨,投信,-673,77604,3215,74389,681685918
2026-09-03,臺股期貨,外資及陸資,3704,7604,89179,-81575,-747632152
2026-09-03,電子期貨,自營商,-4,10,151,-141,-1631614
2026-09-03,電子期貨,投信,-12,191,0,191,2210367
2026-09-03,電子期貨,外資及陸資,-3,24,236,-212,-2453392
2026-09-03,金融期貨,自營商,13,61,78,-17,-59398
2026-09-03,金融期貨,投信,0,34,0,34,118796
2026-09-03,金融期貨,外資及陸資,32,157,139,18,62892
2026-09-03,股票期貨,自營商,19034,96487,291447,-194960,-156398793
2026-09-03,股票期貨,投信,6,3989,195,3794,8026011
2026-09-03,股票期貨,外資及陸資,-3781,187655,644144,-456489,-226396161
2026-09-03,美國標普500期貨,自營商,-17,34,35,-1,-1988
2026-09-03,美國標普500期貨,投信,0,1,0,1,1533
2026-09-03,美國標普500期貨,外資及陸資,15,47,112,-65,-99398
2026-09-03,美國那斯達克100期貨,自營商,10,0,207,-207,-303298
2026-09-03,美國那斯達克100期貨,投信,0,2,0,2,2914
2026-09-03,美國那斯達克100期貨,外資及陸資,22,32,542,-510,-744342
2026-09-03,美國道瓊期貨,自營商,0,0,13,-13,-13920
2026-09-03,美國道瓊期貨,投信,0,1,0,1,1063
2026-09-03,美國道瓊期貨,外資及陸資,16,63,48,15,16195
2026-09-03,美國費城半導體期貨,自營商,9,0,503,-503,-452298
2026-09-03,美國費城半導體期貨,投信,0,0,0,0,0
2026-09-03,美國費城半導體期貨,外資及陸資,6,380,166,214,192017
2026-09-04,臺股期貨,自營商,-1856,3338,4035,-697,-6484721
2026-09-04,臺股期貨,投信,1785,79274,3100,76174,711602273
2026-09-04,臺股期貨,外資及陸資,-880,8153,90542,-82389,-769760918
2026-09-04,電子期貨,自營商,-18,7,166,-159,-1874719
2026-09-04,電子期貨,投信,0,191,0,191,2252119
2026-09-04,電子期貨,外資及陸資,33,29,208,-179,-2110625
2026-09-04,金融期貨,自營商,-1,63,81,-18,-63453
2026-09-04,金融期貨,投信,0,34,0,34,119857
2026-09-04,金融期貨,外資及陸資,4,161,139,22,77554
2026-09-04,股票期貨,自營商,-919,97444,293323,-195879,-160865656
2026-09-04,股票期貨,投信,-165,3824,195,3629,8262025
2026-09-04,股票期貨,外資及陸資,9079,191925,639335,-447410,-231802067
2026-09-04,美國標普500期貨,自營商,0,34,35,-1,-2022
2026-09-04,美國標普500期貨,投信,0,1,0,1,1546
2026-09-04,美國標普500期貨,外資及陸資,-1,46,112,-66,-101791
2026-09-04,美國那斯達克100期貨,自營商,2,0,205,-205,-305191
2026-09-04,美國那斯達克100期貨,投信,0,2,0,2,2963
2026-09-04,美國那斯達克100期貨,外資及陸資,48,37,499,-462,-685473
2026-09-04,美國道瓊期貨,自營商,7,0,6,-6,-6488
2026-09-04,美國道瓊期貨,投信,0,1,0,1,1076
2026-09-04,美國道瓊期貨,外資及陸資,0,58,43,15,16317
2026-09-04,美國費城半導體期貨,自營商,-6,0,509,-509,-466023
2026-09-04,美國費城半導體期貨,投信,0,0,0,0,0
2026-09-04,美國費城半導體期貨,外資及陸資,12,368,142,226,206717
2026-09-07,臺股期貨,自營商,-1346,2735,4780,-2045,-19393065
2026-09-07,臺股期貨,投信,-728,78538,3092,75446,716167592
2026-09-07,臺股期貨,外資及陸資,1344,10793,90192,-79399,-753791098
2026-09-07,電子期貨,自營商,-10,7,176,-169,-2034627
2026-09-07,電子期貨,投信,-18,173,0,173,2082885
2026-09-07,電子期貨,外資及陸資,37,45,187,-142,-1709652
2026-09-07,金融期貨,自營商,-6,62,86,-24,-84629
2026-09-07,金融期貨,投信,0,34,0,34,119891
2026-09-07,金融期貨,外資及陸資,-26,141,145,-4,-14105
2026-09-07,股票期貨,自營商,-7121,95911,298911,-203000,-170442005
2026-09-07,股票期貨,投信,182,4011,200,3811,8307463
2026-09-07,股票期貨,外資及陸資,-1488,192361,641259,-448898,-239934918
2026-09-07,美國標普500期貨,自營商,0,34,35,-1,-2015
2026-09-07,美國標普500期貨,投信,0,1,0,1,1544
2026-09-07,美國標普500期貨,外資及陸資,-3,43,112,-69,-106290
2026-09-07,美國那斯達克100期貨,自營商,18,7,194,-187,-278524
2026-09-07,美國那斯達克100期貨,投信,0,2,0,2,2963
2026-09-07,美國那斯達克100期貨,外資及陸資,-48,33,543,-510,-756728
2026-09-07,美國道瓊期貨,自營商,-6,0,12,-12,-12814
2026-09-07,美國道瓊期貨,投信,0,1,0,1,1065
2026-09-07,美國道瓊期貨,外資及陸資,-23,53,61,-8,-8336
2026-09-07,美國費城半導體期貨,自營商,1,0,508,-508,-480405
2026-09-07,美國費城半導體期貨,投信,0,0,0,0,0
2026-09-07,美國費城半導體期貨,外資及陸資,9,378,143,235,221989
2026-09-08,臺股期貨,自營商,1792,3608,3788,-180,-1656509
2026-09-08,臺股期貨,投信,-848,77729,3131,74598,700604448
2026-09-08,臺股期貨,外資及陸資,-2771,10316,92578,-82262,-772700733
2026-09-08,電子期貨,自營商,-10,7,186,-179,-2130895
2026-09-08,電子期貨,投信,4,177,0,177,2107185
2026-09-08,電子期貨,外資及陸資,10,55,187,-132,-1571460
2026-09-08,金融期貨,自營商,14,82,92,-10,-35580
2026-09-08,金融期貨,投信,0,34,0,34,120972
2026-09-08,金融期貨,外資及陸資,17,152,139,13,46254
2026-09-08,股票期貨,自營商,372,99433,302061,-202628,-166201940
2026-09-08,股票期貨,投信,-2,4009,200,3809,8157141
2026-09-08,股票期貨,外資及陸資,-16533,194186,659617,-465431,-240976093
2026-09-08,美國標普500期貨,自營商,0,34,35,-1,-2014
2026-09-08,美國標普500期貨,投信,0,1,0,1,1542
2026-09-08,美國標普500期貨,外資及陸資,1,44,112,-68,-104606
2026-09-08,美國那斯達克100期貨,自營商,15,21,193,-172,-256954
2026-09-08,美國那斯達克100期貨,投信,0,2,0,2,2971
2026-09-08,美國那斯達克100期貨,外資及陸資,28,33,515,-482,-717143
2026-09-08,美國道瓊期貨,自營商,13,4,3,1,1096
2026-09-08,美國道瓊期貨,投信,0,1,0,1,1062
2026-09-08,美國道瓊期貨,外資及陸資,-26,170,204,-34,-36053
2026-09-08,美國費城半導體期貨,自營商,0,0,508,-508,-485773
2026-09-08,美國費城半導體期貨,投信,0,0,0,0,0
2026-09-08,美國費城半導體期貨,外資及陸資,11,378,132,246,234900
2026-09-09,臺股期貨,自營商,-184,3336,3712,-376,-3509638
2026-09-09,臺股期貨,投信,221,77969,3150,74819,706111187
2026-09-09,臺股期貨,外資及陸資,1164,10526,91592,-81066,-765173878
2026-09-09,電子期貨,自營商,21,8,166,-158,-1887306
2026-09-09,電子期貨,投信,-2,175,0,175,2090480
2026-09-09,電子期貨,外資及陸資,-19,45,196,-151,-1803786
2026-09-09,金融期貨,自營商,-26,66,105,-39,-136804
2026-09-09,金融期貨,投信,0,34,0,34,119265
2026-09-09,金融期貨,外資及陸資,-64,90,141,-51,-178898
2026-09-09,股票期貨,自營商,2147,99950,300431,-200481,-167226555
2026-09-09,股票期貨,投信,-51,3958,200,3758,8308380
2026-09-09,股票期貨,外資及陸資,2399,196884,659916,-463032,-243695999
2026-09-09,美國標普500期貨,自營商,13,47,35,12,17972
2026-09-09,美國標普500期貨,投信,0,1,0,1,1537
2026-09-09,美國標普500期貨,外資及陸資,-13,23,104,-81,-124406
2026-09-09,美國那斯達克100期貨,自營商,-17,0,189,-189,-280877
2026-09-09,美國那斯達克100期貨,投信,0,2,0,2,2960
2026-09-09,美國那斯達克100期貨,外資及陸資,10,32,504,-472,-699779
2026-09-09,美國道瓊期貨,自營商,6,12,5,7,7498
2026-09-09,美國道瓊期貨,投信,0,1,0,1,1057
2026-09-09,美國道瓊期貨,外資及陸資,-26,170,230,-60,-63472
2026-09-09,美國費城半導體期貨,自營商,2,0,506,-506,-483080
2026-09-09,美國費城半導體期貨,投信,0,0,0,0,0
2026-09-09,美國費城半導體期貨,外資及陸資,18,378,114,264,251513
2026-09-10,臺股期貨,自營商,1643,5007,3628,1379,12982435
2026-09-10,臺股期貨,投信,-336,77635,3152,74483,698404569
2026-09-10,臺股期貨,外資及陸資,-2049,8264,92182,-83918,-786990701
2026-09-10,電子期貨,自營商,6,17,169,-152,-1798144
2026-09-10,電子期貨,投信,-28,147,0,147,1739128
2026-09-10,電子期貨,外資及陸資,4,51,198,-147,-1739127
2026-09-10,金融期貨,自營商,-1,67,107,-40,-140768
2026-09-10,金融期貨,投信,0,34,0,34,119653
2026-09-10,金融期貨,外資及陸資,7,87,131,-44,-154845
2026-09-10,股票期貨,自營商,-2428,102322,305231,-202909,-165596417
2026-09-10,股票期貨,投信,15,3973,200,3773,8426219
2026-09-10,股票期貨,外資及陸資,-20916,196912,680860,-483948,-257709165
2026-09-10,美國標普500期貨,自營商,-2,48,38,10,14780
2026-09-10,美國標普500期貨,投信,0,1,0,1,1532
2026-09-10,美國標普500期貨,外資及陸資,3,31,109,-78,-119595
2026-09-10,美國那斯達克100期貨,自營商,-27,0,216,-216,-319452
2026-09-10,美國那斯達克100期貨,投信,0,2,0,2,2949
2026-09-10,美國那斯達克100期貨,外資及陸資,21,38,489,-451,-665848
2026-09-10,美國道瓊期貨,自營商,0,13,6,7,7466
2026-09-10,美國道瓊期貨,投信,0,1,0,1,1053
2026-09-10,美國道瓊期貨,外資及陸資,4,170,226,-56,-59010
2026-09-10,美國費城半導體期貨,自營商,8,0,498,-498,-473077
2026-09-10,美國費城半導體期貨,投信,0,0,0,0,0
2026-09-10,美國費城半導體期貨,外資及陸資,-7,379,122,257,243367
2026-09-11,臺股期貨,自營商,1380,6359,3557,2802,25946433
2026-09-11,臺股期貨,投信,204,77818,3131,74687,690334569
2026-09-11,臺股期貨,外資及陸資,-368,8242,93309,-85067,-786356004
2026-09-11,電子期貨,自營商,27,20,145,-125,-1456467
2026-09-11,電子期貨,投信,0,147,0,147,1712873
2026-09-11,電子期貨,外資及陸資,-26,25,198,-173,-2015716
2026-09-11,金融期貨,自營商,17,87,110,-23,-81774
2026-09-11,金融期貨,投信,0,34,0,34,120884
2026-09-11,金融期貨,外資及陸資,7,95,132,-37,-131545
2026-09-11,股票期貨,自營商,8731,110528,304706,-194178,-156540839
2026-09-11,股票期貨,投信,-254,3727,208,3519,8012459
2026-09-11,股票期貨,外資及陸資,-1752,196511,682211,-485700,-250371505
2026-09-11,美國標普500期貨,自營商,7,62,45,17,25330
2026-09-11,美國標普500期貨,投信,0,1,0,1,1523
2026-09-11,美國標普500期貨,外資及陸資,-6,28,112,-84,-127960
2026-09-11,美國那斯達克100期貨,自營商,18,0,198,-198,-290408
2026-09-11,美國那斯達克100期貨,投信,0,2,0,2,2919
2026-09-11,美國那斯達克100期貨,外資及陸資,28,38,461,-423,-617988
2026-09-11,美國道瓊期貨,自營商,21,28,0,28,29423
2026-09-11,美國道瓊期貨,投信,0,1,0,1,1045
2026-09-11,美國道瓊期貨,外資及陸資,-24,171,251,-80,-83820
2026-09-11,美國費城半導體期貨,自營商,14,0,484,-484,-450661
2026-09-11,美國費城半導體期貨,投信,0,0,0,0,0
2026-09-11,美國費城半導體期貨,外資及陸資,-17,370,130,240,222966
2026-09-14,臺股期貨,自營商,-849,5427,3467,1960,17965503
2026-09-14,臺股期貨,投信,-239,77583,3135,74448,682824352
2026-09-14,臺股期貨,外資及陸資,2313,9490,92148,-82658,-758065306
2026-09-14,電子期貨,自營商,-11,14,150,-136,-1566787
2026-09-14,電子期貨,投信,0,147,0,147,1694382
2026-09-14,電子期貨,外資及陸資,24,31,180,-149,-1719118
2026-09-14,金融期貨,自營商,17,128,134,-6,-22189
2026-09-14,金融期貨,投信,0,34,0,34,123128
2026-09-14,金融期貨,外資及陸資,1,105,141,-36,-130224
2026-09-14,股票期貨,自營商,6158,117107,305127,-188020,-150247678
2026-09-14,股票期貨,投信,-1591,2136,208,1928,5753703
2026-09-14,股票期貨,外資及陸資,14364,196007,667343,-471336,-241135004
2026-09-14,美國標普500期貨,自營商,11,75,47,28,41917
2026-09-14,美國標普500期貨,投信,0,1,0,1,1523
2026-09-14,美國標普500期貨,外資及陸資,-13,14,111,-97,-147832
2026-09-14,美國那斯達克100期貨,自營商,-7,0,205,-205,-298666
2026-09-14,美國那斯達克100期貨,投信,0,2,0,2,2899
2026-09-14,美國那斯達克100期貨,外資及陸資,29,44,438,-394,-571823
2026-09-14,美國道瓊期貨,自營商,24,52,0,52,55046
2026-09-14,美國道瓊期貨,投信,0,1,0,1,1052
2026-09-14,美國道瓊期貨,外資及陸資,-11,171,262,-91,-96124
2026-09-14,美國費城半導體期貨,自營商,-3,0,487,-487,-448369
2026-09-14,美國費城半導體期貨,投信,0,0,0,0,0
2026-09-14,美國費城半導體期貨,外資及陸資,-5,373,138,235,215690
2026-09-15,臺股期貨,自營商,-365,4944,3365,1579,14405521
2026-09-15,臺股期貨,投信,-2031,75600,3183,72417,662262074
2026-09-15,臺股期貨,外資及陸資,-593,10863,94086,-83223,-760884211
2026-09-15,電子期貨,自營商,16,41,161,-120,-1390730
2026-09-15,電子期貨,投信,27,174,0,174,2014746
2026-09-15,電子期貨,外資及陸資,-28,30,207,-177,-2046297
2026-09-15,金融期貨,自營商,-1,131,138,-7,-26142
2026-09-15,金融期貨,投信,0,34,0,34,122312
2026-09-15,金融期貨,外資及陸資,-55,91,182,-91,-325764
2026-09-15,股票期貨,自營商,2445,122544,308119,-185575,-148960278
2026-09-15,股票期貨,投信,-59,2077,208,1869,5378993
2026-09-15,股票期貨,外資及陸資,14773,206036,662599,-456563,-230299969
2026-09-15,美國標普500期貨,自營商,-22,75,69,6,8197
2026-09-15,美國標普500期貨,投信,0,1,0,1,1521
2026-09-15,美國標普500期貨,外資及陸資,23,33,107,-74,-112331
2026-09-15,美國那斯達克100期貨,自營商,30,55,230,-175,-256463
2026-09-15,美國那斯達克100期貨,投信,0,2,0,2,2908
2026-09-15,美國那斯達克100期貨,外資及陸資,90,48,352,-304,-442133
2026-09-15,美國道瓊期貨,自營商,1,53,0,53,55850
2026-09-15,美國道瓊期貨,投信,0,1,0,1,1046
2026-09-15,美國道瓊期貨,外資及陸資,-3,176,270,-94,-98745
2026-09-15,美國費城半導體期貨,自營商,-4,0,491,-491,-437040
2026-09-15,美國費城半導體期貨,投信,0,0,0,0,0
2026-09-15,美國費城半導體期貨,外資及陸資,-16,382,163,219,194253
2026-09-16,臺股期貨,自營商,-790,2842,3017,-175,-1602782
2026-09-16,臺股期貨,投信,629,76175,3129,73046,672899752
2026-09-16,臺股期貨,外資及陸資,2598,7805,84156,-76351,-703395432
2026-09-16,電子期貨,自營商,-6,1,144,-143,-1663032
2026-09-16,電子期貨,投信,0,174,0,174,2023550
2026-09-16,電子期貨,外資及陸資,20,58,161,-103,-1197849
2026-09-16,金融期貨,自營商,47,49,74,-25,-91000
2026-09-16,金融期貨,投信,0,34,0,34,123760
2026-09-16,金融期貨,外資及陸資,-18,86,100,-14,-50960
2026-09-16,股票期貨,自營商,808,62132,223956,-161824,-146974631
2026-09-16,股票期貨,投信,0,2077,208,1869,5366153
2026-09-16,股票期貨,外資及陸資,14551,123772,480664,-356892,-175443301
2026-09-16,美國標普500期貨,自營商,-11,66,71,-5,-8668
2026-09-16,美國標普500期貨,投信,-1,0,0,0,0
2026-09-16,美國標普500期貨,外資及陸資,14,48,108,-60,-90921
2026-09-16,美國那斯達克100期貨,自營商,-6,76,257,-181,-265357
2026-09-16,美國那斯達克100期貨,投信,-2,0,0,0,0
2026-09-16,美國那斯達克100期貨,外資及陸資,55,98,347,-249,-361700
2026-09-16,美國道瓊期貨,自營商,-7,62,16,46,48545
2026-09-16,美國道瓊期貨,投信,-1,0,0,0,0
2026-09-16,美國道瓊期貨,外資及陸資,2,170,262,-92,-96489
2026-09-16,美國費城半導體期貨,自營商,0,0,491,-491,-441085
2026-09-16,美國費城半導體期貨,投信,0,0,0,0,0
2026-09-16,美國費城半導體期貨,外資及陸資,12,372,141,231,206818
2026-09-17,臺股期貨,自營商,-444,3092,3779,-687,-6378718
2026-09-17,臺股期貨,投信,980,77058,3032,74026,687834786
2026-09-17,臺股期貨,外資及陸資,-2274,8161,86835,-78674,-731073459
2026-09-17,電子期貨,自營商,-12,1,156,-155,-1817189
2026-09-17,電子期貨,投信,8,182,0,182,2133732
2026-09-17,電子期貨,外資及陸資,-21,49,173,-124,-1453751
2026-09-17,金融期貨,自營商,-30,25,80,-55,-201663
2026-09-17,金融期貨,投信,0,34,0,34,124664
2026-09-17,金融期貨,外資及陸資,26,87,75,12,43999
2026-09-17,股票期貨,自營商,-22532,63450,247806,-184356,-156868055
2026-09-17,股票期貨,投信,-168,1909,208,1701,5127039
2026-09-17,股票期貨,外資及陸資,-15678,142865,515435,-372570,-185454878
2026-09-17,美國標普500期貨,自營商,-1,68,74,-6,-10257
2026-09-17,美國標普500期貨,投信,0,0,0,0,0
2026-09-17,美國標普500期貨,外資及陸資,0,48,108,-60,-90773
2026-09-17,美國那斯達克100期貨,自營商,-6,73,260,-187,-274795
2026-09-17,美國那斯達克100期貨,投信,0,0,0,0,0
2026-09-17,美國那斯達克100期貨,外資及陸資,-12,128,389,-261,-380909
2026-09-17,美國道瓊期貨,自營商,-9,58,21,37,38818
2026-09-17,美國道瓊期貨,投信,0,0,0,0,0
2026-09-17,美國道瓊期貨,外資及陸資,-27,169,288,-119,-123896
2026-09-17,美國費城半導體期貨,自營商,-4,0,495,-495,-449841
2026-09-17,美國費城半導體期貨,投信,0,0,0,0,0
2026-09-17,美國費城半導體期貨,外資及陸資,21,384,132,252,228267
2026-09-18,臺股期貨,自營商,-2437,2183,5375,-3192,-30271605
2026-09-18,臺股期貨,投信,1084,78053,2943,75110,712463416
2026-09-18,臺股期貨,外資及陸資,2521,10323,86433,-76110,-722001635
2026-09-18,電子期貨,自營商,-55,3,213,-210,-2516581
2026-09-18,電子期貨,投信,-2,180,0,180,2157120
2026-09-18,電子期貨,外資及陸資,64,109,169,-60,-719040
2026-09-18,金融期貨,自營商,-23,51,129,-78,-282422
2026-09-18,金融期貨,投信,0,34,0,34,123107
2026-09-18,金融期貨,外資及陸資,-41,63,92,-29,-105004
2026-09-18,股票期貨,自營商,-18479,63661,266496,-202835,-172598123
2026-09-18,股票期貨,投信,-158,1761,218,1543,5304156
2026-09-18,股票期貨,外資及陸資,-6954,157264,536788,-379524,-191830514
2026-09-18,美國標普500期貨,自營商,-2,0,80,-80,-123328
2026-09-18,美國標普500期貨,投信,0,0,0,0,0
2026-09-18,美國標普500期貨,外資及陸資,3,21,1,20,30832
2026-09-18,美國那斯達克100期貨,自營商,7,0,161,-161,-240510
2026-09-18,美國那斯達克100期貨,投信,0,0,0,0,0
2026-09-18,美國那斯達克100期貨,外資及陸資,81,38,111,-73,-109033
2026-09-18,美國道瓊期貨,自營商,28,69,0,69,72269
2026-09-18,美國道瓊期貨,投信,0,0,0,0,0
2026-09-18,美國道瓊期貨,外資及陸資,-31,12,109,-97,-101607
2026-09-18,美國費城半導體期貨,自營商,-6,7,58,-51,-48062
2026-09-18,美國費城半導體期貨,投信,0,0,0,0,0
2026-09-18,美國費城半導體期貨,外資及陸資,-6,0,90,-90,-84816
2026-09-21,臺股期貨,自營商,-138,2199,5553,-3354,-32229030
2026-09-21,臺股期貨,投信,-1091,76936,2917,74019,711367002
2026-09-21,臺股期貨,外資及陸資,2034,10318,84399,-74081,-712023417
2026-09-21,電子期貨,自營商,7,5,208,-203,-2465997
2026-09-21,電子期貨,投信,-5,175,0,175,2125970
2026-09-21,電子期貨,外資及陸資,-3,113,176,-63,-765349
2026-09-21,金融期貨,自營商,12,61,127,-66,-242445
2026-09-21,金融期貨,投信,0,34,0,34,124896
2026-09-21,金融期貨,外資及陸資,2,56,83,-27,-99182
2026-09-21,股票期貨,自營商,-26540,58588,287963,-229375,-189495107
2026-09-21,股票期貨,投信,920,2681,218,2463,5954427
2026-09-21,股票期貨,外資及陸資,1569,165510,543465,-377955,-195133695
2026-09-21,美國標普500期貨,自營商,2,0,78,-78,-120853
2026-09-21,美國標普500期貨,投信,0,0,0,0,0
2026-09-21,美國標普500期貨,外資及陸資,-12,31,24,7,10845
2026-09-21,美國那斯達克100期貨,自營商,-3,0,164,-164,-247164
2026-09-21,美國那斯達克100期貨,投信,0,0,0,0,0
2026-09-21,美國那斯達克100期貨,外資及陸資,8,1,68,-67,-100958
2026-09-21,美國道瓊期貨,自營商,-3,66,0,66,69032
2026-09-21,美國道瓊期貨,投信,0,0,0,0,0
2026-09-21,美國道瓊期貨,外資及陸資,-57,12,164,-152,-158971
2026-09-21,美國費城半導體期貨,自營商,-6,7,64,-57,-55495
2026-09-21,美國費城半導體期貨,投信,0,0,0,0,0
2026-09-21,美國費城半導體期貨,外資及陸資,9,9,109,-100,-97360
2026-09-22,臺股期貨,自營商,-106,2314,5772,-3458,-33347043
2026-09-22,臺股期貨,投信,-42,76891,2914,73977,713508165
2026-09-22,臺股期貨,外資及陸資,-1482,10740,86308,-75568,-728920843
2026-09-22,電子期貨,自營商,-41,3,247,-244,-2992119
2026-09-22,電子期貨,投信,2,177,0,177,2170586
2026-09-22,電子期貨,外資及陸資,57,170,176,-6,-73579
2026-09-22,金融期貨,自營商,7,61,120,-59,-214689
2026-09-22,金融期貨,投信,0,34,0,34,123719
2026-09-22,金融期貨,外資及陸資,-59,56,142,-86,-312937
2026-09-22,股票期貨,自營商,-5621,61092,296088,-234996,-195145002
2026-09-22,股票期貨,投信,1459,4140,218,3922,7403137
2026-09-22,股票期貨,外資及陸資,-12159,173289,563403,-390114,-210706190
2026-09-22,美國標普500期貨,自營商,0,0,78,-78,-122304
2026-09-22,美國標普500期貨,投信,0,0,0,0,0
2026-09-22,美國標普500期貨,外資及陸資,0,30,23,7,10976
2026-09-22,美國那斯達克100期貨,自營商,-37,0,201,-201,-310073
2026-09-22,美國那斯達克100期貨,投信,0,0,0,0,0
2026-09-22,美國那斯達克100期貨,外資及陸資,-29,9,105,-96,-148038
2026-09-22,美國道瓊期貨,自營商,-1,65,0,65,68205
2026-09-22,美國道瓊期貨,投信,0,0,0,0,0
2026-09-22,美國道瓊期貨,外資及陸資,2,9,159,-150,-157354
2026-09-22,美國費城半導體期貨,自營商,-6,4,67,-63,-62927
2026-09-22,美國費城半導體期貨,投信,0,0,0,0,0
2026-09-22,美國費城半導體期貨,外資及陸資,-3,4,107,-103,-102941
2026-09-23,臺股期貨,自營商,441,2381,5437,-3056,-29522001
2026-09-23,臺股期貨,投信,-418,76472,2913,73559,710756482
2026-09-23,臺股期貨,外資及陸資,-518,10855,86939,-76084,-735230706
2026-09-23,電子期貨,自營商,19,6,220,-214,-2636892
2026-09-23,電子期貨,投信,0,177,0,177,2181065
2026-09-23,電子期貨,外資及陸資,-28,144,178,-34,-418961
2026-09-23,金融期貨,自營商,-21,31,121,-90,-325098
2026-09-23,金融期貨,投信,0,34,0,34,122815
2026-09-23,金融期貨,外資及陸資,-17,73,176,-103,-372056
2026-09-23,股票期貨,自營商,1427,67379,300948,-233569,-198346562
2026-09-23,股票期貨,投信,478,4618,218,4400,8135117
2026-09-23,股票期貨,外資及陸資,-18182,168302,576598,-408296,-213775783
2026-09-23,美國標普500期貨,自營商,8,0,70,-70,-109718
2026-09-23,美國標普500期貨,投信,0,0,0,0,0
2026-09-23,美國標普500期貨,外資及陸資,-10,20,23,-3,-4702
2026-09-23,美國那斯達克100期貨,自營商,-22,0,223,-223,-346375
2026-09-23,美國那斯達克100期貨,投信,0,0,0,0,0
2026-09-23,美國那斯達克100期貨,外資及陸資,39,33,90,-57,-88356
2026-09-23,美國道瓊期貨,自營商,-42,43,20,23,23885
2026-09-23,美國道瓊期貨,投信,0,0,0,0,0
2026-09-23,美國道瓊期貨,外資及陸資,13,40,177,-137,-143234
2026-09-23,美國費城半導體期貨,自營商,-10,4,77,-73,-74565
2026-09-23,美國費城半導體期貨,投信,0,0,0,0,0
2026-09-23,美國費城半導體期貨,外資及陸資,6,25,122,-97,-99109
2026-09-24,臺股期貨,自營商,1450,3312,4832,-1520,-14612726
2026-09-24,臺股期貨,投信,-695,75780,2916,72864,701316000
2026-09-24,臺股期貨,外資及陸資,-909,9675,86706,-77031,-741508532
2026-09-24,電子期貨,自營商,28,14,200,-186,-2280259
2026-09-24,電子期貨,投信,0,177,0,177,2170020
2026-09-24,電子期貨,外資及陸資,-44,99,177,-78,-956280
2026-09-24,金融期貨,自營商,-6,28,124,-96,-344333
2026-09-24,金融期貨,投信,0,34,0,34,121951
2026-09-24,金融期貨,外資及陸資,-6,68,177,-109,-390962
2026-09-24,股票期貨,自營商,-7266,67866,308701,-240835,-204592653
2026-09-24,股票期貨,投信,111,4729,218,4511,9582841
2026-09-24,股票期貨,外資及陸資,-3692,172059,584047,-411988,-217872148
2026-09-24,美國標普500期貨,自營商,8,0,62,-62,-96209
2026-09-24,美國標普500期貨,投信,0,0,0,0,0
2026-09-24,美國標普500期貨,外資及陸資,-8,12,23,-11,-17069
2026-09-24,美國那斯達克100期貨,自營商,73,0,150,-150,-230384
2026-09-24,美國那斯達克100期貨,投信,0,0,0,0,0
2026-09-24,美國那斯達克100期貨,外資及陸資,-180,16,253,-237,-363737
2026-09-24,美國道瓊期貨,自營商,-5,38,20,18,18465
2026-09-24,美國道瓊期貨,投信,0,0,0,0,0
2026-09-24,美國道瓊期貨,外資及陸資,-10,43,190,-147,-152197
2026-09-24,美國費城半導體期貨,自營商,-13,0,86,-86,-86839
2026-09-24,美國費城半導體期貨,投信,0,0,0,0,0
2026-09-24,美國費城半導體期貨,外資及陸資,5,66,158,-92,-92874
2026-09-29,臺股期貨,自營商,981,3465,3953,-488,-4653317
2026-09-29,臺股期貨,投信,-52,75767,2955,72812,695806034
2026-09-29,臺股期貨,外資及陸資,-1009,8788,87817,-79029,-755298847
2026-09-29,電子期貨,自營商,1,11,196,-185,-2249869
2026-09-29,電子期貨,投信,0,177,0,177,2152674
2026-09-29,電子期貨,外資及陸資,0,81,159,-78,-948636
2026-09-29,金融期貨,自營商,14,44,126,-82,-292462
2026-09-29,金融期貨,投信,0,34,0,34,121264
2026-09-29,金融期貨,外資及陸資,-26,73,208,-135,-481491
2026-09-29,股票期貨,自營商,-5692,68689,315216,-246527,-199039592
2026-09-29,股票期貨,投信,181,4910,218,4692,10563909
2026-09-29,股票期貨,外資及陸資,-4862,170235,587085,-416850,-220063564
2026-09-29,美國標普500期貨,自營商,0,0,62,-62,-95902
2026-09-29,美國標普500期貨,投信,1,1,0,1,1547
2026-09-29,美國標普500期貨,外資及陸資,-2,11,24,-13,-20108
2026-09-29,美國那斯達克100期貨,自營商,57,16,109,-93,-141678
2026-09-29,美國那斯達克100期貨,投信,2,2,0,2,3045
2026-09-29,美國那斯達克100期貨,外資及陸資,29,12,220,-208,-316509
2026-09-29,美國道瓊期貨,自營商,-10,28,20,8,8091
2026-09-29,美國道瓊期貨,投信,1,1,0,1,1035
2026-09-29,美國道瓊期貨,外資及陸資,-9,34,190,-156,-161288
2026-09-29,美國費城半導體期貨,自營商,-1,0,87,-87,-86736
2026-09-29,美國費城半導體期貨,投信,0,0,0,0,0
2026-09-29,美國費城半導體期貨,外資及陸資,3,71,160,-89,-88690
2026-09-30,臺股期貨,自營商,-536,3182,4252,-1070,-10326194
2026-09-30,臺股期貨,投信,1027,76739,2900,73839,713727774
2026-09-30,臺股期貨,外資及陸資,846,12351,90502,-78151,-755498847
2026-09-30,電子期貨,自營商,-20,5,214,-209,-2563535
2026-09-30,電子期貨,投信,-11,166,0,166,2036189
2026-09-30,電子期貨,外資及陸資,34,108,152,-44,-539712
2026-09-30,金融期貨,自營商,15,61,133,-72,-255744
2026-09-30,金融期貨,投信,0,34,0,34,120768
2026-09-30,金融期貨,外資及陸資,-60,81,276,-195,-692640
2026-09-30,股票期貨,自營商,-4642,69444,320613,-251169,-199751680
2026-09-30,股票期貨,投信,0,4910,218,4692,10694574
2026-09-30,股票期貨,外資及陸資,-6916,174753,598519,-423766,-233312536
2026-09-30,美國標普500期貨,自營商,0,0,62,-62,-96050
2026-09-30,美國標普500期貨,投信,0,1,0,1,1549
2026-09-30,美國標普500期貨,外資及陸資,0,11,24,-13,-20140
2026-09-30,美國那斯達克100期貨,自營商,-20,0,113,-113,-173346
2026-09-30,美國那斯達克100期貨,投信,0,2,0,2,3066
2026-09-30,美國那斯達克100期貨,外資及陸資,-23,11,242,-231,-353998
2026-09-30,美國道瓊期貨,自營商,3,31,20,11,11229
2026-09-30,美國道瓊期貨,投信,0,1,0,1,1039
2026-09-30,美國道瓊期貨,外資及陸資,-19,31,206,-175,-181520
2026-09-30,美國費城半導體期貨,自營商,-5,0,92,-92,-93825
2026-09-30,美國費城半導體期貨,投信,0,0,0,0,0
2026-09-30,美國費城半導體期貨,外資及陸資,-3,74,166,-92,-93798
2026-10-01,臺股期貨,自營商,-355,3251,4691,-1440,-14013545
2026-10-01,臺股期貨,投信,776,77476,2861,74615,726720254
2026-10-01,臺股期貨,外資及陸資,-1389,12373,91927,-79554,-774905393
2026-10-01,電子期貨,自營商,8,12,213,-201,-2496278
2026-10-01,電子期貨,投信,0,166,0,166,2061687
2026-10-01,電子期貨,外資及陸資,-18,86,148,-62,-770027
2026-10-01,金融期貨,自營商,19,61,114,-53,-187174
2026-10-01,金融期貨,投信,0,34,0,34,120074
2026-10-01,金融期貨,外資及陸資,-37,68,300,-232,-819331
2026-10-01,股票期貨,自營商,-1790,72508,325396,-252888,-205607921
2026-10-01,股票期貨,投信,-208,4702,218,4484,10863632
2026-10-01,股票期貨,外資及陸資,-10895,178465,613138,-434673,-238058414
2026-10-01,美國標普500期貨,自營商,-1,0,63,-63,-97760
2026-10-01,美國標普500期貨,投信,0,1,0,1,1552
2026-10-01,美國標普500期貨,外資及陸資,-1,10,24,-14,-21724
2026-10-01,美國那斯達克100期貨,自營商,-11,0,124,-124,-192896
2026-10-01,美國那斯達克100期貨,投信,0,2,0,2,3109
2026-10-01,美國那斯達克100期貨,外資及陸資,88,7,150,-143,-222172
2026-10-01,美國道瓊期貨,自營商,-4,28,21,7,7005
2026-10-01,美國道瓊期貨,投信,0,1,0,1,1030
2026-10-01,美國道瓊期貨,外資及陸資,-32,26,233,-207,-212997
2026-10-01,美國費城半導體期貨,自營商,-9,0,101,-101,-105202
2026-10-01,美國費城半導體期貨,投信,0,0,0,0,0
2026-10-01,美國費城半導體期貨,外資及陸資,2,73,163,-90,-93716
2026-10-02,臺股期貨,自營商,428,3340,4346,-1006,-9789836
2026-10-02,臺股期貨,投信,54,77530,2861,74669,726813112
2026-10-02,臺股期貨,外資及陸資,-802,11893,92197,-80304,-781742101
2026-10-02,電子期貨,自營商,4,17,214,-197,-2443802
2026-10-02,電子期貨,投信,0,166,0,166,2059330
2026-10-02,電子期貨,外資及陸資,-18,71,151,-80,-992448
2026-10-02,金融期貨,自營商,-7,52,112,-60,-211608
2026-10-02,金融期貨,投信,0,34,0,34,119911
2026-10-02,金融期貨,外資及陸資,-13,65,310,-245,-864066
2026-10-02,股票期貨,自營商,-13050,70728,336666,-265938,-213549108
2026-10-02,股票期貨,投信,86,4788,218,4570,11112160
2026-10-02,股票期貨,外資及陸資,-3960,184190,622823,-438633,-245747273
2026-10-02,美國標普500期貨,自營商,6,0,57,-57,-88199
2026-10-02,美國標普500期貨,投信,0,1,0,1,1547
2026-10-02,美國標普500期貨,外資及陸資,-5,2,21,-19,-29399
2026-10-02,美國那斯達克100期貨,自營商,-45,0,169,-169,-261286
2026-10-02,美國那斯達克100期貨,投信,0,2,0,2,3092
2026-10-02,美國那斯達克100期貨,外資及陸資,73,17,87,-70,-108173
2026-10-02,美國道瓊期貨,自營商,-19,13,25,-12,-12576
2026-10-02,美國道瓊期貨,投信,0,1,0,1,1028
2026-10-02,美國道瓊期貨,外資及陸資,15,21,213,-192,-197263
2026-10-02,美國費城半導體期貨,自營商,10,5,96,-91,-94640
2026-10-02,美國費城半導體期貨,投信,0,0,0,0,0
2026-10-02,美國費城半導體期貨,外資及陸資,2,85,173,-88,-91492
